vehicle_vin,session_id,station_id,charger_id,start_time,duration_mins,kwh_consumed,power_kw,charging_pattern,assigned_day_index,station_temp_c,cost_vnd,status,soft_overlap_flag,event_sequence_index,subject_zone
VF8VNF_0001,2_39_78_367_2018-04-26 15:56:03.627143,VG_STA_0002_caltech,CA-494,2025-12-31T18:09:00,153.93333333333334,2.68,1.04,overnight_deep_charge,0,49.87,8308.0,COMPLETED,False,0,EU
VF8VNF_0001,2_39_90_440_2018-04-26 16:38:46.876156,VG_STA_0002_caltech,CA-500,2026-01-01T20:27:00,490.28333333333336,4.263,0.52,overnight_deep_charge,1,30.4,13215.0,COMPLETED,False,0,EU
VF8VNF_0001,2_39_128_18_2018-04-26 02:25:13.890489,VG_STA_0002_caltech,CA-308,2026-01-02T12:13:00,11.166666666666666,1.155,6.21,opportunity_fast_charge,1,43.53,3580.0,COMPLETED,False,1,EU
VF8VNF_0001,2_39_89_439_2018-04-26 17:26:50.303622,VG_STA_0002_caltech,CA-501,2026-01-02T18:33:00,463.73333333333335,18.861,2.44,overnight_deep_charge,2,34.02,58469.0,COMPLETED,False,0,EU
VF8VNF_0001,2_39_127_19_2018-04-27 14:14:38.589847,VG_STA_0002_caltech,CA-309,2026-01-03T11:51:00,69.75,3.981,3.42,opportunity_fast_charge,2,40.68,12341.0,COMPLETED,False,1,EU
VF8VNF_0001,2_39_123_557_2018-04-26 17:39:41.691514,VG_STA_0002_caltech,CA-503,2026-01-03T18:55:00,417.48333333333335,5.728,0.82,overnight_deep_charge,3,40.79,17757.0,COMPLETED,False,0,EU
VF8VNF_0001,2_39_131_30_2018-04-27 15:16:02.742679,VG_STA_0002_caltech,CA-305,2026-01-04T18:17:00,395.0833333333333,10.978,1.67,overnight_deep_charge,4,33.08,34032.0,COMPLETED,False,0,EU
VF8VNF_0001,2_39_124_22_2018-04-28 13:08:46.118367,VG_STA_0002_caltech,CA-312,2026-01-05T13:31:00,20.566666666666666,2.284,6.66,opportunity_fast_charge,4,38.44,7080.0,COMPLETED,False,1,EU
VF8VNF_0001,2_39_79_381_2018-04-27 16:38:51.959294,VG_STA_0002_caltech,CA-490,2026-01-05T20:15:00,238.41666666666666,2.485,0.63,overnight_deep_charge,5,42.13,7704.0,COMPLETED,False,0,EU
VF8VNF_0001,2_39_139_28_2018-04-28 17:46:54.027865,VG_STA_0002_caltech,CA-303,2026-01-06T12:22:00,71.26666666666667,7.292,6.14,opportunity_fast_charge,5,65.0,22605.0,COMPLETED,False,1,EU
VF8VNF_0001,2_39_78_363_2018-04-27 18:32:36.038417,VG_STA_0002_caltech,CA-320,2026-01-06T18:37:00,308.9166666666667,2.848,0.55,overnight_deep_charge,6,51.5,8829.0,COMPLETED,False,0,EU
VF8VNF_0001,2_39_125_21_2018-04-28 20:13:02.549509,VG_STA_0002_caltech,CA-311,2026-01-07T10:35:00,16.133333333333333,1.745,6.49,opportunity_fast_charge,6,25.82,5410.0,COMPLETED,False,1,EU
VF8VNF_0001,2_39_127_19_2018-04-29 17:25:13.845569,VG_STA_0002_caltech,CA-309,2026-01-07T18:47:00,163.83333333333334,8.838,3.24,overnight_deep_charge,7,42.3,27398.0,COMPLETED,False,0,EU
VF8VNF_0001,2_39_139_28_2018-04-30 15:36:43.210995,VG_STA_0002_caltech,CA-303,2026-01-08T21:47:00,260.15,5.494,1.27,overnight_deep_charge,8,65.0,17031.0,COMPLETED,False,0,EU
VF8VNF_0001,2_39_127_19_2018-04-29 20:26:32.616385,VG_STA_0002_caltech,CA-309,2026-01-09T10:15:00,78.86666666666666,8.84,6.73,opportunity_fast_charge,8,41.81,27404.0,COMPLETED,False,1,EU
VF8VNF_0001,2_39_78_361_2018-04-30 15:47:36.417223,VG_STA_0002_caltech,CA-493,2026-01-09T18:59:00,529.9166666666666,2.69,0.3,overnight_deep_charge,9,33.13,8339.0,COMPLETED,False,0,EU
VF8VNF_0001,2_39_129_17_2018-05-01 01:31:03.442958,VG_STA_0002_caltech,CA-307,2026-01-10T11:09:00,38.7,1.851,2.87,opportunity_fast_charge,9,55.03,5738.0,COMPLETED,False,1,EU
VF8VNF_0001,2_39_88_24_2018-05-01 15:14:50.443137,VG_STA_0002_caltech,CA-314,2026-01-10T18:33:00,456.6666666666667,13.785,1.81,overnight_deep_charge,10,53.63,42734.0,COMPLETED,False,0,EU
VF8VNF_0001,2_39_95_27_2018-05-02 04:06:36.985133,VG_STA_0002_caltech,CA-319,2026-01-11T12:01:00,69.48333333333333,7.9,6.82,opportunity_fast_charge,10,56.01,24490.0,COMPLETED,False,1,EU
VF8VNF_0001,2_39_79_381_2018-05-01 15:21:51.892947,VG_STA_0002_caltech,CA-490,2026-01-11T21:20:00,614.55,1.051,0.1,overnight_deep_charge,11,44.12,3258.0,COMPLETED,False,0,EU
VF8VNF_0001,2_39_124_22_2018-05-01 17:09:09.120419,VG_STA_0002_caltech,CA-312,2026-01-12T20:21:00,433.0833333333333,1.943,0.27,overnight_deep_charge,12,52.05,6023.0,COMPLETED,False,0,EU
VF8VNF_0001,2_39_130_31_2018-05-03 02:32:40.995608,VG_STA_0002_caltech,CA-306,2026-01-13T13:55:00,39.15,2.258,3.46,opportunity_fast_charge,12,46.06,7000.0,COMPLETED,False,1,EU
VF8VNF_0001,2_39_90_440_2018-05-02 15:53:26.925427,VG_STA_0002_caltech,CA-500,2026-01-13T20:49:00,479.73333333333335,18.201,2.28,overnight_deep_charge,13,54.11,56423.0,COMPLETED,False,0,EU
VF8VNF_0001,2_39_89_25_2018-05-04 00:29:16.457058,VG_STA_0002_caltech,CA-315,2026-01-14T13:39:00,9.033333333333333,0.886,5.88,opportunity_fast_charge,13,34.05,2747.0,COMPLETED,False,1,EU
VF8VNF_0001,2_39_95_444_2018-05-02 16:09:21.728879,VG_STA_0002_caltech,CA-497,2026-01-14T18:26:00,148.43333333333334,4.426,1.79,overnight_deep_charge,14,56.62,13721.0,COMPLETED,False,0,EU
VF8VNF_0002,2_39_79_380_2018-05-03 13:45:24.399914,VG_STA_0002_caltech,CA-489,2025-12-31T19:59:00,290.05,7.508,1.55,overnight_deep_charge,0,49.85,23275.0,COMPLETED,False,0,EU
VF8VNF_0002,2_39_89_25_2018-05-04 13:24:20.485992,VG_STA_0002_caltech,CA-315,2026-01-01T13:01:00,73.56666666666666,4.177,3.41,opportunity_fast_charge,0,47.94,12949.0,COMPLETED,False,1,EU
VF8VNF_0002,2_39_123_557_2018-05-03 15:36:09.605954,VG_STA_0002_caltech,CA-503,2026-01-01T21:25:00,222.38333333333333,0.807,0.22,overnight_deep_charge,1,42.7,2502.0,COMPLETED,False,0,EU
VF8VNF_0002,2_39_79_383_2018-05-05 19:50:25.276410,VG_STA_0002_caltech,CA-492,2026-01-02T13:20:00,38.68333333333333,2.14,3.32,opportunity_fast_charge,1,46.82,6634.0,COMPLETED,False,1,EU
VF8VNF_0002,2_39_79_378_2018-05-03 16:57:57.831157,VG_STA_0002_caltech,CA-326,2026-01-02T18:05:00,486.75,7.493,0.92,overnight_deep_charge,2,55.01,23228.0,COMPLETED,False,0,EU
VF8VNF_0002,2_39_123_557_2018-05-03 19:24:50.966672,VG_STA_0002_caltech,CA-503,2026-01-03T18:07:00,235.41666666666666,1.45,0.37,overnight_deep_charge,3,46.24,4495.0,COMPLETED,False,0,EU
VF8VNF_0002,2_39_79_378_2018-05-04 03:24:59.597398,VG_STA_0002_caltech,CA-326,2026-01-04T18:32:00,669.8333333333334,6.577,0.59,overnight_deep_charge,4,38.36,20389.0,COMPLETED,False,0,EU
VF8VNF_0002,2_39_129_17_2018-05-04 04:42:15.415543,VG_STA_0002_caltech,CA-307,2026-01-05T19:43:00,583.3666666666667,13.991,1.44,overnight_deep_charge,5,51.17,43372.0,COMPLETED,False,0,EU
VF8VNF_0002,2_39_95_27_2018-05-04 14:18:41.193707,VG_STA_0002_caltech,CA-319,2026-01-06T19:53:00,592.0833333333334,9.845,1.0,overnight_deep_charge,6,43.91,30520.0,COMPLETED,False,0,EU
VF8VNF_0002,2_39_130_31_2018-05-05 21:01:17.687087,VG_STA_0002_caltech,CA-306,2026-01-07T12:07:00,80.31666666666666,6.983,5.22,opportunity_fast_charge,6,58.89,21647.0,COMPLETED,False,1,EU
VF8VNF_0002,2_39_78_361_2018-05-04 16:14:27.576649,VG_STA_0002_caltech,CA-493,2026-01-07T20:20:00,539.1166666666667,8.212,0.91,overnight_deep_charge,7,41.73,25457.0,COMPLETED,False,0,EU
VF8VNF_0002,2_39_90_440_2018-05-04 16:31:02.928398,VG_STA_0002_caltech,CA-500,2026-01-08T19:36:00,642.5333333333333,4.806,0.45,overnight_deep_charge,8,31.03,14899.0,COMPLETED,False,0,EU
VF8VNF_0002,2_39_126_20_2018-05-05 22:43:36.275949,VG_STA_0002_caltech,CA-310,2026-01-09T13:20:00,88.6,9.672,6.55,opportunity_fast_charge,8,41.55,29983.0,COMPLETED,False,1,EU
VF8VNF_0002,2_39_128_18_2018-05-06 16:24:55.111425,VG_STA_0002_caltech,CA-308,2026-01-09T19:35:00,161.7,13.917,5.16,overnight_deep_charge,9,51.79,43143.0,COMPLETED,False,0,EU
VF8VNF_0002,2_39_89_25_2018-05-06 05:47:24.300976,VG_STA_0002_caltech,CA-315,2026-01-10T10:24:00,6.633333333333334,0.69,6.24,opportunity_fast_charge,9,44.21,2139.0,COMPLETED,False,1,EU
VF8VNF_0002,2_39_131_30_2018-05-08 00:25:32.559710,VG_STA_0002_caltech,CA-305,2026-01-10T21:01:00,765.5333333333333,13.968,1.09,overnight_deep_charge,10,53.16,43301.0,COMPLETED,False,0,EU
VF8VNF_0002,2_39_138_29_2018-05-08 02:24:05.959372,VG_STA_0002_caltech,CA-304,2026-01-11T21:44:00,188.9,10.405,3.3,overnight_deep_charge,11,41.17,32255.0,COMPLETED,False,0,EU
VF8VNF_0002,2_39_89_25_2018-05-06 19:44:52.009735,VG_STA_0002_caltech,CA-315,2026-01-12T12:26:00,32.25,3.517,6.54,opportunity_fast_charge,11,52.34,10903.0,COMPLETED,False,1,EU
VF8VNF_0002,2_39_139_28_2018-05-08 05:35:37.904280,VG_STA_0002_caltech,CA-303,2026-01-12T19:50:00,572.3833333333333,13.938,1.46,overnight_deep_charge,12,40.55,43208.0,COMPLETED,False,0,EU
VF8VNF_0002,2_39_123_23_2018-05-07 13:18:55.316809,VG_STA_0002_caltech,CA-313,2026-01-13T11:23:00,69.1,3.768,3.27,opportunity_fast_charge,12,53.91,11681.0,COMPLETED,False,1,EU
VF8VNF_0002,2_39_130_564_2018-05-08 20:02:04.106197,VG_STA_0002_caltech,CA-510,2026-01-13T20:36:00,163.23333333333332,7.149,2.63,overnight_deep_charge,13,43.97,22162.0,COMPLETED,False,0,EU
VF8VNF_0002,2_39_131_30_2018-05-08 19:28:28.911165,VG_STA_0002_caltech,CA-305,2026-01-14T13:11:00,13.6,0.694,3.06,opportunity_fast_charge,13,65.0,2151.0,COMPLETED,False,1,EU
VF8VNF_0002,2_39_127_19_2018-05-08 22:28:19.156702,VG_STA_0002_caltech,CA-309,2026-01-14T21:15:00,161.63333333333333,12.469,4.63,overnight_deep_charge,14,40.55,38654.0,COMPLETED,False,0,EU
VF8VNF_0003,2_39_90_440_2018-05-09 01:23:31.127524,VG_STA_0002_caltech,CA-500,2025-12-31T19:04:00,223.9,13.114,3.51,overnight_deep_charge,0,65.0,40653.0,COMPLETED,False,0,EU
VF8VNF_0003,2_39_139_28_2018-05-09 01:37:24.450638,VG_STA_0002_caltech,CA-303,2026-01-01T20:17:00,172.35,6.791,2.36,overnight_deep_charge,1,25.87,21052.0,COMPLETED,False,0,EU
VF8VNF_0003,2_39_131_565_2018-05-09 16:55:34.637433,VG_STA_0002_caltech,CA-511,2026-01-02T18:58:00,413.03333333333336,11.267,1.64,overnight_deep_charge,2,41.36,34928.0,COMPLETED,False,0,EU
VF8VNF_0003,2_39_92_442_2018-05-09 00:39:22.602495,VG_STA_0002_caltech,CA-498,2026-01-03T11:59:00,30.133333333333333,2.918,5.81,opportunity_fast_charge,2,45.19,9046.0,COMPLETED,False,1,EU
VF8VNF_0003,2_39_78_366_2018-05-10 12:01:23.693729,VG_STA_0002_caltech,CA-323,2026-01-03T20:28:00,571.9333333333333,11.529,1.21,overnight_deep_charge,3,36.53,35740.0,COMPLETED,False,0,EU
VF8VNF_0003,2_39_124_22_2018-05-10 15:53:18.075501,VG_STA_0002_caltech,CA-312,2026-01-04T19:31:00,498.76666666666665,14.001,1.68,overnight_deep_charge,4,54.9,43403.0,COMPLETED,False,0,EU
VF8VNF_0003,2_39_125_559_2018-05-09 21:01:59.249564,VG_STA_0002_caltech,CA-505,2026-01-05T12:15:00,53.2,1.135,1.28,opportunity_fast_charge,4,54.39,3518.0,COMPLETED,False,1,EU
VF8VNF_0003,2_39_123_557_2018-05-10 18:24:55.693556,VG_STA_0002_caltech,CA-503,2026-01-05T19:07:00,405.43333333333334,9.369,1.39,overnight_deep_charge,5,64.91,29044.0,COMPLETED,False,0,EU
VF8VNF_0003,2_39_138_29_2018-05-10 01:49:53.783140,VG_STA_0002_caltech,CA-304,2026-01-06T13:41:00,77.5,8.419,6.52,opportunity_fast_charge,5,62.8,26099.0,COMPLETED,False,1,EU
VF8VNF_0003,2_39_131_30_2018-05-11 05:44:52.873645,VG_STA_0002_caltech,CA-305,2026-01-06T20:55:00,584.15,13.947,1.43,overnight_deep_charge,6,47.74,43236.0,COMPLETED,False,0,EU
VF8VNF_0003,2_39_78_366_2018-05-11 11:45:07.834134,VG_STA_0002_caltech,CA-323,2026-01-07T18:28:00,330.96666666666664,11.477,2.08,overnight_deep_charge,7,28.3,35579.0,COMPLETED,False,0,EU
VF8VNF_0003,2_39_79_378_2018-05-11 15:27:41.302523,VG_STA_0002_caltech,CA-326,2026-01-08T20:46:00,471.3833333333333,6.994,0.89,overnight_deep_charge,8,36.85,21681.0,COMPLETED,False,0,EU
VF8VNF_0003,2_39_123_23_2018-05-10 02:57:21.240369,VG_STA_0002_caltech,CA-313,2026-01-09T13:11:00,46.5,4.668,6.02,opportunity_fast_charge,8,29.54,14471.0,COMPLETED,False,1,EU
VF8VNF_0003,2_39_91_441_2018-05-11 23:16:43.565900,VG_STA_0002_caltech,CA-499,2026-01-09T20:40:00,120.35,4.368,2.18,overnight_deep_charge,9,45.83,13541.0,COMPLETED,False,0,EU
VF8VNF_0003,2_39_131_30_2018-05-12 02:08:26.220664,VG_STA_0002_caltech,CA-305,2026-01-10T21:31:00,225.38333333333333,11.674,3.11,overnight_deep_charge,10,44.22,36189.0,COMPLETED,False,0,EU
VF8VNF_0003,2_39_79_383_2018-05-14 15:13:52.368099,VG_STA_0002_caltech,CA-492,2026-01-11T20:34:00,714.3833333333333,23.343,1.96,overnight_deep_charge,11,41.65,72363.0,COMPLETED,False,0,EU
VF8VNF_0003,2_39_129_17_2018-05-10 03:10:19.929032,VG_STA_0002_caltech,CA-307,2026-01-12T10:29:00,46.833333333333336,2.813,3.6,opportunity_fast_charge,11,34.11,8720.0,COMPLETED,False,1,EU
VF8VNF_0003,2_39_131_30_2018-05-14 15:43:29.234340,VG_STA_0002_caltech,CA-305,2026-01-12T20:49:00,436.31666666666666,9.702,1.33,overnight_deep_charge,12,58.81,30076.0,COMPLETED,False,0,EU
VF8VNF_0003,2_39_138_29_2018-05-11 03:24:32.727246,VG_STA_0002_caltech,CA-304,2026-01-13T11:51:00,75.46666666666667,8.468,6.73,opportunity_fast_charge,12,45.87,26251.0,COMPLETED,False,1,EU
VF8VNF_0003,2_39_78_365_2018-05-14 17:56:52.307429,VG_STA_0002_caltech,CA-321,2026-01-13T21:16:00,440.73333333333335,5.328,0.73,overnight_deep_charge,13,23.22,16517.0,COMPLETED,False,0,EU
VF8VNF_0003,2_39_79_381_2018-05-15 11:32:35.932829,VG_STA_0002_caltech,CA-490,2026-01-14T20:15:00,670.9666666666667,24.878,2.22,overnight_deep_charge,14,40.83,77122.0,COMPLETED,False,0,EU
VF8VNF_0003,2_39_138_29_2018-05-12 17:03:26.577483,VG_STA_0002_caltech,CA-304,2026-01-15T11:43:00,42.81666666666667,4.026,5.64,opportunity_fast_charge,14,33.78,12481.0,COMPLETED,False,1,EU
VF8VNF_0004,2_39_79_377_2018-05-15 11:52:57.366151,VG_STA_0002_caltech,CA-325,2025-12-31T18:34:00,575.5333333333333,11.653,1.21,overnight_deep_charge,0,47.42,36124.0,COMPLETED,False,0,EU
VF8VNF_0004,2_39_95_27_2018-05-12 22:02:20.317626,VG_STA_0002_caltech,CA-319,2026-01-01T11:51:00,27.533333333333335,3.066,6.68,opportunity_fast_charge,0,41.06,9505.0,COMPLETED,False,1,EU
VF8VNF_0004,2_39_127_561_2018-05-15 16:21:12.161434,VG_STA_0002_caltech,CA-507,2026-01-01T21:35:00,745.45,1.98,0.16,overnight_deep_charge,1,47.14,6138.0,COMPLETED,False,0,EU
VF8VNF_0004,2_39_138_29_2018-05-15 16:24:02.683556,VG_STA_0002_caltech,CA-304,2026-01-02T20:01:00,505.65,4.514,0.54,overnight_deep_charge,2,65.0,13993.0,COMPLETED,False,0,EU
VF8VNF_0004,2_39_128_18_2018-05-12 23:43:49.017496,VG_STA_0002_caltech,CA-308,2026-01-03T11:16:00,6.633333333333334,0.68,6.15,opportunity_fast_charge,2,50.04,2108.0,COMPLETED,False,1,EU
VF8VNF_0004,2_39_79_377_2018-05-16 11:49:46.763676,VG_STA_0002_caltech,CA-325,2026-01-03T21:27:00,573.8166666666667,11.589,1.21,overnight_deep_charge,3,46.79,35926.0,COMPLETED,False,0,EU
VF8VNF_0004,2_39_131_30_2018-05-16 15:26:52.617447,VG_STA_0002_caltech,CA-305,2026-01-04T19:40:00,246.21666666666667,5.187,1.26,overnight_deep_charge,4,51.02,16080.0,COMPLETED,False,0,EU
VF8VNF_0004,2_39_139_28_2018-05-13 01:20:02.104888,VG_STA_0002_caltech,CA-303,2026-01-05T13:39:00,10.25,0.995,5.82,opportunity_fast_charge,4,43.73,3084.0,COMPLETED,False,1,EU
VF8VNF_0004,2_39_79_376_2018-05-17 14:13:44.157147,VG_STA_0002_caltech,CA-324,2026-01-05T20:03:00,530.95,15.174,1.71,overnight_deep_charge,5,43.38,47039.0,COMPLETED,False,0,EU
VF8VNF_0004,2_39_139_28_2018-05-13 17:16:45.970212,VG_STA_0002_caltech,CA-303,2026-01-06T14:28:00,66.4,7.017,6.34,opportunity_fast_charge,5,35.95,21753.0,COMPLETED,False,1,EU
VF8VNF_0004,2_39_78_362_2018-05-17 15:51:54.851464,VG_STA_0002_caltech,CA-496,2026-01-06T21:05:00,531.9833333333333,12.531,1.41,overnight_deep_charge,6,33.97,38846.0,COMPLETED,False,0,EU
VF8VNF_0004,2_39_139_28_2018-05-18 20:18:51.236932,VG_STA_0002_caltech,CA-303,2026-01-07T18:32:00,167.96666666666667,3.254,1.16,overnight_deep_charge,7,57.36,10087.0,COMPLETED,False,0,EU
VF8VNF_0004,2_39_78_366_2018-05-19 03:39:33.466778,VG_STA_0002_caltech,CA-323,2026-01-08T19:21:00,978.5,25.573,1.57,overnight_deep_charge,8,36.06,79276.0,COMPLETED,False,0,EU
VF8VNF_0004,2_39_139_28_2018-05-14 02:05:16.606345,VG_STA_0002_caltech,CA-303,2026-01-09T13:56:00,57.2,3.076,3.23,opportunity_fast_charge,8,40.12,9536.0,COMPLETED,False,1,EU
VF8VNF_0004,2_39_89_25_2018-05-19 23:45:05.472344,VG_STA_0002_caltech,CA-315,2026-01-09T18:11:00,1634.3333333333333,30.993,1.14,overnight_deep_charge,9,37.67,96078.0,COMPLETED,False,0,EU
VF8VNF_0004,2_39_78_360_2018-05-14 03:06:18.247729,VG_STA_0002_caltech,CA-322,2026-01-10T11:02:00,5.933333333333334,0.538,5.44,opportunity_fast_charge,9,47.99,1668.0,COMPLETED,False,1,EU
VF8VNF_0004,2_39_138_566_2018-05-20 04:16:16.293095,VG_STA_0002_caltech,CA-512,2026-01-10T20:50:00,561.7166666666667,13.759,1.47,overnight_deep_charge,10,42.95,42653.0,COMPLETED,False,0,EU
VF8VNF_0004,2_39_90_26_2018-05-21 16:37:52.785321,VG_STA_0002_caltech,CA-316,2026-01-11T19:16:00,278.46666666666664,9.269,2.0,overnight_deep_charge,11,40.8,28734.0,COMPLETED,False,0,EU
VF8VNF_0004,2_39_127_19_2018-05-14 13:33:21.931815,VG_STA_0002_caltech,CA-309,2026-01-12T11:51:00,64.7,3.655,3.39,opportunity_fast_charge,11,39.95,11330.0,COMPLETED,False,1,EU
VF8VNF_0004,2_39_78_364_2018-05-23 20:04:38.565786,VG_STA_0002_caltech,CA-495,2026-01-12T21:47:00,184.18333333333334,4.965,1.62,overnight_deep_charge,12,20.0,15392.0,COMPLETED,False,0,EU
VF8VNF_0004,2_39_127_19_2018-05-24 00:00:27.538940,VG_STA_0002_caltech,CA-309,2026-01-13T21:59:00,291.93333333333334,13.896,2.86,overnight_deep_charge,13,27.34,43078.0,COMPLETED,False,0,EU
VF8VNF_0004,2_39_78_365_2018-05-14 17:13:11.665996,VG_STA_0002_caltech,CA-321,2026-01-14T12:09:00,40.38333333333333,0.585,0.87,opportunity_fast_charge,13,54.86,1814.0,COMPLETED,False,1,EU
VF8VNF_0004,2_39_91_437_2018-05-24 00:09:38.958447,VG_STA_0002_caltech,CA-317,2026-01-14T18:27:00,259.1,5.139,1.19,overnight_deep_charge,14,49.99,15931.0,COMPLETED,False,0,EU
VF8VNF_0004,2_39_130_31_2018-05-16 03:25:13.589741,VG_STA_0002_caltech,CA-306,2026-01-15T10:45:00,68.63333333333334,7.611,6.65,opportunity_fast_charge,14,40.5,23594.0,COMPLETED,False,1,EU
VF8VNF_0005,2_39_90_440_2018-05-24 16:13:50.817717,VG_STA_0002_caltech,CA-500,2025-12-31T21:01:00,240.18333333333334,7.625,1.9,overnight_deep_charge,0,61.22,23638.0,COMPLETED,False,0,EU
VF8VNF_0005,2_39_127_561_2018-05-24 17:23:10.624534,VG_STA_0002_caltech,CA-507,2026-01-01T21:25:00,484.96666666666664,13.874,1.72,overnight_deep_charge,1,59.0,43009.0,COMPLETED,False,0,EU
VF8VNF_0005,2_39_88_438_2018-05-24 20:57:36.842423,VG_STA_0002_caltech,CA-502,2026-01-02T21:05:00,387.9,3.706,0.57,overnight_deep_charge,2,52.33,11489.0,COMPLETED,False,0,EU
VF8VNF_0005,2_39_92_436_2018-05-17 21:00:44.417526,VG_STA_0002_caltech,CA-318,2026-01-03T14:14:00,57.28333333333333,1.816,1.9,opportunity_fast_charge,2,42.96,5630.0,COMPLETED,False,1,EU
VF8VNF_0005,2_39_79_377_2018-05-25 00:09:35.041541,VG_STA_0002_caltech,CA-325,2026-01-03T20:18:00,150.05,14.34,5.73,overnight_deep_charge,3,38.29,44454.0,COMPLETED,False,0,EU
VF8VNF_0005,2_39_78_366_2018-05-17 23:41:42.547228,VG_STA_0002_caltech,CA-323,2026-01-04T10:58:00,81.6,0.82,0.6,opportunity_fast_charge,3,45.81,2542.0,COMPLETED,False,1,EU
VF8VNF_0005,2_39_139_28_2018-05-25 14:39:56.681918,VG_STA_0002_caltech,CA-303,2026-01-04T18:54:00,521.55,14.967,1.72,overnight_deep_charge,4,50.52,46398.0,COMPLETED,False,0,EU
VF8VNF_0005,2_39_131_565_2018-05-18 01:37:44.106789,VG_STA_0002_caltech,CA-511,2026-01-05T11:49:00,33.36666666666667,1.887,3.39,opportunity_fast_charge,4,45.7,5850.0,COMPLETED,False,1,EU
VF8VNF_0005,2_39_124_558_2018-05-25 15:39:14.215985,VG_STA_0002_caltech,CA-504,2026-01-05T21:34:00,322.3666666666667,13.879,2.58,overnight_deep_charge,5,28.9,43025.0,COMPLETED,False,0,EU
VF8VNF_0005,2_39_79_377_2018-05-25 21:21:59.284084,VG_STA_0002_caltech,CA-325,2026-01-06T18:25:00,210.16666666666666,6.047,1.73,overnight_deep_charge,6,53.28,18746.0,COMPLETED,False,0,EU
VF8VNF_0005,2_39_124_22_2018-05-20 12:23:18.127400,VG_STA_0002_caltech,CA-312,2026-01-07T11:28:00,30.983333333333334,2.525,4.89,opportunity_fast_charge,6,52.07,7828.0,COMPLETED,False,1,EU
VF8VNF_0005,2_39_129_17_2018-05-26 01:26:56.278119,VG_STA_0002_caltech,CA-307,2026-01-07T20:17:00,215.16666666666666,11.917,3.32,overnight_deep_charge,7,45.09,36943.0,COMPLETED,False,0,EU
VF8VNF_0005,2_39_125_21_2018-05-20 23:22:46.523891,VG_STA_0002_caltech,CA-311,2026-01-08T11:22:00,72.06666666666666,5.077,4.23,opportunity_fast_charge,7,38.24,15739.0,COMPLETED,False,1,EU
VF8VNF_0005,2_39_79_377_2018-05-26 03:55:19.727376,VG_STA_0002_caltech,CA-325,2026-01-08T19:46:00,5075.666666666667,6.505,0.08,overnight_deep_charge,8,51.87,20166.0,COMPLETED,False,0,EU
VF8VNF_0005,2_39_78_366_2018-05-26 04:52:28.450915,VG_STA_0002_caltech,CA-323,2026-01-09T19:25:00,854.4666666666667,28.122,1.97,overnight_deep_charge,9,36.51,87178.0,COMPLETED,False,0,EU
VF8VNF_0005,2_39_129_17_2018-05-21 13:14:56.372843,VG_STA_0002_caltech,CA-307,2026-01-10T12:20:00,64.9,3.031,2.8,opportunity_fast_charge,9,28.61,9396.0,COMPLETED,False,1,EU
VF8VNF_0005,2_39_79_380_2018-05-27 03:51:23.191109,VG_STA_0002_caltech,CA-489,2026-01-10T21:52:00,170.23333333333332,3.399,1.2,overnight_deep_charge,10,43.04,10537.0,COMPLETED,False,0,EU
VF8VNF_0005,2_39_138_566_2018-05-28 03:56:32.253864,VG_STA_0002_caltech,CA-512,2026-01-11T21:41:00,655.15,10.684,0.98,overnight_deep_charge,11,65.0,33120.0,COMPLETED,False,0,EU
VF8VNF_0005,2_39_90_26_2018-05-21 22:09:25.315708,VG_STA_0002_caltech,CA-316,2026-01-12T14:28:00,9.533333333333333,0.623,3.92,opportunity_fast_charge,11,34.8,1931.0,COMPLETED,False,1,EU
VF8VNF_0005,2_39_139_28_2018-05-28 16:48:42.900406,VG_STA_0002_caltech,CA-303,2026-01-12T21:05:00,518.85,6.571,0.76,overnight_deep_charge,12,46.68,20370.0,COMPLETED,False,0,EU
VF8VNF_0005,2_39_92_436_2018-05-28 22:08:09.477886,VG_STA_0002_caltech,CA-318,2026-01-13T18:01:00,389.01666666666665,13.735,2.12,overnight_deep_charge,13,32.82,42578.0,COMPLETED,False,0,EU
VF8VNF_0005,2_39_78_366_2018-05-29 11:54:42.668039,VG_STA_0002_caltech,CA-323,2026-01-14T18:10:00,573.5166666666667,11.497,1.2,overnight_deep_charge,14,42.35,35641.0,COMPLETED,False,0,EU
VF8VNF_0006,2_39_91_441_2018-05-29 14:08:52.840778,VG_STA_0002_caltech,CA-499,2025-12-31T20:22:00,569.4333333333333,11.619,1.22,overnight_deep_charge,0,33.43,36019.0,COMPLETED,False,0,EU
VF8VNF_0006,2_39_90_26_2018-05-21 22:19:08.031234,VG_STA_0002_caltech,CA-316,2026-01-01T12:04:00,19.9,1.539,4.64,opportunity_fast_charge,0,33.69,4771.0,COMPLETED,False,1,EU
VF8VNF_0006,2_39_79_376_2018-05-29 15:38:12.174107,VG_STA_0002_caltech,CA-324,2026-01-01T19:56:00,294.7,14.468,2.95,overnight_deep_charge,1,31.5,44851.0,COMPLETED,False,0,EU
VF8VNF_0006,2_39_78_367_2018-05-29 15:44:05.830594,VG_STA_0002_caltech,CA-494,2026-01-02T19:13:00,489.81666666666666,3.658,0.45,overnight_deep_charge,2,44.82,11340.0,COMPLETED,False,0,EU
VF8VNF_0006,2_39_131_30_2018-05-29 15:47:20.381572,VG_STA_0002_caltech,CA-305,2026-01-03T20:43:00,841.2166666666667,13.986,1.0,overnight_deep_charge,3,45.63,43357.0,COMPLETED,False,0,EU
VF8VNF_0006,2_39_138_29_2018-05-22 02:59:23.573550,VG_STA_0002_caltech,CA-304,2026-01-04T11:23:00,79.71666666666667,6.65,5.01,opportunity_fast_charge,3,47.36,20615.0,COMPLETED,False,1,EU
VF8VNF_0006,2_39_123_23_2018-05-29 18:14:38.124236,VG_STA_0002_caltech,CA-313,2026-01-04T19:22:00,267.05,8.275,1.86,overnight_deep_charge,4,46.55,25652.0,COMPLETED,False,0,EU
VF8VNF_0006,2_39_95_27_2018-05-30 13:33:59.349010,VG_STA_0002_caltech,CA-319,2026-01-05T18:36:00,735.2666666666667,9.86,0.8,overnight_deep_charge,5,31.33,30566.0,COMPLETED,False,0,EU
VF8VNF_0006,2_39_131_30_2018-05-22 04:13:10.065765,VG_STA_0002_caltech,CA-305,2026-01-06T12:23:00,80.51666666666667,4.245,3.16,opportunity_fast_charge,5,34.26,13160.0,COMPLETED,False,1,EU
VF8VNF_0006,2_39_92_442_2018-05-30 15:55:45.659704,VG_STA_0002_caltech,CA-498,2026-01-06T18:20:00,536.3833333333333,14.798,1.66,overnight_deep_charge,6,44.36,45874.0,COMPLETED,False,0,EU
VF8VNF_0006,2_39_90_440_2018-05-30 16:38:06.006496,VG_STA_0002_caltech,CA-500,2026-01-07T21:16:00,435.85,9.827,1.35,overnight_deep_charge,7,60.0,30464.0,COMPLETED,False,0,EU
VF8VNF_0006,2_39_139_567_2018-05-30 17:45:01.663038,VG_STA_0002_caltech,CA-513,2026-01-08T20:19:00,380.6666666666667,11.767,1.85,overnight_deep_charge,8,34.33,36478.0,COMPLETED,False,0,EU
VF8VNF_0006,2_39_78_360_2018-05-31 15:32:31.833317,VG_STA_0002_caltech,CA-322,2026-01-09T18:48:00,466.65,4.764,0.61,overnight_deep_charge,9,38.46,14768.0,COMPLETED,False,0,EU
VF8VNF_0006,2_39_90_26_2018-05-22 21:16:59.734951,VG_STA_0002_caltech,CA-316,2026-01-10T13:25:00,76.65,3.156,2.47,opportunity_fast_charge,9,63.05,9784.0,COMPLETED,False,1,EU
VF8VNF_0006,2_39_79_383_2018-06-01 11:47:49.243194,VG_STA_0002_caltech,CA-492,2026-01-10T20:18:00,582.9666666666667,11.507,1.18,overnight_deep_charge,10,41.91,35672.0,COMPLETED,False,0,EU
VF8VNF_0006,2_39_91_441_2018-06-01 15:28:26.581783,VG_STA_0002_caltech,CA-499,2026-01-11T19:37:00,151.05,7.447,2.96,overnight_deep_charge,11,53.28,23086.0,COMPLETED,False,0,EU
VF8VNF_0006,2_39_78_362_2018-06-01 15:32:55.893185,VG_STA_0002_caltech,CA-496,2026-01-12T18:38:00,170.13333333333333,6.614,2.33,overnight_deep_charge,12,51.18,20503.0,COMPLETED,False,0,EU
VF8VNF_0006,2_39_78_364_2018-06-01 17:03:31.163322,VG_STA_0002_caltech,CA-495,2026-01-13T20:17:00,483.56666666666666,8.375,1.04,overnight_deep_charge,13,26.58,25962.0,COMPLETED,False,0,EU
VF8VNF_0006,2_39_95_27_2018-06-02 22:51:48.443040,VG_STA_0002_caltech,CA-319,2026-01-14T19:52:00,1586.2,10.038,0.38,overnight_deep_charge,14,51.43,31118.0,COMPLETED,False,0,EU
VF8VNF_0007,2_39_79_379_2018-06-02 23:16:32.274773,VG_STA_0002_caltech,CA-327,2025-12-31T20:24:00,210.05,5.946,1.7,overnight_deep_charge,0,54.94,18433.0,COMPLETED,False,0,EU
VF8VNF_0007,2_39_139_567_2018-06-03 08:18:25.566071,VG_STA_0002_caltech,CA-513,2026-01-01T21:03:00,1084.7333333333333,13.516,0.75,overnight_deep_charge,1,20.0,41900.0,COMPLETED,False,0,EU
VF8VNF_0007,2_39_125_21_2018-05-23 03:04:38.230296,VG_STA_0002_caltech,CA-311,2026-01-02T13:35:00,51.7,5.047,5.86,opportunity_fast_charge,1,43.05,15646.0,COMPLETED,False,1,EU
VF8VNF_0007,2_39_89_25_2018-06-03 17:49:55.306972,VG_STA_0002_caltech,CA-315,2026-01-02T20:19:00,462.1166666666667,28.818,3.74,overnight_deep_charge,2,48.45,89336.0,COMPLETED,False,0,EU
VF8VNF_0007,2_39_139_28_2018-05-23 06:10:38.024679,VG_STA_0002_caltech,CA-303,2026-01-03T14:24:00,50.7,5.41,6.4,opportunity_fast_charge,2,46.32,16771.0,COMPLETED,False,1,EU
VF8VNF_0007,2_39_92_436_2018-06-03 23:13:37.579905,VG_STA_0002_caltech,CA-318,2026-01-03T18:56:00,198.08333333333334,22.929,6.95,overnight_deep_charge,3,51.58,71080.0,COMPLETED,False,0,EU
VF8VNF_0007,2_39_78_365_2018-05-24 04:33:14.805042,VG_STA_0002_caltech,CA-321,2026-01-04T13:59:00,5.733333333333333,0.515,5.39,opportunity_fast_charge,3,27.74,1596.0,COMPLETED,False,1,EU
VF8VNF_0007,2_39_79_377_2018-06-04 15:13:05.104497,VG_STA_0002_caltech,CA-325,2026-01-04T19:18:00,528.9,19.972,2.27,overnight_deep_charge,4,33.11,61913.0,COMPLETED,False,0,EU
VF8VNF_0007,2_39_79_380_2018-05-25 00:51:54.525478,VG_STA_0002_caltech,CA-489,2026-01-05T13:07:00,61.733333333333334,2.18,2.12,opportunity_fast_charge,4,39.21,6758.0,COMPLETED,False,1,EU
VF8VNF_0007,2_39_123_23_2018-06-04 16:12:37.722218,VG_STA_0002_caltech,CA-313,2026-01-05T20:50:00,541.9666666666667,5.766,0.64,overnight_deep_charge,5,62.89,17875.0,COMPLETED,False,0,EU
VF8VNF_0007,2_39_91_437_2018-06-05 02:59:57.518860,VG_STA_0002_caltech,CA-317,2026-01-06T20:07:00,646.0,11.988,1.11,overnight_deep_charge,6,57.89,37163.0,COMPLETED,False,0,EU
VF8VNF_0007,2_39_79_382_2018-06-05 15:24:42.227605,VG_STA_0002_caltech,CA-491,2026-01-07T21:24:00,590.65,14.991,1.52,overnight_deep_charge,7,59.53,46472.0,COMPLETED,False,0,EU
VF8VNF_0007,2_39_124_22_2018-06-05 15:33:34.022956,VG_STA_0002_caltech,CA-312,2026-01-08T20:09:00,556.8166666666667,6.005,0.65,overnight_deep_charge,8,54.34,18616.0,COMPLETED,False,0,EU
VF8VNF_0007,2_39_79_376_2018-05-25 01:46:18.086000,VG_STA_0002_caltech,CA-324,2026-01-09T12:55:00,66.2,6.948,6.3,opportunity_fast_charge,8,41.23,21539.0,COMPLETED,False,1,EU
VF8VNF_0007,2_39_91_441_2018-06-05 15:58:21.514836,VG_STA_0002_caltech,CA-499,2026-01-09T20:30:00,372.1333333333333,9.997,1.61,overnight_deep_charge,9,37.48,30991.0,COMPLETED,False,0,EU
VF8VNF_0007,2_39_78_363_2018-06-05 16:33:46.863426,VG_STA_0002_caltech,CA-320,2026-01-10T21:33:00,574.9,13.183,1.38,overnight_deep_charge,10,37.54,40867.0,COMPLETED,False,0,EU
VF8VNF_0007,2_39_127_19_2018-05-25 03:13:57.956808,VG_STA_0002_caltech,CA-309,2026-01-11T11:41:00,80.2,8.872,6.64,opportunity_fast_charge,10,61.55,27503.0,COMPLETED,False,1,EU
VF8VNF_0007,2_39_78_366_2018-06-05 18:50:18.457252,VG_STA_0002_caltech,CA-323,2026-01-11T18:06:00,402.0,1.753,0.26,overnight_deep_charge,11,27.27,5434.0,COMPLETED,False,0,EU
VF8VNF_0007,2_39_79_383_2018-06-05 20:17:00.479802,VG_STA_0002_caltech,CA-492,2026-01-12T21:25:00,204.53333333333333,1.758,0.52,overnight_deep_charge,12,34.58,5450.0,COMPLETED,False,0,EU
VF8VNF_0007,2_39_128_18_2018-05-26 03:13:19.997567,VG_STA_0002_caltech,CA-308,2026-01-13T13:59:00,84.91666666666667,8.95,6.32,opportunity_fast_charge,12,45.48,27745.0,COMPLETED,False,1,EU
VF8VNF_0007,2_39_131_30_2018-06-06 01:57:03.838207,VG_STA_0002_caltech,CA-305,2026-01-13T20:01:00,800.0333333333333,11.961,0.9,overnight_deep_charge,13,40.0,37079.0,COMPLETED,False,0,EU
VF8VNF_0007,2_39_79_376_2018-05-26 11:32:39.978322,VG_STA_0002_caltech,CA-324,2026-01-14T10:50:00,87.88333333333334,4.839,3.3,opportunity_fast_charge,13,43.14,15001.0,COMPLETED,False,1,EU
VF8VNF_0007,2_39_79_377_2018-06-06 15:08:22.306374,VG_STA_0002_caltech,CA-325,2026-01-14T19:25:00,494.03333333333336,19.93,2.42,overnight_deep_charge,14,30.05,61783.0,COMPLETED,False,0,EU
VF8VNF_0008,2_39_79_383_2018-06-06 15:50:05.266078,VG_STA_0002_caltech,CA-492,2025-12-31T21:56:00,521.3,10.348,1.19,overnight_deep_charge,0,35.35,32079.0,COMPLETED,False,0,EU
VF8VNF_0008,2_39_78_365_2018-06-06 16:24:04.454680,VG_STA_0002_caltech,CA-321,2026-01-01T19:56:00,549.1166666666667,10.227,1.12,overnight_deep_charge,1,40.49,31704.0,COMPLETED,False,0,EU
VF8VNF_0008,2_39_78_360_2018-06-06 16:48:13.115233,VG_STA_0002_caltech,CA-322,2026-01-02T19:24:00,531.35,1.967,0.22,overnight_deep_charge,2,60.13,6098.0,COMPLETED,False,0,EU
VF8VNF_0008,2_39_129_17_2018-05-28 21:12:34.388315,VG_STA_0002_caltech,CA-307,2026-01-03T10:36:00,84.86666666666666,1.79,1.27,opportunity_fast_charge,2,31.77,5549.0,COMPLETED,False,1,EU
VF8VNF_0008,2_39_131_30_2018-06-07 02:09:40.702703,VG_STA_0002_caltech,CA-305,2026-01-03T21:05:00,140.75,7.927,3.38,overnight_deep_charge,3,39.02,24574.0,COMPLETED,False,0,EU
VF8VNF_0008,2_39_124_22_2018-05-28 22:18:23.714511,VG_STA_0002_caltech,CA-312,2026-01-04T13:36:00,37.3,3.802,6.12,opportunity_fast_charge,3,58.95,11786.0,COMPLETED,False,1,EU
VF8VNF_0008,2_39_131_30_2018-06-07 14:40:58.976759,VG_STA_0002_caltech,CA-305,2026-01-04T19:20:00,241.03333333333333,2.691,0.67,overnight_deep_charge,4,35.21,8342.0,COMPLETED,False,0,EU
VF8VNF_0008,2_39_123_23_2018-05-29 05:49:38.242151,VG_STA_0002_caltech,CA-313,2026-01-05T12:23:00,43.55,4.478,6.17,opportunity_fast_charge,4,45.89,13882.0,COMPLETED,False,1,EU
VF8VNF_0008,2_39_90_440_2018-06-07 15:35:52.536927,VG_STA_0002_caltech,CA-500,2026-01-05T21:43:00,661.3166666666667,17.159,1.56,overnight_deep_charge,5,35.55,53193.0,COMPLETED,False,0,EU
VF8VNF_0008,2_39_90_26_2018-06-07 16:13:30.934281,VG_STA_0002_caltech,CA-316,2026-01-06T20:27:00,450.6166666666667,3.84,0.51,overnight_deep_charge,6,43.9,11904.0,COMPLETED,False,0,EU
VF8VNF_0008,2_39_130_31_2018-06-07 16:28:21.064842,VG_STA_0002_caltech,CA-306,2026-01-07T21:14:00,578.2333333333333,9.094,0.94,overnight_deep_charge,7,36.17,28191.0,COMPLETED,False,0,EU
VF8VNF_0008,2_39_123_23_2018-06-08 03:06:24.906823,VG_STA_0002_caltech,CA-313,2026-01-08T21:15:00,138.71666666666667,13.088,5.66,overnight_deep_charge,8,44.59,40573.0,COMPLETED,False,0,EU
VF8VNF_0008,2_39_125_21_2018-05-29 16:17:55.238024,VG_STA_0002_caltech,CA-311,2026-01-09T12:31:00,77.38333333333334,2.865,2.22,opportunity_fast_charge,8,47.13,8882.0,COMPLETED,False,1,EU
VF8VNF_0008,2_39_139_28_2018-06-08 04:20:13.900623,VG_STA_0002_caltech,CA-303,2026-01-09T18:39:00,136.01666666666668,13.156,5.8,overnight_deep_charge,9,43.13,40784.0,COMPLETED,False,0,EU
VF8VNF_0008,2_39_127_19_2018-05-29 22:08:17.929169,VG_STA_0002_caltech,CA-309,2026-01-10T12:07:00,84.0,4.17,2.98,opportunity_fast_charge,9,23.42,12927.0,COMPLETED,False,1,EU
VF8VNF_0008,2_39_124_22_2018-06-08 16:12:31.647618,VG_STA_0002_caltech,CA-312,2026-01-10T20:41:00,424.6,7.31,1.03,overnight_deep_charge,10,48.4,22661.0,COMPLETED,False,0,EU
VF8VNF_0008,2_39_138_29_2018-06-01 00:44:12.642071,VG_STA_0002_caltech,CA-304,2026-01-11T10:10:00,41.56666666666667,3.706,5.35,opportunity_fast_charge,10,62.06,11489.0,COMPLETED,False,1,EU
VF8VNF_0008,2_39_92_442_2018-06-08 20:52:47.222219,VG_STA_0002_caltech,CA-498,2026-01-11T21:47:00,298.31666666666666,1.635,0.33,overnight_deep_charge,11,56.36,5068.0,COMPLETED,False,0,EU
VF8VNF_0008,2_39_79_380_2018-06-09 01:29:28.576089,VG_STA_0002_caltech,CA-489,2026-01-12T19:10:00,152.63333333333333,10.149,3.99,overnight_deep_charge,12,39.75,31462.0,COMPLETED,False,0,EU
VF8VNF_0008,2_39_79_379_2018-06-09 03:20:27.247432,VG_STA_0002_caltech,CA-327,2026-01-13T19:46:00,3669.3,6.699,0.11,overnight_deep_charge,13,50.99,20767.0,COMPLETED,False,0,EU
VF8VNF_0008,2_39_79_380_2018-06-01 08:27:34.921040,VG_STA_0002_caltech,CA-489,2026-01-14T10:38:00,65.68333333333334,3.713,3.39,opportunity_fast_charge,13,49.95,11510.0,COMPLETED,False,1,EU
VF8VNF_0008,2_39_125_21_2018-06-09 15:44:28.349282,VG_STA_0002_caltech,CA-311,2026-01-14T18:01:00,212.81666666666666,14.105,3.98,overnight_deep_charge,14,55.48,43726.0,COMPLETED,False,0,EU
VF8VNF_0009,2_39_90_26_2018-06-10 02:17:10.482040,VG_STA_0002_caltech,CA-316,2025-12-31T18:38:00,1376.6333333333334,37.32,1.63,overnight_deep_charge,0,42.48,115692.0,COMPLETED,False,0,EU
VF8VNF_0009,2_39_79_376_2018-06-10 23:42:00.344879,VG_STA_0002_caltech,CA-324,2026-01-01T21:27:00,125.91666666666667,6.449,3.07,overnight_deep_charge,1,35.51,19992.0,COMPLETED,False,0,EU
VF8VNF_0009,2_39_127_19_2018-06-11 00:41:18.812530,VG_STA_0002_caltech,CA-309,2026-01-02T21:50:00,180.68333333333334,10.882,3.61,overnight_deep_charge,2,40.61,33734.0,COMPLETED,False,0,EU
VF8VNF_0009,2_39_78_361_2018-06-11 15:03:36.277431,VG_STA_0002_caltech,CA-493,2026-01-03T20:18:00,192.61666666666667,6.187,1.93,overnight_deep_charge,3,57.47,19180.0,COMPLETED,False,0,EU
VF8VNF_0009,2_39_79_380_2018-06-11 19:29:44.116367,VG_STA_0002_caltech,CA-489,2026-01-04T18:56:00,160.78333333333333,6.161,2.3,overnight_deep_charge,4,40.18,19099.0,COMPLETED,False,0,EU
VF8VNF_0009,2_39_131_30_2018-06-12 13:52:12.434203,VG_STA_0002_caltech,CA-305,2026-01-05T18:40:00,570.1666666666666,13.98,1.47,overnight_deep_charge,5,56.09,43338.0,COMPLETED,False,0,EU
VF8VNF_0009,2_39_79_377_2018-06-12 14:50:01.569443,VG_STA_0002_caltech,CA-325,2026-01-06T20:19:00,234.66666666666666,7.059,1.8,overnight_deep_charge,6,34.45,21883.0,COMPLETED,False,0,EU
VF8VNF_0009,2_39_125_21_2018-06-01 14:18:51.296066,VG_STA_0002_caltech,CA-311,2026-01-07T12:30:00,16.1,0.723,2.69,opportunity_fast_charge,6,36.26,2241.0,COMPLETED,False,1,EU
VF8VNF_0009,2_39_88_438_2018-06-12 15:47:06.754480,VG_STA_0002_caltech,CA-502,2026-01-07T20:36:00,568.05,8.303,0.88,overnight_deep_charge,7,38.81,25739.0,COMPLETED,False,0,EU
VF8VNF_0009,2_39_95_444_2018-06-01 16:24:54.976237,VG_STA_0002_caltech,CA-497,2026-01-08T12:46:00,34.81666666666667,1.581,2.72,opportunity_fast_charge,7,29.36,4901.0,COMPLETED,False,1,EU
VF8VNF_0009,2_39_127_19_2018-06-12 19:31:24.239363,VG_STA_0002_caltech,CA-309,2026-01-08T19:19:00,550.4666666666667,8.461,0.92,overnight_deep_charge,8,56.53,26229.0,COMPLETED,False,0,EU
VF8VNF_0009,2_39_129_17_2018-06-01 22:05:43.498480,VG_STA_0002_caltech,CA-307,2026-01-09T12:42:00,34.1,1.42,2.5,opportunity_fast_charge,8,60.3,4402.0,COMPLETED,False,1,EU
VF8VNF_0009,2_39_95_27_2018-06-13 02:12:33.994212,VG_STA_0002_caltech,CA-319,2026-01-09T20:30:00,185.55,18.649,6.03,overnight_deep_charge,9,32.98,57812.0,COMPLETED,False,0,EU
VF8VNF_0009,2_39_79_380_2018-06-13 13:51:52.231615,VG_STA_0002_caltech,CA-489,2026-01-10T21:51:00,555.25,5.622,0.61,overnight_deep_charge,10,52.44,17428.0,COMPLETED,False,0,EU
VF8VNF_0009,2_39_139_28_2018-06-03 21:29:02.732646,VG_STA_0002_caltech,CA-303,2026-01-11T11:29:00,71.71666666666667,7.695,6.44,opportunity_fast_charge,10,43.2,23854.0,COMPLETED,False,1,EU
VF8VNF_0009,2_39_78_361_2018-06-13 15:24:31.870402,VG_STA_0002_caltech,CA-493,2026-01-11T18:11:00,613.0833333333334,12.314,1.21,overnight_deep_charge,11,35.52,38173.0,COMPLETED,False,0,EU
VF8VNF_0009,2_39_139_567_2018-06-04 11:23:25.517321,VG_STA_0002_caltech,CA-513,2026-01-12T10:52:00,71.25,3.923,3.3,opportunity_fast_charge,11,43.2,12161.0,COMPLETED,False,1,EU
VF8VNF_0009,2_39_92_436_2018-06-13 15:45:33.863299,VG_STA_0002_caltech,CA-318,2026-01-12T21:26:00,237.95,9.414,2.37,overnight_deep_charge,12,34.62,29183.0,COMPLETED,False,0,EU
VF8VNF_0009,2_39_130_31_2018-06-13 16:10:41.466436,VG_STA_0002_caltech,CA-306,2026-01-13T19:25:00,458.51666666666665,9.474,1.24,overnight_deep_charge,13,34.35,29369.0,COMPLETED,False,0,EU
VF8VNF_0009,2_39_78_361_2018-06-04 22:46:09.405681,VG_STA_0002_caltech,CA-493,2026-01-14T12:33:00,21.05,0.828,2.36,opportunity_fast_charge,13,30.49,2567.0,COMPLETED,False,1,EU
VF8VNF_0009,2_39_89_439_2018-06-13 17:13:35.851311,VG_STA_0002_caltech,CA-501,2026-01-14T18:16:00,482.93333333333334,7.408,0.92,overnight_deep_charge,14,35.5,22965.0,COMPLETED,False,0,EU
VF8VNF_0010,2_39_131_565_2018-06-13 17:42:45.682451,VG_STA_0002_caltech,CA-511,2025-12-31T18:45:00,395.51666666666665,10.343,1.57,overnight_deep_charge,0,41.17,32063.0,COMPLETED,False,0,EU
VF8VNF_0010,2_39_79_379_2018-06-14 00:34:36.976359,VG_STA_0002_caltech,CA-327,2026-01-01T21:22:00,754.5666666666667,15.605,1.24,overnight_deep_charge,1,48.55,48376.0,COMPLETED,False,0,EU
VF8VNF_0010,2_39_78_361_2018-06-14 02:10:11.362573,VG_STA_0002_caltech,CA-493,2026-01-02T18:36:00,223.23333333333332,2.964,0.8,overnight_deep_charge,2,65.0,9188.0,COMPLETED,False,0,EU
VF8VNF_0010,2_39_138_29_2018-06-14 14:38:33.538343,VG_STA_0002_caltech,CA-304,2026-01-03T20:33:00,620.7833333333333,4.803,0.46,overnight_deep_charge,3,49.67,14889.0,COMPLETED,False,0,EU
VF8VNF_0010,2_39_125_21_2018-06-05 23:00:09.768238,VG_STA_0002_caltech,CA-311,2026-01-04T11:33:00,83.41666666666667,2.462,1.77,opportunity_fast_charge,3,44.73,7632.0,COMPLETED,False,1,EU
VF8VNF_0010,2_39_91_437_2018-06-14 15:25:41.692740,VG_STA_0002_caltech,CA-317,2026-01-04T21:07:00,407.8666666666667,21.188,3.12,overnight_deep_charge,4,28.1,65683.0,COMPLETED,False,0,EU
VF8VNF_0010,2_39_95_444_2018-06-07 15:23:28.274045,VG_STA_0002_caltech,CA-497,2026-01-05T10:17:00,17.55,1.02,3.49,opportunity_fast_charge,4,51.87,3162.0,COMPLETED,False,1,EU
VF8VNF_0010,2_39_88_438_2018-06-14 16:06:37.264981,VG_STA_0002_caltech,CA-502,2026-01-05T18:39:00,538.3666666666667,5.487,0.61,overnight_deep_charge,5,39.86,17010.0,COMPLETED,False,0,EU
VF8VNF_0010,2_39_79_377_2018-06-15 03:32:33.567158,VG_STA_0002_caltech,CA-325,2026-01-06T21:45:00,788.5166666666667,6.556,0.5,overnight_deep_charge,6,31.56,20324.0,COMPLETED,False,0,EU
VF8VNF_0010,2_39_83_387_2018-06-07 23:26:06.121327,VG_STA_0002_caltech,CA-149,2026-01-07T10:59:00,50.766666666666666,1.553,1.84,opportunity_fast_charge,6,54.36,4814.0,COMPLETED,False,1,EU
VF8VNF_0010,2_39_78_367_2018-06-15 14:14:21.443909,VG_STA_0002_caltech,CA-494,2026-01-07T21:18:00,555.9666666666667,2.359,0.25,overnight_deep_charge,7,43.16,7313.0,COMPLETED,False,0,EU
VF8VNF_0010,2_39_79_377_2018-06-15 17:49:34.456391,VG_STA_0002_caltech,CA-325,2026-01-08T18:05:00,426.9166666666667,13.629,1.92,overnight_deep_charge,8,30.61,42250.0,COMPLETED,False,0,EU
VF8VNF_0010,2_39_78_366_2018-06-16 06:03:59.588004,VG_STA_0002_caltech,CA-323,2026-01-09T18:07:00,679.9166666666666,16.756,1.48,overnight_deep_charge,9,50.22,51944.0,COMPLETED,False,0,EU
VF8VNF_0010,2_39_127_19_2018-06-16 15:43:29.900678,VG_STA_0002_caltech,CA-309,2026-01-10T19:38:00,278.48333333333335,11.941,2.57,overnight_deep_charge,10,45.81,37017.0,COMPLETED,False,0,EU
VF8VNF_0010,2_39_79_381_2018-06-08 06:17:39.702552,VG_STA_0002_caltech,CA-490,2026-01-11T13:15:00,22.2,2.305,6.23,opportunity_fast_charge,10,39.07,7146.0,COMPLETED,False,1,EU
VF8VNF_0010,2_39_123_23_2018-06-16 19:26:39.080329,VG_STA_0002_caltech,CA-313,2026-01-11T21:41:00,287.93333333333334,13.962,2.91,overnight_deep_charge,11,37.71,43282.0,COMPLETED,False,0,EU
VF8VNF_0010,2_39_128_18_2018-06-08 15:29:16.401998,VG_STA_0002_caltech,CA-308,2026-01-12T13:14:00,35.28333333333333,1.87,3.18,opportunity_fast_charge,11,23.18,5797.0,COMPLETED,False,1,EU
VF8VNF_0010,2_39_131_30_2018-06-16 22:10:12.842656,VG_STA_0002_caltech,CA-305,2026-01-12T18:35:00,195.71666666666667,13.874,4.25,overnight_deep_charge,12,35.38,43009.0,COMPLETED,False,0,EU
VF8VNF_0010,2_39_138_566_2018-06-16 23:00:46.676631,VG_STA_0002_caltech,CA-512,2026-01-13T20:29:00,1066.6166666666666,13.901,0.78,overnight_deep_charge,13,44.7,43093.0,COMPLETED,False,0,EU
VF8VNF_0010,2_39_124_22_2018-06-17 16:58:11.856083,VG_STA_0002_caltech,CA-312,2026-01-14T19:51:00,129.13333333333333,6.861,3.19,overnight_deep_charge,14,54.02,21269.0,COMPLETED,False,0,EU
VF8VNF_0010,2_39_88_24_2018-06-08 19:13:43.175488,VG_STA_0002_caltech,CA-314,2026-01-15T12:30:00,24.833333333333332,0.901,2.18,opportunity_fast_charge,14,37.5,2793.0,COMPLETED,False,1,EU
VF8VNF_0011,2_39_79_381_2018-06-17 21:59:48.216422,VG_STA_0002_caltech,CA-490,2025-12-31T21:33:00,181.41666666666666,12.954,4.28,overnight_deep_charge,0,52.99,40157.0,COMPLETED,False,0,EU
VF8VNF_0011,2_39_128_18_2018-06-09 15:40:38.724387,VG_STA_0002_caltech,CA-308,2026-01-01T12:29:00,32.31666666666667,3.395,6.3,opportunity_fast_charge,0,59.41,10524.0,COMPLETED,False,1,EU
VF8VNF_0011,2_39_126_20_2018-06-18 02:48:19.539048,VG_STA_0002_caltech,CA-310,2026-01-01T18:51:00,151.38333333333333,13.958,5.53,overnight_deep_charge,1,32.87,43270.0,COMPLETED,False,0,EU
VF8VNF_0011,2_39_138_29_2018-06-18 02:59:41.849634,VG_STA_0002_caltech,CA-304,2026-01-02T20:57:00,126.3,6.045,2.87,overnight_deep_charge,2,60.1,18740.0,COMPLETED,False,0,EU
VF8VNF_0011,2_39_79_379_2018-06-20 02:53:31.043612,VG_STA_0002_caltech,CA-327,2026-01-03T21:58:00,728.5166666666667,10.87,0.9,overnight_deep_charge,3,35.26,33697.0,COMPLETED,False,0,EU
VF8VNF_0011,2_39_79_383_2018-06-20 11:49:51.999805,VG_STA_0002_caltech,CA-492,2026-01-04T21:37:00,520.1666666666666,11.756,1.36,overnight_deep_charge,4,60.03,36444.0,COMPLETED,False,0,EU
VF8VNF_0011,2_39_78_366_2018-06-20 15:19:26.534719,VG_STA_0002_caltech,CA-323,2026-01-05T21:12:00,550.9833333333333,10.411,1.13,overnight_deep_charge,5,35.97,32274.0,COMPLETED,False,0,EU
VF8VNF_0011,2_39_89_25_2018-06-20 15:47:24.170128,VG_STA_0002_caltech,CA-315,2026-01-06T21:19:00,546.9,18.528,2.03,overnight_deep_charge,6,56.15,57437.0,COMPLETED,False,0,EU
VF8VNF_0011,2_39_92_442_2018-06-20 16:02:39.325682,VG_STA_0002_caltech,CA-498,2026-01-07T21:34:00,1917.9333333333334,5.766,0.18,overnight_deep_charge,7,34.39,17875.0,COMPLETED,False,0,EU
VF8VNF_0011,2_39_126_560_2018-06-20 16:50:53.652686,VG_STA_0002_caltech,CA-506,2026-01-08T19:13:00,503.15,7.613,0.91,overnight_deep_charge,8,44.12,23600.0,COMPLETED,False,0,EU
VF8VNF_0011,2_39_123_23_2018-06-09 23:49:39.188504,VG_STA_0002_caltech,CA-313,2026-01-09T14:16:00,76.78333333333333,8.054,6.29,opportunity_fast_charge,8,35.46,24967.0,COMPLETED,False,1,EU
VF8VNF_0011,2_39_128_562_2018-06-20 17:09:23.286691,VG_STA_0002_caltech,CA-508,2026-01-09T18:40:00,578.7666666666667,6.631,0.69,overnight_deep_charge,9,45.14,20556.0,COMPLETED,False,0,EU
VF8VNF_0011,2_39_139_28_2018-06-10 18:43:40.913203,VG_STA_0002_caltech,CA-303,2026-01-10T13:32:00,31.983333333333334,3.221,6.04,opportunity_fast_charge,9,56.28,9985.0,COMPLETED,False,1,EU
VF8VNF_0011,2_39_78_365_2018-06-21 02:55:03.375901,VG_STA_0002_caltech,CA-321,2026-01-10T21:16:00,184.03333333333333,16.134,5.26,overnight_deep_charge,10,31.64,50015.0,COMPLETED,False,0,EU
VF8VNF_0011,2_39_128_18_2018-06-12 02:48:44.802403,VG_STA_0002_caltech,CA-308,2026-01-11T13:50:00,28.183333333333334,2.68,5.71,opportunity_fast_charge,10,49.88,8308.0,COMPLETED,False,1,EU
VF8VNF_0011,2_39_130_31_2018-06-21 15:31:23.188650,VG_STA_0002_caltech,CA-306,2026-01-11T18:56:00,566.25,4.772,0.51,overnight_deep_charge,11,28.26,14793.0,COMPLETED,False,0,EU
VF8VNF_0011,2_39_125_21_2018-06-21 15:50:46.555396,VG_STA_0002_caltech,CA-311,2026-01-12T20:12:00,428.28333333333336,5.119,0.72,overnight_deep_charge,12,58.73,15869.0,COMPLETED,False,0,EU
VF8VNF_0011,2_39_126_560_2018-06-21 16:17:19.799334,VG_STA_0002_caltech,CA-506,2026-01-13T19:47:00,120.25,4.458,2.22,overnight_deep_charge,13,58.47,13820.0,COMPLETED,False,0,EU
VF8VNF_0011,2_39_78_360_2018-06-21 20:48:23.391037,VG_STA_0002_caltech,CA-322,2026-01-14T21:47:00,184.81666666666666,2.455,0.8,overnight_deep_charge,14,50.45,7610.0,COMPLETED,False,0,EU
VF8VNF_0011,2_39_129_563_2018-06-14 17:24:05.159404,VG_STA_0002_caltech,CA-509,2026-01-15T13:37:00,88.4,2.497,1.69,opportunity_fast_charge,14,43.31,7741.0,COMPLETED,False,1,EU
VF8VNF_0012,2_39_129_17_2018-06-22 15:46:55.697245,VG_STA_0002_caltech,CA-307,2025-12-31T18:37:00,538.5666666666667,4.883,0.54,overnight_deep_charge,0,65.0,15137.0,COMPLETED,False,0,EU
VF8VNF_0012,2_39_79_382_2018-06-22 15:50:12.002323,VG_STA_0002_caltech,CA-491,2026-01-01T20:19:00,212.66666666666666,8.738,2.47,overnight_deep_charge,1,42.22,27088.0,COMPLETED,False,0,EU
VF8VNF_0012,2_39_138_29_2018-06-22 18:46:45.172547,VG_STA_0002_caltech,CA-304,2026-01-02T20:31:00,199.8,2.48,0.74,overnight_deep_charge,2,24.48,7688.0,COMPLETED,False,0,EU
VF8VNF_0012,2_39_125_21_2018-06-23 02:18:16.913485,VG_STA_0002_caltech,CA-311,2026-01-03T20:06:00,131.96666666666667,12.615,5.74,overnight_deep_charge,3,46.2,39106.0,COMPLETED,False,0,EU
VF8VNF_0012,2_39_79_377_2018-06-23 05:12:22.480967,VG_STA_0002_caltech,CA-325,2026-01-04T21:12:00,738.8333333333334,40.035,3.25,overnight_deep_charge,4,43.53,124108.0,COMPLETED,False,0,EU
VF8VNF_0012,2_39_91_437_2018-06-25 02:09:49.305660,VG_STA_0002_caltech,CA-317,2026-01-05T19:09:00,160.68333333333334,14.069,5.25,overnight_deep_charge,5,34.92,43614.0,COMPLETED,False,0,EU
VF8VNF_0012,2_39_126_20_2018-06-14 22:29:27.576348,VG_STA_0002_caltech,CA-310,2026-01-06T13:02:00,11.283333333333333,0.747,3.97,opportunity_fast_charge,5,42.43,2316.0,COMPLETED,False,1,EU
VF8VNF_0012,2_39_79_380_2018-06-25 13:53:33.123779,VG_STA_0002_caltech,CA-489,2026-01-06T19:44:00,552.25,7.628,0.83,overnight_deep_charge,6,44.58,23647.0,COMPLETED,False,0,EU
VF8VNF_0012,2_39_78_360_2018-06-25 15:47:46.651172,VG_STA_0002_caltech,CA-322,2026-01-07T19:02:00,515.9666666666667,6.484,0.75,overnight_deep_charge,7,30.13,20100.0,COMPLETED,False,0,EU
VF8VNF_0012,2_39_78_363_2018-06-25 18:21:22.183066,VG_STA_0002_caltech,CA-320,2026-01-08T20:15:00,333.4166666666667,9.487,1.71,overnight_deep_charge,8,50.06,29410.0,COMPLETED,False,0,EU
VF8VNF_0012,2_39_78_364_2018-06-25 18:51:16.088684,VG_STA_0002_caltech,CA-495,2026-01-09T18:12:00,397.31666666666666,12.565,1.9,overnight_deep_charge,9,58.15,38952.0,COMPLETED,False,0,EU
VF8VNF_0012,2_39_123_23_2018-06-25 23:47:58.800502,VG_STA_0002_caltech,CA-313,2026-01-10T19:10:00,261.06666666666666,13.126,3.02,overnight_deep_charge,10,36.88,40691.0,COMPLETED,False,0,EU
VF8VNF_0012,2_39_91_437_2018-06-26 03:01:46.381438,VG_STA_0002_caltech,CA-317,2026-01-11T18:21:00,644.1833333333333,12.714,1.18,overnight_deep_charge,11,44.96,39413.0,COMPLETED,False,0,EU
VF8VNF_0012,2_39_78_361_2018-06-15 01:45:17.377854,VG_STA_0002_caltech,CA-493,2026-01-12T10:51:00,28.433333333333334,2.646,5.58,opportunity_fast_charge,11,59.11,8203.0,COMPLETED,False,1,EU
VF8VNF_0012,2_39_90_26_2018-06-26 12:58:14.361000,VG_STA_0002_caltech,CA-316,2026-01-12T18:37:00,681.05,13.585,1.2,overnight_deep_charge,12,37.55,42114.0,COMPLETED,False,0,EU
VF8VNF_0012,2_39_78_364_2018-06-15 22:35:23.639145,VG_STA_0002_caltech,CA-495,2026-01-13T11:51:00,50.5,2.691,3.2,opportunity_fast_charge,12,41.0,8342.0,COMPLETED,False,1,EU
VF8VNF_0012,2_39_79_378_2018-06-26 13:48:29.710501,VG_STA_0002_caltech,CA-326,2026-01-13T21:15:00,605.2166666666667,7.125,0.71,overnight_deep_charge,13,58.01,22088.0,COMPLETED,False,0,EU
VF8VNF_0012,2_39_79_383_2018-06-27 17:25:30.593888,VG_STA_0002_caltech,CA-492,2026-01-14T18:03:00,461.3833333333333,3.919,0.51,overnight_deep_charge,14,54.59,12149.0,COMPLETED,False,0,EU
VF8VNF_0013,2_39_125_21_2018-06-28 15:48:11.782382,VG_STA_0002_caltech,CA-311,2025-12-31T20:18:00,534.0333333333333,4.165,0.47,overnight_deep_charge,0,45.21,12912.0,COMPLETED,False,0,EU
VF8VNF_0013,2_39_88_24_2018-06-16 14:31:14.370344,VG_STA_0002_caltech,CA-314,2026-01-01T12:31:00,20.95,2.193,6.28,opportunity_fast_charge,0,37.82,6798.0,COMPLETED,False,1,EU
VF8VNF_0013,2_39_128_18_2018-06-28 16:08:14.497022,VG_STA_0002_caltech,CA-308,2026-01-01T21:01:00,422.85,13.866,1.97,overnight_deep_charge,1,40.58,42985.0,COMPLETED,False,0,EU
VF8VNF_0013,2_39_123_23_2018-06-17 23:05:49.697781,VG_STA_0002_caltech,CA-313,2026-01-02T10:12:00,63.31666666666667,6.258,5.93,opportunity_fast_charge,1,65.0,19400.0,COMPLETED,False,1,EU
VF8VNF_0013,2_39_126_20_2018-06-28 19:05:05.275295,VG_STA_0002_caltech,CA-310,2026-01-02T18:43:00,245.46666666666667,10.18,2.49,overnight_deep_charge,2,40.27,31558.0,COMPLETED,False,0,EU
VF8VNF_0013,2_39_78_366_2018-06-29 15:11:33.840598,VG_STA_0002_caltech,CA-323,2026-01-03T18:12:00,265.0,6.507,1.47,overnight_deep_charge,3,53.8,20172.0,COMPLETED,False,0,EU
VF8VNF_0013,2_39_89_25_2018-06-18 04:13:23.640493,VG_STA_0002_caltech,CA-315,2026-01-04T13:32:00,57.78333333333333,6.071,6.3,opportunity_fast_charge,3,51.22,18820.0,COMPLETED,False,1,EU
VF8VNF_0013,2_39_88_24_2018-06-29 15:49:31.482295,VG_STA_0002_caltech,CA-314,2026-01-04T19:33:00,525.7666666666667,5.943,0.68,overnight_deep_charge,4,50.01,18423.0,COMPLETED,False,0,EU
VF8VNF_0013,2_39_91_437_2018-06-30 17:36:49.135153,VG_STA_0002_caltech,CA-317,2026-01-05T19:00:00,1623.45,41.893,1.55,overnight_deep_charge,5,48.87,129868.0,COMPLETED,False,0,EU
VF8VNF_0013,2_39_127_19_2018-07-01 01:13:52.325607,VG_STA_0002_caltech,CA-309,2026-01-06T18:40:00,158.43333333333334,13.872,5.25,overnight_deep_charge,6,49.71,43003.0,COMPLETED,False,0,EU
VF8VNF_0013,2_39_78_367_2018-07-02 14:33:25.559858,VG_STA_0002_caltech,CA-494,2026-01-07T20:46:00,508.56666666666666,3.263,0.38,overnight_deep_charge,7,39.92,10115.0,COMPLETED,False,0,EU
VF8VNF_0013,2_39_128_18_2018-06-18 04:50:10.244497,VG_STA_0002_caltech,CA-308,2026-01-08T11:18:00,22.333333333333332,2.302,6.18,opportunity_fast_charge,7,38.8,7136.0,COMPLETED,False,1,EU
VF8VNF_0013,2_39_139_28_2018-07-02 14:34:04.965076,VG_STA_0002_caltech,CA-303,2026-01-08T19:24:00,622.4333333333333,28.716,2.77,overnight_deep_charge,8,20.0,89020.0,COMPLETED,False,0,EU
VF8VNF_0013,2_39_128_18_2018-06-20 03:24:20.724284,VG_STA_0002_caltech,CA-308,2026-01-09T11:48:00,68.56666666666666,6.69,5.85,opportunity_fast_charge,8,33.57,20739.0,COMPLETED,False,1,EU
VF8VNF_0013,2_39_131_30_2018-07-02 15:27:53.053352,VG_STA_0002_caltech,CA-305,2026-01-09T18:28:00,273.6166666666667,12.132,2.66,overnight_deep_charge,9,38.7,37609.0,COMPLETED,False,0,EU
VF8VNF_0013,2_39_139_28_2018-06-20 13:05:41.521486,VG_STA_0002_caltech,CA-303,2026-01-10T10:24:00,72.96666666666667,7.495,6.16,opportunity_fast_charge,9,34.91,23234.0,COMPLETED,False,1,EU
VF8VNF_0013,2_39_130_31_2018-07-03 16:49:56.950872,VG_STA_0002_caltech,CA-306,2026-01-10T18:28:00,483.6,6.16,0.76,overnight_deep_charge,10,52.19,19096.0,COMPLETED,False,0,EU
VF8VNF_0013,2_39_92_436_2018-06-20 19:42:15.955750,VG_STA_0002_caltech,CA-318,2026-01-11T13:27:00,24.166666666666668,0.61,1.51,opportunity_fast_charge,10,39.98,1891.0,COMPLETED,False,1,EU
VF8VNF_0013,2_39_89_439_2018-07-03 17:04:53.049837,VG_STA_0002_caltech,CA-501,2026-01-11T18:15:00,460.0833333333333,25.267,3.3,overnight_deep_charge,11,34.71,78328.0,COMPLETED,False,0,EU
VF8VNF_0013,2_39_131_30_2018-07-03 23:12:53.846495,VG_STA_0002_caltech,CA-305,2026-01-12T21:34:00,284.5833333333333,13.89,2.93,overnight_deep_charge,12,57.54,43059.0,COMPLETED,False,0,EU
VF8VNF_0013,2_39_95_27_2018-07-06 14:44:35.440634,VG_STA_0002_caltech,CA-319,2026-01-13T19:39:00,568.2666666666667,6.463,0.68,overnight_deep_charge,13,27.48,20035.0,COMPLETED,False,0,EU
VF8VNF_0013,2_39_128_18_2018-06-21 03:26:54.973164,VG_STA_0002_caltech,CA-308,2026-01-14T10:20:00,83.2,4.248,3.06,opportunity_fast_charge,13,24.82,13169.0,COMPLETED,False,1,EU
VF8VNF_0013,2_39_88_24_2018-07-06 22:17:33.554708,VG_STA_0002_caltech,CA-314,2026-01-14T20:14:00,238.26666666666668,21.543,5.42,overnight_deep_charge,14,45.59,66783.0,COMPLETED,False,0,EU
VF8VNF_0014,2_39_78_365_2018-07-09 15:31:46.982425,VG_STA_0002_caltech,CA-321,2025-12-31T20:55:00,313.56666666666666,3.971,0.76,overnight_deep_charge,0,43.64,12310.0,COMPLETED,False,0,EU
VF8VNF_0014,2_39_126_20_2018-07-09 16:44:46.989580,VG_STA_0002_caltech,CA-310,2026-01-01T18:10:00,469.81666666666666,4.019,0.51,overnight_deep_charge,1,53.13,12459.0,COMPLETED,False,0,EU
VF8VNF_0014,2_39_124_558_2018-06-22 01:00:24.485184,VG_STA_0002_caltech,CA-504,2026-01-02T12:28:00,75.63333333333334,6.072,4.82,opportunity_fast_charge,1,38.6,18823.0,COMPLETED,False,1,EU
VF8VNF_0014,2_39_90_26_2018-07-11 00:11:13.817748,VG_STA_0002_caltech,CA-316,2026-01-02T20:33:00,195.98333333333332,19.931,6.1,overnight_deep_charge,2,27.9,61786.0,COMPLETED,False,0,EU
VF8VNF_0014,2_39_78_361_2018-07-11 15:47:22.694210,VG_STA_0002_caltech,CA-493,2026-01-03T20:49:00,658.85,3.039,0.28,overnight_deep_charge,3,48.56,9421.0,COMPLETED,False,0,EU
VF8VNF_0014,2_39_129_17_2018-07-12 15:49:40.719395,VG_STA_0002_caltech,CA-307,2026-01-04T19:16:00,435.25,4.859,0.67,overnight_deep_charge,4,50.71,15063.0,COMPLETED,False,0,EU
VF8VNF_0014,2_39_130_31_2018-07-12 16:20:38.977084,VG_STA_0002_caltech,CA-306,2026-01-05T18:55:00,128.21666666666667,3.481,1.63,overnight_deep_charge,5,35.93,10791.0,COMPLETED,False,0,EU
VF8VNF_0014,2_39_126_560_2018-07-12 20:04:59.030702,VG_STA_0002_caltech,CA-506,2026-01-06T19:27:00,221.46666666666667,1.87,0.51,overnight_deep_charge,6,65.0,5797.0,COMPLETED,False,0,EU
VF8VNF_0014,2_39_127_19_2018-06-22 23:18:52.497683,VG_STA_0002_caltech,CA-309,2026-01-07T10:35:00,10.85,0.915,5.06,opportunity_fast_charge,6,46.15,2836.0,COMPLETED,False,1,EU
VF8VNF_0014,2_39_131_30_2018-07-12 23:00:45.502145,VG_STA_0002_caltech,CA-305,2026-01-07T19:54:00,347.31666666666666,13.889,2.4,overnight_deep_charge,7,53.54,43056.0,COMPLETED,False,0,EU
VF8VNF_0014,2_39_78_360_2018-07-13 00:18:16.179151,VG_STA_0002_caltech,CA-322,2026-01-08T20:31:00,768.4833333333333,19.04758213860417,1.49,overnight_deep_charge,8,51.34,59048.0,COMPLETED,False,0,EU
VF8VNF_0014,2_39_127_19_2018-06-22 23:35:33.367995,VG_STA_0002_caltech,CA-309,2026-01-09T13:13:00,61.483333333333334,6.129,5.98,opportunity_fast_charge,8,50.19,19000.0,COMPLETED,False,1,EU
VF8VNF_0014,2_39_95_27_2018-07-13 01:46:56.928903,VG_STA_0002_caltech,CA-319,2026-01-09T18:39:00,126.3,12.819,6.09,overnight_deep_charge,9,39.76,39739.0,COMPLETED,False,0,EU
VF8VNF_0014,2_39_128_18_2018-06-23 00:28:44.093002,VG_STA_0002_caltech,CA-308,2026-01-10T13:39:00,82.95,8.007,5.79,opportunity_fast_charge,9,47.15,24822.0,COMPLETED,False,1,EU
VF8VNF_0014,2_39_91_437_2018-07-13 03:15:56.687016,VG_STA_0002_caltech,CA-317,2026-01-10T19:22:00,642.9833333333333,13.14,1.23,overnight_deep_charge,10,44.67,40734.0,COMPLETED,False,0,EU
VF8VNF_0014,2_39_129_17_2018-06-23 02:28:40.810720,VG_STA_0002_caltech,CA-307,2026-01-11T10:16:00,60.81666666666667,5.902,5.82,opportunity_fast_charge,10,41.46,18296.0,COMPLETED,False,1,EU
VF8VNF_0014,2_39_130_564_2018-07-13 17:30:22.130011,VG_STA_0002_caltech,CA-510,2026-01-11T21:53:00,598.0833333333334,1.79,0.18,overnight_deep_charge,11,36.32,5549.0,COMPLETED,False,0,EU
VF8VNF_0014,2_39_138_566_2018-06-25 14:26:06.291470,VG_STA_0002_caltech,CA-512,2026-01-12T11:06:00,72.45,0.958,0.79,opportunity_fast_charge,11,50.31,2970.0,COMPLETED,False,1,EU
VF8VNF_0014,2_39_138_29_2018-07-14 01:24:09.402289,VG_STA_0002_caltech,CA-304,2026-01-12T18:27:00,229.51666666666668,6.33,1.65,overnight_deep_charge,12,35.6,19623.0,COMPLETED,False,0,EU
VF8VNF_0014,2_39_139_28_2018-06-25 20:45:08.970448,VG_STA_0002_caltech,CA-303,2026-01-13T12:49:00,48.53333333333333,1.689,2.09,opportunity_fast_charge,12,40.96,5236.0,COMPLETED,False,1,EU
VF8VNF_0014,2_39_130_31_2018-07-14 20:10:25.513087,VG_STA_0002_caltech,CA-306,2026-01-13T19:46:00,192.63333333333333,5.725,1.78,overnight_deep_charge,13,45.76,17748.0,COMPLETED,False,0,EU
VF8VNF_0014,2_39_91_441_2018-07-15 03:58:52.022311,VG_STA_0002_caltech,CA-499,2026-01-14T19:47:00,752.3666666666667,41.868,3.34,overnight_deep_charge,14,54.37,129791.0,COMPLETED,False,0,EU
VF8VNF_0014,2_39_139_567_2018-06-26 17:57:48.858387,VG_STA_0002_caltech,CA-513,2026-01-15T13:04:00,59.5,1.459,1.47,opportunity_fast_charge,14,24.15,4523.0,COMPLETED,False,1,EU
VF8VNF_0015,2_39_78_363_2018-07-15 05:54:43.603841,VG_STA_0002_caltech,CA-320,2025-12-31T18:55:00,875.1833333333333,39.833,2.73,overnight_deep_charge,0,40.55,123482.0,COMPLETED,False,0,EU
VF8VNF_0015,2_39_138_29_2018-06-26 23:38:11.730329,VG_STA_0002_caltech,CA-304,2026-01-01T12:11:00,87.95,4.714,3.22,opportunity_fast_charge,0,46.16,14613.0,COMPLETED,False,1,EU
VF8VNF_0015,2_39_127_19_2018-07-15 17:39:53.742518,VG_STA_0002_caltech,CA-309,2026-01-01T19:16:00,251.05,13.87,3.31,overnight_deep_charge,1,47.97,42997.0,COMPLETED,False,0,EU
VF8VNF_0015,2_39_79_381_2018-06-27 01:02:32.385423,VG_STA_0002_caltech,CA-490,2026-01-02T10:23:00,82.66666666666667,8.32,6.04,opportunity_fast_charge,1,45.8,25792.0,COMPLETED,False,1,EU
VF8VNF_0015,2_39_123_23_2018-07-15 18:31:25.683394,VG_STA_0002_caltech,CA-313,2026-01-02T20:11:00,144.75,13.89,5.76,overnight_deep_charge,2,41.74,43059.0,COMPLETED,False,0,EU
VF8VNF_0015,2_39_95_27_2018-07-15 18:45:10.776750,VG_STA_0002_caltech,CA-319,2026-01-03T18:10:00,481.48333333333335,41.875,5.22,overnight_deep_charge,3,45.58,129812.0,COMPLETED,False,0,EU
VF8VNF_0015,2_39_138_29_2018-06-27 03:06:59.263340,VG_STA_0002_caltech,CA-304,2026-01-04T14:28:00,87.23333333333333,8.526,5.86,opportunity_fast_charge,3,53.52,26431.0,COMPLETED,False,1,EU
VF8VNF_0015,2_39_127_19_2018-07-16 07:51:37.515747,VG_STA_0002_caltech,CA-309,2026-01-04T18:41:00,476.6333333333333,13.878,1.75,overnight_deep_charge,4,45.87,43022.0,COMPLETED,False,0,EU
VF8VNF_0015,2_39_125_21_2018-06-27 04:59:52.452713,VG_STA_0002_caltech,CA-311,2026-01-05T11:42:00,23.683333333333334,1.191,3.02,opportunity_fast_charge,4,53.39,3692.0,COMPLETED,False,1,EU
VF8VNF_0015,2_39_78_365_2018-07-16 15:29:53.361915,VG_STA_0002_caltech,CA-321,2026-01-05T20:17:00,318.4,5.594,1.05,overnight_deep_charge,5,56.77,17341.0,COMPLETED,False,0,EU
VF8VNF_0015,2_39_125_21_2018-06-28 05:01:47.166390,VG_STA_0002_caltech,CA-311,2026-01-06T13:29:00,88.21666666666667,9.118,6.2,opportunity_fast_charge,5,46.77,28266.0,COMPLETED,False,1,EU
VF8VNF_0015,2_39_79_379_2018-07-16 19:04:15.094289,VG_STA_0002_caltech,CA-327,2026-01-06T18:14:00,260.28333333333336,11.232,2.59,overnight_deep_charge,6,25.25,34819.0,COMPLETED,False,0,EU
VF8VNF_0015,2_39_129_17_2018-06-28 21:49:26.522205,VG_STA_0002_caltech,CA-307,2026-01-07T14:23:00,88.0,8.108,5.53,opportunity_fast_charge,6,43.36,25135.0,COMPLETED,False,1,EU
VF8VNF_0015,2_39_129_17_2018-07-16 22:57:00.980726,VG_STA_0002_caltech,CA-307,2026-01-07T20:32:00,183.11666666666667,13.883,4.55,overnight_deep_charge,7,41.0,43037.0,COMPLETED,False,0,EU
VF8VNF_0015,2_39_79_383_2018-07-17 21:34:07.378085,VG_STA_0002_caltech,CA-492,2026-01-08T21:45:00,162.5,3.044,1.12,overnight_deep_charge,8,45.77,9436.0,COMPLETED,False,0,EU
VF8VNF_0015,2_39_138_29_2018-07-18 14:38:50.818826,VG_STA_0002_caltech,CA-304,2026-01-09T18:30:00,607.2666666666667,4.652,0.46,overnight_deep_charge,9,36.26,14421.0,COMPLETED,False,0,EU
VF8VNF_0015,2_39_79_378_2018-07-18 15:05:17.824627,VG_STA_0002_caltech,CA-326,2026-01-10T18:25:00,608.4333333333333,3.518,0.35,overnight_deep_charge,10,56.57,10906.0,COMPLETED,False,0,EU
VF8VNF_0015,2_39_126_20_2018-06-29 02:08:39.126622,VG_STA_0002_caltech,CA-310,2026-01-11T11:56:00,7.883333333333334,0.75,5.71,opportunity_fast_charge,10,30.68,2325.0,COMPLETED,False,1,EU
VF8VNF_0015,2_39_79_380_2018-07-18 15:34:28.272378,VG_STA_0002_caltech,CA-489,2026-01-11T19:07:00,186.73333333333332,7.061,2.27,overnight_deep_charge,11,40.96,21889.0,COMPLETED,False,0,EU
VF8VNF_0015,2_39_127_19_2018-06-29 06:19:34.615690,VG_STA_0002_caltech,CA-309,2026-01-12T10:02:00,6.95,0.606,5.23,opportunity_fast_charge,11,39.0,1879.0,COMPLETED,False,1,EU
VF8VNF_0015,2_39_91_437_2018-07-18 15:45:52.998759,VG_STA_0002_caltech,CA-317,2026-01-12T19:16:00,552.1,24.273,2.64,overnight_deep_charge,12,44.37,75246.0,COMPLETED,False,0,EU
VF8VNF_0015,2_39_79_376_2018-06-29 22:18:21.939464,VG_STA_0002_caltech,CA-324,2026-01-13T10:04:00,87.55,2.245,1.54,opportunity_fast_charge,12,44.57,6960.0,COMPLETED,False,1,EU
VF8VNF_0015,2_39_127_19_2018-07-18 22:08:50.614733,VG_STA_0002_caltech,CA-309,2026-01-13T21:49:00,240.63333333333333,1.703,0.42,overnight_deep_charge,13,62.62,5279.0,COMPLETED,False,0,EU
VF8VNF_0015,2_39_79_381_2018-07-18 23:39:48.603114,VG_STA_0002_caltech,CA-490,2026-01-14T21:31:00,807.5,16.661,1.24,overnight_deep_charge,14,20.0,51649.0,COMPLETED,False,0,EU
VF8VNF_0015,2_39_130_564_2018-06-30 00:59:10.023305,VG_STA_0002_caltech,CA-510,2026-01-15T10:51:00,47.75,2.119,2.66,opportunity_fast_charge,14,51.42,6569.0,COMPLETED,False,1,EU
VF8VNF_0016,2_39_123_23_2018-07-19 03:13:31.670477,VG_STA_0002_caltech,CA-313,2025-12-31T21:35:00,599.65,13.827351388888891,1.38,overnight_deep_charge,0,45.07,42865.0,COMPLETED,False,0,EU
VF8VNF_0016,2_39_126_560_2018-07-20 23:07:29.224950,VG_STA_0002_caltech,CA-506,2026-01-01T19:21:00,404.06666666666666,14.001,2.08,overnight_deep_charge,1,47.31,43403.0,COMPLETED,False,0,EU
VF8VNF_0016,2_39_139_28_2018-07-21 17:20:44.382342,VG_STA_0002_caltech,CA-303,2026-01-02T19:52:00,223.18333333333334,11.731,3.15,overnight_deep_charge,2,56.27,36366.0,COMPLETED,False,0,EU
VF8VNF_0016,2_39_131_30_2018-07-23 15:46:46.656611,VG_STA_0002_caltech,CA-305,2026-01-03T19:16:00,589.6166666666667,12.861,1.31,overnight_deep_charge,3,50.82,39869.0,COMPLETED,False,0,EU
VF8VNF_0016,2_39_130_31_2018-06-30 15:26:45.788963,VG_STA_0002_caltech,CA-306,2026-01-04T11:45:00,80.85,8.985,6.67,opportunity_fast_charge,3,34.89,27854.0,COMPLETED,False,1,EU
VF8VNF_0016,2_39_128_18_2018-07-23 16:17:00.647858,VG_STA_0002_caltech,CA-308,2026-01-04T20:21:00,182.71666666666667,5.071,1.67,overnight_deep_charge,4,52.21,15720.0,COMPLETED,False,0,EU
VF8VNF_0016,2_39_125_21_2018-07-01 14:41:36.676745,VG_STA_0002_caltech,CA-311,2026-01-05T13:10:00,57.916666666666664,6.529,6.76,opportunity_fast_charge,4,35.21,20240.0,COMPLETED,False,1,EU
VF8VNF_0016,2_39_92_442_2018-07-23 22:41:33.961738,VG_STA_0002_caltech,CA-498,2026-01-05T19:43:00,121.5,12.642,6.24,overnight_deep_charge,5,46.48,39190.0,COMPLETED,False,0,EU
VF8VNF_0016,2_39_127_561_2018-07-23 22:57:08.148277,VG_STA_0002_caltech,CA-507,2026-01-06T20:28:00,296.01666666666665,13.898,2.82,overnight_deep_charge,6,39.87,43084.0,COMPLETED,False,0,EU
VF8VNF_0016,2_39_129_17_2018-07-24 01:05:45.720438,VG_STA_0002_caltech,CA-307,2026-01-07T19:59:00,241.63333333333333,13.899,3.45,overnight_deep_charge,7,31.25,43087.0,COMPLETED,False,0,EU
VF8VNF_0016,2_39_131_30_2018-07-24 15:58:08.935917,VG_STA_0002_caltech,CA-305,2026-01-08T21:25:00,438.4166666666667,13.903,1.9,overnight_deep_charge,8,29.87,43099.0,COMPLETED,False,0,EU
VF8VNF_0016,2_39_128_18_2018-07-01 16:21:55.497422,VG_STA_0002_caltech,CA-308,2026-01-09T12:40:00,27.266666666666666,0.832,1.83,opportunity_fast_charge,8,49.36,2579.0,COMPLETED,False,1,EU
VF8VNF_0016,2_39_89_439_2018-07-24 16:14:33.582453,VG_STA_0002_caltech,CA-501,2026-01-09T20:18:00,351.75,4.174,0.71,overnight_deep_charge,9,59.23,12939.0,COMPLETED,False,0,EU
VF8VNF_0016,2_39_79_378_2018-07-24 23:21:02.689596,VG_STA_0002_caltech,CA-326,2026-01-10T20:47:00,258.3,22.738,5.28,overnight_deep_charge,10,48.01,70488.0,COMPLETED,False,0,EU
VF8VNF_0016,2_39_128_18_2018-07-01 23:12:56.510020,VG_STA_0002_caltech,CA-308,2026-01-11T13:25:00,23.466666666666665,2.364,6.04,opportunity_fast_charge,10,45.16,7328.0,COMPLETED,False,1,EU
VF8VNF_0016,2_39_123_23_2018-07-25 01:56:48.129063,VG_STA_0002_caltech,CA-313,2026-01-11T19:42:00,192.85,10.448,3.25,overnight_deep_charge,11,41.18,32389.0,COMPLETED,False,0,EU
VF8VNF_0016,2_39_79_378_2018-07-25 03:39:34.580437,VG_STA_0002_caltech,CA-326,2026-01-12T19:59:00,162.51666666666668,17.343,6.4,overnight_deep_charge,12,34.84,53763.0,COMPLETED,False,0,EU
VF8VNF_0016,2_39_95_27_2018-07-03 01:37:48.503221,VG_STA_0002_caltech,CA-319,2026-01-13T13:58:00,64.7,7.367,6.83,opportunity_fast_charge,12,51.11,22838.0,COMPLETED,False,1,EU
VF8VNF_0016,2_39_79_376_2018-07-25 20:44:58.854636,VG_STA_0002_caltech,CA-324,2026-01-13T20:58:00,337.46666666666664,15.396,2.74,overnight_deep_charge,13,36.8,47728.0,COMPLETED,False,0,EU
VF8VNF_0016,2_39_78_363_2018-07-26 17:06:52.697064,VG_STA_0002_caltech,CA-320,2026-01-14T18:48:00,546.0833333333334,21.938,2.41,overnight_deep_charge,14,59.89,68008.0,COMPLETED,False,0,EU
VF8VNF_0016,2_39_131_30_2018-07-04 19:11:00.774795,VG_STA_0002_caltech,CA-305,2026-01-15T12:57:00,74.73333333333333,8.32,6.68,opportunity_fast_charge,14,38.3,25792.0,COMPLETED,False,1,EU
VF8VNF_0017,2_39_128_18_2018-07-27 01:00:34.065475,VG_STA_0002_caltech,CA-308,2025-12-31T20:51:00,178.25,13.88,4.67,overnight_deep_charge,0,41.48,43028.0,COMPLETED,False,0,EU
VF8VNF_0017,2_39_125_21_2018-07-05 01:19:18.168749,VG_STA_0002_caltech,CA-311,2026-01-01T13:01:00,27.733333333333334,3.013,6.52,opportunity_fast_charge,0,58.82,9340.0,COMPLETED,False,1,EU
VF8VNF_0017,2_39_79_378_2018-07-27 15:26:11.779738,VG_STA_0002_caltech,CA-326,2026-01-01T19:51:00,628.9,20.514,1.96,overnight_deep_charge,1,50.2,63593.0,COMPLETED,False,0,EU
VF8VNF_0017,2_39_127_19_2018-07-05 02:02:05.100519,VG_STA_0002_caltech,CA-309,2026-01-02T10:35:00,11.433333333333334,1.214,6.37,opportunity_fast_charge,1,65.0,3763.0,COMPLETED,False,1,EU
VF8VNF_0017,2_39_139_567_2018-07-27 16:32:01.065861,VG_STA_0002_caltech,CA-513,2026-01-02T19:17:00,315.25,9.071,1.73,overnight_deep_charge,2,56.92,28120.0,COMPLETED,False,0,EU
VF8VNF_0017,2_39_89_25_2018-07-05 04:48:59.936405,VG_STA_0002_caltech,CA-315,2026-01-03T14:20:00,26.533333333333335,2.769,6.26,opportunity_fast_charge,2,42.61,8584.0,COMPLETED,False,1,EU
VF8VNF_0017,2_39_127_561_2018-07-27 16:35:13.109993,VG_STA_0002_caltech,CA-507,2026-01-03T18:18:00,402.21666666666664,0.569,0.08,overnight_deep_charge,3,47.57,1764.0,COMPLETED,False,0,EU
VF8VNF_0017,2_39_91_441_2018-07-27 17:23:56.423659,VG_STA_0002_caltech,CA-499,2026-01-04T19:54:00,262.7,19.44,4.44,overnight_deep_charge,4,35.21,60264.0,COMPLETED,False,0,EU
VF8VNF_0017,2_39_126_20_2018-07-28 01:49:15.298213,VG_STA_0002_caltech,CA-310,2026-01-05T20:07:00,318.6166666666667,13.894,2.62,overnight_deep_charge,5,38.97,43071.0,COMPLETED,False,0,EU
VF8VNF_0017,2_39_78_365_2018-07-28 07:45:58.214329,VG_STA_0002_caltech,CA-321,2026-01-06T20:23:00,466.31666666666666,16.71,2.15,overnight_deep_charge,6,39.59,51801.0,COMPLETED,False,0,EU
VF8VNF_0017,2_39_129_17_2018-07-28 14:53:30.801063,VG_STA_0002_caltech,CA-307,2026-01-07T19:13:00,121.6,2.292,1.13,overnight_deep_charge,7,40.05,7105.0,COMPLETED,False,0,EU
VF8VNF_0017,2_39_79_377_2018-07-05 05:51:48.051780,VG_STA_0002_caltech,CA-325,2026-01-08T13:12:00,10.7,1.077,6.04,opportunity_fast_charge,7,23.48,3339.0,COMPLETED,False,1,EU
VF8VNF_0017,2_39_79_380_2018-07-29 00:28:03.198309,VG_STA_0002_caltech,CA-489,2026-01-08T21:45:00,321.56666666666666,11.178,2.09,overnight_deep_charge,8,46.16,34652.0,COMPLETED,False,0,EU
VF8VNF_0017,2_39_130_31_2018-07-06 00:08:54.348712,VG_STA_0002_caltech,CA-306,2026-01-09T13:36:00,32.13333333333333,3.273,6.11,opportunity_fast_charge,8,47.4,10146.0,COMPLETED,False,1,EU
VF8VNF_0017,2_39_78_360_2018-07-29 06:19:33.841408,VG_STA_0002_caltech,CA-322,2026-01-09T18:50:00,586.7333333333333,14.937,1.53,overnight_deep_charge,9,50.16,46305.0,COMPLETED,False,0,EU
VF8VNF_0017,2_39_79_377_2018-07-29 19:27:41.748610,VG_STA_0002_caltech,CA-325,2026-01-10T20:48:00,279.25,15.794,3.39,overnight_deep_charge,10,41.9,48961.0,COMPLETED,False,0,EU
VF8VNF_0017,2_39_83_387_2018-07-06 00:33:23.371287,VG_STA_0002_caltech,CA-149,2026-01-11T10:55:00,68.76666666666667,3.999,3.49,opportunity_fast_charge,10,36.08,12397.0,COMPLETED,False,1,EU
VF8VNF_0017,2_39_83_386_2018-07-30 15:56:59.578193,VG_STA_0002_caltech,CA-212,2026-01-11T18:14:00,489.1,14.308,1.76,overnight_deep_charge,11,46.36,44355.0,COMPLETED,False,0,EU
VF8VNF_0017,2_39_78_361_2018-07-30 16:14:06.134899,VG_STA_0002_caltech,CA-493,2026-01-12T21:42:00,391.81666666666666,8.522,1.3,overnight_deep_charge,12,39.49,26418.0,COMPLETED,False,0,EU
VF8VNF_0017,2_39_91_437_2018-07-30 16:54:17.943140,VG_STA_0002_caltech,CA-317,2026-01-13T19:12:00,514.6666666666666,14.398,1.68,overnight_deep_charge,13,40.12,44634.0,COMPLETED,False,0,EU
VF8VNF_0017,2_39_92_442_2018-07-06 17:14:59.232078,VG_STA_0002_caltech,CA-498,2026-01-14T12:10:00,86.18333333333334,3.016,2.1,opportunity_fast_charge,13,45.99,9350.0,COMPLETED,False,1,EU
VF8VNF_0017,2_39_90_440_2018-07-30 17:04:49.435100,VG_STA_0002_caltech,CA-500,2026-01-14T19:48:00,548.6333333333333,8.264,0.9,overnight_deep_charge,14,49.48,25618.0,COMPLETED,False,0,EU
VF8VNF_0017,2_39_123_23_2018-07-07 15:52:04.981763,VG_STA_0002_caltech,CA-313,2026-01-15T11:43:00,63.516666666666666,3.25,3.07,opportunity_fast_charge,14,39.07,10075.0,COMPLETED,False,1,EU
VF8VNF_0018,2_39_125_21_2018-07-31 02:49:37.947068,VG_STA_0002_caltech,CA-311,2025-12-31T18:33:00,671.7,13.304,1.19,overnight_deep_charge,0,57.39,41242.0,COMPLETED,False,0,EU
VF8VNF_0018,2_39_90_440_2018-07-07 21:21:42.624890,VG_STA_0002_caltech,CA-500,2026-01-01T10:04:00,68.3,5.98,5.25,opportunity_fast_charge,0,27.15,18538.0,COMPLETED,False,1,EU
VF8VNF_0018,2_39_79_381_2018-07-31 03:57:08.236297,VG_STA_0002_caltech,CA-490,2026-01-01T18:25:00,661.9666666666667,39.935,3.62,overnight_deep_charge,1,44.84,123798.0,COMPLETED,False,0,EU
VF8VNF_0018,2_39_78_363_2018-07-31 06:18:55.808810,VG_STA_0002_caltech,CA-320,2026-01-02T18:04:00,259.95,15.212,3.51,overnight_deep_charge,2,39.77,47157.0,COMPLETED,False,0,EU
VF8VNF_0018,2_39_128_18_2018-07-31 23:09:33.371842,VG_STA_0002_caltech,CA-308,2026-01-03T19:15:00,334.51666666666665,13.973,2.51,overnight_deep_charge,3,33.89,43316.0,COMPLETED,False,0,EU
VF8VNF_0018,2_39_83_387_2018-07-07 22:18:51.525284,VG_STA_0002_caltech,CA-149,2026-01-04T10:32:00,22.916666666666668,0.588,1.54,opportunity_fast_charge,3,40.29,1823.0,COMPLETED,False,1,EU
VF8VNF_0018,2_39_78_365_2018-08-01 03:44:13.345555,VG_STA_0002_caltech,CA-321,2026-01-04T20:00:00,565.6,16.706,1.77,overnight_deep_charge,4,35.95,51789.0,COMPLETED,False,0,EU
VF8VNF_0018,2_39_83_387_2018-07-07 22:41:58.740280,VG_STA_0002_caltech,CA-149,2026-01-05T13:05:00,12.666666666666666,0.734,3.48,opportunity_fast_charge,4,52.53,2275.0,COMPLETED,False,1,EU
VF8VNF_0018,2_39_95_27_2018-08-01 14:08:26.947813,VG_STA_0002_caltech,CA-319,2026-01-05T18:17:00,613.6833333333333,10.835,1.06,overnight_deep_charge,5,52.79,33588.0,COMPLETED,False,0,EU
VF8VNF_0018,2_39_128_562_2018-08-01 16:27:36.193670,VG_STA_0002_caltech,CA-508,2026-01-06T19:16:00,370.5,11.206,1.81,overnight_deep_charge,6,35.66,34739.0,COMPLETED,False,0,EU
VF8VNF_0018,2_39_131_30_2018-07-07 23:35:07.630207,VG_STA_0002_caltech,CA-305,2026-01-07T10:17:00,23.116666666666667,2.198,5.7,opportunity_fast_charge,6,37.08,6814.0,COMPLETED,False,1,EU
VF8VNF_0018,2_39_78_361_2018-08-01 16:44:34.795923,VG_STA_0002_caltech,CA-493,2026-01-07T19:40:00,425.75,11.617,1.64,overnight_deep_charge,7,62.54,36013.0,COMPLETED,False,0,EU
VF8VNF_0018,2_39_78_360_2018-08-02 05:52:53.240238,VG_STA_0002_caltech,CA-322,2026-01-08T20:01:00,469.53333333333336,16.509,2.11,overnight_deep_charge,8,28.19,51178.0,COMPLETED,False,0,EU
VF8VNF_0018,2_39_78_360_2018-08-02 15:22:17.466473,VG_STA_0002_caltech,CA-322,2026-01-09T21:18:00,444.1333333333333,4.886,0.66,overnight_deep_charge,9,45.31,15147.0,COMPLETED,False,0,EU
VF8VNF_0018,2_39_139_28_2018-07-08 04:34:24.361567,VG_STA_0002_caltech,CA-303,2026-01-10T14:23:00,10.866666666666667,1.023,5.65,opportunity_fast_charge,9,64.73,3171.0,COMPLETED,False,1,EU
VF8VNF_0018,2_39_78_363_2018-08-02 16:57:06.321294,VG_STA_0002_caltech,CA-320,2026-01-10T20:20:00,238.95,6.852,1.72,overnight_deep_charge,10,34.25,21241.0,COMPLETED,False,0,EU
VF8VNF_0018,2_39_127_19_2018-08-03 01:58:04.300695,VG_STA_0002_caltech,CA-309,2026-01-11T18:49:00,180.88333333333333,10.14,3.36,overnight_deep_charge,11,54.78,31434.0,COMPLETED,False,0,EU
VF8VNF_0018,2_39_127_19_2018-07-08 04:40:21.165930,VG_STA_0002_caltech,CA-309,2026-01-12T10:25:00,17.216666666666665,1.806,6.29,opportunity_fast_charge,11,50.23,5599.0,COMPLETED,False,1,EU
VF8VNF_0018,2_39_92_436_2018-08-03 13:51:19.787325,VG_STA_0002_caltech,CA-318,2026-01-12T20:29:00,293.05,12.896,2.64,overnight_deep_charge,12,44.68,39978.0,COMPLETED,False,0,EU
VF8VNF_0018,2_39_95_444_2018-08-03 17:38:07.914347,VG_STA_0002_caltech,CA-497,2026-01-13T19:53:00,399.06666666666666,14.967,2.25,overnight_deep_charge,13,38.01,46398.0,COMPLETED,False,0,EU
VF8VNF_0018,2_39_126_20_2018-08-03 19:34:54.542258,VG_STA_0002_caltech,CA-310,2026-01-14T20:38:00,1008.8333333333334,2.047,0.12,overnight_deep_charge,14,54.28,6346.0,COMPLETED,False,0,EU
VF8VNF_0018,2_39_125_21_2018-07-08 15:33:48.292071,VG_STA_0002_caltech,CA-311,2026-01-15T13:22:00,64.61666666666666,7.168,6.66,opportunity_fast_charge,14,50.95,22221.0,COMPLETED,False,1,EU
VF8VNF_0019,2_39_91_441_2018-08-04 04:09:45.700510,VG_STA_0002_caltech,CA-499,2025-12-31T20:46:00,947.0166666666667,13.987,0.89,overnight_deep_charge,0,53.55,43360.0,COMPLETED,False,0,EU
VF8VNF_0019,2_39_78_366_2018-08-04 13:42:13.217777,VG_STA_0002_caltech,CA-323,2026-01-01T21:46:00,146.28333333333333,10.874,4.46,overnight_deep_charge,1,51.61,33709.0,COMPLETED,False,0,EU
VF8VNF_0019,2_39_79_376_2018-08-04 22:47:08.785312,VG_STA_0002_caltech,CA-324,2026-01-02T21:49:00,218.5,4.432,1.22,overnight_deep_charge,2,23.23,13739.0,COMPLETED,False,0,EU
VF8VNF_0019,2_39_139_28_2018-08-05 00:34:52.933199,VG_STA_0002_caltech,CA-303,2026-01-03T18:05:00,157.75,6.115,2.33,overnight_deep_charge,3,48.11,18956.0,COMPLETED,False,0,EU
VF8VNF_0019,2_39_126_20_2018-07-08 16:49:54.294804,VG_STA_0002_caltech,CA-310,2026-01-04T11:23:00,20.133333333333333,2.041,6.08,opportunity_fast_charge,3,50.94,6327.0,COMPLETED,False,1,EU
VF8VNF_0019,2_39_138_29_2018-08-05 21:05:25.338827,VG_STA_0002_caltech,CA-304,2026-01-04T20:58:00,277.18333333333334,13.877,3.0,overnight_deep_charge,4,63.74,43019.0,COMPLETED,False,0,EU
VF8VNF_0019,2_39_91_441_2018-08-05 22:00:59.906977,VG_STA_0002_caltech,CA-499,2026-01-05T21:58:00,129.65,11.884,5.5,overnight_deep_charge,5,31.92,36840.0,COMPLETED,False,0,EU
VF8VNF_0019,2_39_123_23_2018-07-08 23:23:26.195932,VG_STA_0002_caltech,CA-313,2026-01-06T10:55:00,15.833333333333334,0.896,3.4,opportunity_fast_charge,5,37.21,2778.0,COMPLETED,False,1,EU
VF8VNF_0019,2_39_91_441_2018-08-06 00:17:40.774813,VG_STA_0002_caltech,CA-499,2026-01-06T19:07:00,243.86666666666667,13.87,3.41,overnight_deep_charge,6,33.9,42997.0,COMPLETED,False,0,EU
VF8VNF_0019,2_39_138_29_2018-07-09 22:11:01.107987,VG_STA_0002_caltech,CA-304,2026-01-07T10:13:00,85.45,4.552,3.2,opportunity_fast_charge,6,46.37,14111.0,COMPLETED,False,1,EU
VF8VNF_0019,2_39_79_376_2018-08-06 15:14:56.621336,VG_STA_0002_caltech,CA-324,2026-01-07T18:35:00,397.21666666666664,13.244,2.0,overnight_deep_charge,7,59.79,41056.0,COMPLETED,False,0,EU
VF8VNF_0019,2_39_123_23_2018-08-06 15:53:47.478851,VG_STA_0002_caltech,CA-313,2026-01-08T19:57:00,585.2666666666667,13.904,1.43,overnight_deep_charge,8,30.3,43102.0,COMPLETED,False,0,EU
VF8VNF_0019,2_39_88_438_2018-08-06 17:16:32.243905,VG_STA_0002_caltech,CA-502,2026-01-09T19:31:00,468.43333333333334,13.401,1.72,overnight_deep_charge,9,61.51,41543.0,COMPLETED,False,0,EU
VF8VNF_0019,2_39_95_27_2018-08-07 01:20:25.908900,VG_STA_0002_caltech,CA-319,2026-01-10T20:18:00,198.28333333333333,14.009,4.24,overnight_deep_charge,10,45.56,43428.0,COMPLETED,False,0,EU
VF8VNF_0019,2_39_78_363_2018-08-07 05:40:35.004270,VG_STA_0002_caltech,CA-320,2026-01-11T21:39:00,656.8166666666667,13.195,1.21,overnight_deep_charge,11,63.8,40904.0,COMPLETED,False,0,EU
VF8VNF_0019,2_39_79_377_2018-08-07 15:13:24.690335,VG_STA_0002_caltech,CA-325,2026-01-12T18:03:00,680.25,13.667335000000001,1.21,overnight_deep_charge,12,51.47,42369.0,COMPLETED,False,0,EU
VF8VNF_0019,2_39_130_31_2018-08-07 19:06:16.664245,VG_STA_0002_caltech,CA-306,2026-01-13T20:28:00,453.5833333333333,11.77080972222222,1.56,overnight_deep_charge,13,48.56,36490.0,COMPLETED,False,0,EU
VF8VNF_0019,2_39_79_380_2018-08-08 13:49:47.567509,VG_STA_0002_caltech,CA-489,2026-01-14T19:37:00,285.95,5.007,1.05,overnight_deep_charge,14,22.53,15522.0,COMPLETED,False,0,EU
VF8VNF_0019,2_39_78_361_2018-07-11 11:52:00.699989,VG_STA_0002_caltech,CA-493,2026-01-15T12:08:00,23.9,1.284,3.22,opportunity_fast_charge,14,50.91,3980.0,COMPLETED,False,1,EU
VF8VNF_0020,2_39_79_382_2018-08-08 14:45:26.658403,VG_STA_0002_caltech,CA-491,2025-12-31T18:28:00,529.95,6.961,0.79,overnight_deep_charge,0,53.94,21579.0,COMPLETED,False,0,EU
VF8VNF_0020,2_39_124_22_2018-07-11 20:23:40.259825,VG_STA_0002_caltech,CA-312,2026-01-01T13:29:00,56.85,1.817,1.92,opportunity_fast_charge,0,54.64,5633.0,COMPLETED,False,1,EU
VF8VNF_0020,2_39_89_439_2018-08-08 15:01:16.627983,VG_STA_0002_caltech,CA-501,2026-01-01T18:16:00,736.1333333333333,10.148,0.83,overnight_deep_charge,1,55.85,31459.0,COMPLETED,False,0,EU
VF8VNF_0020,2_39_123_23_2018-08-08 16:09:19.234376,VG_STA_0002_caltech,CA-313,2026-01-02T21:23:00,498.56666666666666,5.493,0.66,overnight_deep_charge,2,38.0,17028.0,COMPLETED,False,0,EU
VF8VNF_0020,2_39_126_560_2018-08-08 17:22:08.532386,VG_STA_0002_caltech,CA-506,2026-01-03T19:32:00,406.48333333333335,13.884,2.05,overnight_deep_charge,3,35.73,43040.0,COMPLETED,False,0,EU
VF8VNF_0020,2_39_79_380_2018-08-08 18:56:54.373000,VG_STA_0002_caltech,CA-489,2026-01-04T18:04:00,240.2,9.27,2.32,overnight_deep_charge,4,43.68,28737.0,COMPLETED,False,0,EU
VF8VNF_0020,2_39_124_22_2018-07-11 21:23:44.365984,VG_STA_0002_caltech,CA-312,2026-01-05T13:13:00,73.03333333333333,3.838,3.15,opportunity_fast_charge,4,32.93,11898.0,COMPLETED,False,1,EU
VF8VNF_0020,2_39_78_362_2018-08-09 14:31:20.459378,VG_STA_0002_caltech,CA-496,2026-01-05T20:18:00,538.7166666666667,2.704,0.3,overnight_deep_charge,5,61.98,8382.0,COMPLETED,False,0,EU
VF8VNF_0020,2_39_128_18_2018-07-11 21:48:53.879932,VG_STA_0002_caltech,CA-308,2026-01-06T14:24:00,58.31666666666667,3.412,3.51,opportunity_fast_charge,5,51.3,10577.0,COMPLETED,False,1,EU
VF8VNF_0020,2_39_131_565_2018-08-09 17:07:58.940783,VG_STA_0002_caltech,CA-511,2026-01-06T21:09:00,541.65,13.04,1.44,overnight_deep_charge,6,34.31,40424.0,COMPLETED,False,0,EU
VF8VNF_0020,2_39_138_29_2018-07-11 23:58:09.974856,VG_STA_0002_caltech,CA-304,2026-01-07T10:41:00,68.56666666666666,6.36,5.57,opportunity_fast_charge,6,36.62,19716.0,COMPLETED,False,1,EU
VF8VNF_0020,2_39_79_377_2018-08-09 19:06:15.321382,VG_STA_0002_caltech,CA-325,2026-01-07T18:39:00,257.71666666666664,10.124,2.36,overnight_deep_charge,7,22.7,31384.0,COMPLETED,False,0,EU
VF8VNF_0020,2_39_79_377_2018-08-09 23:39:32.143467,VG_STA_0002_caltech,CA-325,2026-01-08T20:40:00,167.55,9.329,3.34,overnight_deep_charge,8,40.31,28920.0,COMPLETED,False,0,EU
VF8VNF_0020,2_39_78_362_2018-07-12 00:43:42.923365,VG_STA_0002_caltech,CA-496,2026-01-09T13:56:00,83.66666666666667,3.227,2.31,opportunity_fast_charge,8,59.59,10004.0,COMPLETED,False,1,EU
VF8VNF_0020,2_39_78_363_2018-08-10 17:02:15.146584,VG_STA_0002_caltech,CA-320,2026-01-09T21:27:00,474.6333333333333,7.561,0.96,overnight_deep_charge,9,44.84,23439.0,COMPLETED,False,0,EU
VF8VNF_0020,2_39_128_562_2018-08-10 17:33:47.014024,VG_STA_0002_caltech,CA-508,2026-01-10T21:48:00,388.68333333333334,1.9,0.29,overnight_deep_charge,10,43.26,5890.0,COMPLETED,False,0,EU
VF8VNF_0020,2_39_129_17_2018-07-12 05:35:07.385877,VG_STA_0002_caltech,CA-307,2026-01-11T10:21:00,17.883333333333333,1.911,6.41,opportunity_fast_charge,10,33.11,5924.0,COMPLETED,False,1,EU
VF8VNF_0020,2_39_78_360_2018-08-12 22:50:45.403765,VG_STA_0002_caltech,CA-322,2026-01-11T21:28:00,325.48333333333335,13.224,2.44,overnight_deep_charge,11,45.61,40994.0,COMPLETED,False,0,EU
VF8VNF_0020,2_39_128_18_2018-07-12 12:54:06.090544,VG_STA_0002_caltech,CA-308,2026-01-12T14:28:00,34.93333333333333,3.971,6.82,opportunity_fast_charge,11,42.24,12310.0,COMPLETED,False,1,EU
VF8VNF_0020,2_39_129_17_2018-08-13 16:14:10.029215,VG_STA_0002_caltech,CA-307,2026-01-12T21:21:00,389.3333333333333,4.233,0.65,overnight_deep_charge,12,22.13,13122.0,COMPLETED,False,0,EU
VF8VNF_0020,2_39_91_437_2018-07-13 01:37:41.383745,VG_STA_0002_caltech,CA-317,2026-01-13T11:04:00,7.166666666666667,0.695,5.82,opportunity_fast_charge,12,32.74,2154.0,COMPLETED,False,1,EU
VF8VNF_0020,2_39_90_26_2018-08-13 16:39:13.151366,VG_STA_0002_caltech,CA-316,2026-01-13T21:48:00,438.4,5.528,0.76,overnight_deep_charge,13,29.39,17137.0,COMPLETED,False,0,EU
VF8VNF_0020,2_39_89_25_2018-07-13 13:46:04.647374,VG_STA_0002_caltech,CA-315,2026-01-14T12:52:00,72.7,3.702,3.06,opportunity_fast_charge,13,51.52,11476.0,COMPLETED,False,1,EU
VF8VNF_0020,2_39_131_565_2018-08-13 17:07:09.365375,VG_STA_0002_caltech,CA-511,2026-01-14T21:09:00,476.8333333333333,8.003,1.01,overnight_deep_charge,14,57.56,24809.0,COMPLETED,False,0,EU
VF8VNF_0021,2_39_79_379_2018-08-13 19:15:26.792885,VG_STA_0002_caltech,CA-327,2025-12-31T18:47:00,143.11666666666667,4.156,1.74,overnight_deep_charge,0,58.49,12884.0,COMPLETED,False,0,VN
VF8VNF_0021,2_39_78_367_2018-08-14 15:28:45.110818,VG_STA_0002_caltech,CA-494,2026-01-01T18:46:00,836.05,13.292,0.95,overnight_deep_charge,1,45.73,41205.0,COMPLETED,False,0,VN
VF8VNF_0021,2_39_79_376_2018-08-14 19:32:29.412567,VG_STA_0002_caltech,CA-324,2026-01-02T19:21:00,300.01666666666665,0.902,0.18,overnight_deep_charge,2,51.24,2796.0,COMPLETED,False,0,VN
VF8VNF_0021,2_39_124_22_2018-08-15 03:11:03.444292,VG_STA_0002_caltech,CA-312,2026-01-03T21:42:00,133.4,7.985,3.59,overnight_deep_charge,3,63.33,24754.0,COMPLETED,False,0,VN
VF8VNF_0021,2_39_128_562_2018-07-14 01:07:31.573342,VG_STA_0002_caltech,CA-508,2026-01-04T11:29:00,66.6,5.779,5.21,opportunity_fast_charge,3,41.33,17915.0,COMPLETED,False,1,VN
VF8VNF_0021,2_39_79_376_2018-08-16 02:25:31.215222,VG_STA_0002_caltech,CA-324,2026-01-04T18:51:00,160.06666666666666,9.472,3.55,overnight_deep_charge,4,41.05,29363.0,COMPLETED,False,0,VN
VF8VNF_0021,2_39_123_557_2018-07-14 03:55:50.339171,VG_STA_0002_caltech,CA-503,2026-01-05T11:37:00,36.983333333333334,4.056,6.58,opportunity_fast_charge,4,46.11,12574.0,COMPLETED,False,1,VN
VF8VNF_0021,2_39_124_558_2018-08-16 22:19:14.013937,VG_STA_0002_caltech,CA-504,2026-01-05T20:25:00,214.11666666666667,13.889,3.89,overnight_deep_charge,5,43.05,43056.0,COMPLETED,False,0,VN
VF8VNF_0021,2_39_78_363_2018-08-16 22:29:46.112153,VG_STA_0002_caltech,CA-320,2026-01-06T21:32:00,123.0,8.802,4.29,overnight_deep_charge,6,40.26,27286.0,COMPLETED,False,0,VN
VF8VNF_0021,2_39_79_382_2018-08-17 16:24:12.344420,VG_STA_0002_caltech,CA-491,2026-01-07T21:40:00,402.15,13.202,1.97,overnight_deep_charge,7,44.69,40926.0,COMPLETED,False,0,VN
VF8VNF_0021,2_39_78_362_2018-07-14 16:54:42.419271,VG_STA_0002_caltech,CA-496,2026-01-08T10:46:00,87.6,2.624,1.8,opportunity_fast_charge,7,45.03,8134.0,COMPLETED,False,1,VN
VF8VNF_0021,2_39_124_22_2018-08-18 16:20:23.605897,VG_STA_0002_caltech,CA-312,2026-01-08T20:08:00,121.1,2.08,1.03,overnight_deep_charge,8,48.07,6448.0,COMPLETED,False,0,VN
VF8VNF_0021,2_39_139_28_2018-08-18 22:32:03.613009,VG_STA_0002_caltech,CA-303,2026-01-09T19:33:00,246.28333333333333,13.907,3.39,overnight_deep_charge,9,49.21,43112.0,COMPLETED,False,0,VN
VF8VNF_0021,2_39_126_20_2018-07-15 01:33:51.780737,VG_STA_0002_caltech,CA-310,2026-01-10T13:12:00,22.716666666666665,2.44,6.44,opportunity_fast_charge,9,49.36,7564.0,COMPLETED,False,1,VN
VF8VNF_0021,2_39_88_24_2018-08-19 19:04:30.361462,VG_STA_0002_caltech,CA-314,2026-01-10T18:02:00,308.8833333333333,14.894,2.89,overnight_deep_charge,10,33.69,46171.0,COMPLETED,False,0,VN
VF8VNF_0021,2_39_129_17_2018-07-15 16:16:45.575703,VG_STA_0002_caltech,CA-307,2026-01-11T10:12:00,89.2,5.387,3.62,opportunity_fast_charge,10,51.31,16700.0,COMPLETED,False,1,VN
VF8VNF_0021,2_39_79_380_2018-08-20 13:48:56.127860,VG_STA_0002_caltech,CA-489,2026-01-11T18:18:00,559.5166666666667,9.931,1.06,overnight_deep_charge,11,48.28,30786.0,COMPLETED,False,0,VN
VF8VNF_0021,2_39_92_436_2018-07-15 17:45:58.065452,VG_STA_0002_caltech,CA-318,2026-01-12T10:59:00,66.78333333333333,7.418,6.66,opportunity_fast_charge,11,34.69,22996.0,COMPLETED,False,1,VN
VF8VNF_0021,2_39_79_383_2018-08-20 20:29:41.187951,VG_STA_0002_caltech,CA-492,2026-01-12T20:34:00,270.2,4.994,1.11,overnight_deep_charge,12,46.49,15481.0,COMPLETED,False,0,VN
VF8VNF_0021,2_39_78_365_2018-07-15 21:00:11.198714,VG_STA_0002_caltech,CA-321,2026-01-13T12:08:00,69.96666666666667,7.473,6.41,opportunity_fast_charge,12,42.58,23166.0,COMPLETED,False,1,VN
VF8VNF_0021,2_39_95_27_2018-08-21 14:43:32.344657,VG_STA_0002_caltech,CA-319,2026-01-13T18:56:00,612.85,13.898,1.36,overnight_deep_charge,13,38.74,43084.0,COMPLETED,False,0,VN
VF8VNF_0021,2_39_129_17_2018-07-15 22:21:40.407750,VG_STA_0002_caltech,CA-307,2026-01-14T11:40:00,56.483333333333334,5.607,5.96,opportunity_fast_charge,13,62.8,17382.0,COMPLETED,False,1,VN
VF8VNF_0021,2_39_128_562_2018-08-21 15:53:55.558120,VG_STA_0002_caltech,CA-508,2026-01-14T19:00:00,531.8,5.036,0.57,overnight_deep_charge,14,35.86,15612.0,COMPLETED,False,0,VN
VF8VNF_0022,2_39_78_365_2018-08-22 02:55:32.210448,VG_STA_0002_caltech,CA-321,2025-12-31T21:38:00,645.15,13.204,1.23,overnight_deep_charge,0,43.74,40932.0,COMPLETED,False,0,VN
VF8VNF_0022,2_39_123_23_2018-07-15 23:18:50.433263,VG_STA_0002_caltech,CA-313,2026-01-01T11:33:00,23.716666666666665,2.394,6.06,opportunity_fast_charge,0,49.32,7421.0,COMPLETED,False,1,VN
VF8VNF_0022,2_39_123_23_2018-08-22 15:32:51.183466,VG_STA_0002_caltech,CA-313,2026-01-01T18:14:00,599.1833333333333,6.944,0.7,overnight_deep_charge,1,24.38,21526.0,COMPLETED,False,0,VN
VF8VNF_0022,2_39_138_29_2018-07-16 03:38:57.086166,VG_STA_0002_caltech,CA-304,2026-01-02T13:10:00,22.733333333333334,2.319,6.12,opportunity_fast_charge,1,39.36,7189.0,COMPLETED,False,1,VN
VF8VNF_0022,2_39_78_363_2018-08-22 15:52:27.232566,VG_STA_0002_caltech,CA-320,2026-01-02T20:33:00,307.48333333333335,6.733,1.31,overnight_deep_charge,2,56.3,20872.0,COMPLETED,False,0,VN
VF8VNF_0022,2_39_79_381_2018-07-16 04:36:36.148554,VG_STA_0002_caltech,CA-490,2026-01-03T11:28:00,40.266666666666666,4.159,6.2,opportunity_fast_charge,2,29.5,12893.0,COMPLETED,False,1,VN
VF8VNF_0022,2_39_78_365_2018-08-22 17:00:25.071945,VG_STA_0002_caltech,CA-321,2026-01-03T19:45:00,488.51666666666665,13.183,1.62,overnight_deep_charge,3,56.87,40867.0,COMPLETED,False,0,VN
VF8VNF_0022,2_39_89_439_2018-08-22 17:13:36.997034,VG_STA_0002_caltech,CA-501,2026-01-04T19:00:00,477.1666666666667,13.881,1.75,overnight_deep_charge,4,42.8,43031.0,COMPLETED,False,0,VN
VF8VNF_0022,2_39_89_25_2018-07-17 02:05:04.497346,VG_STA_0002_caltech,CA-315,2026-01-05T11:10:00,72.98333333333333,7.747,6.37,opportunity_fast_charge,4,45.27,24016.0,COMPLETED,False,1,VN
VF8VNF_0022,2_39_78_363_2018-08-23 02:51:21.933329,VG_STA_0002_caltech,CA-320,2026-01-05T19:41:00,139.93333333333334,13.2,5.66,overnight_deep_charge,5,53.39,40920.0,COMPLETED,False,0,VN
VF8VNF_0022,2_39_79_377_2018-08-23 14:13:29.968350,VG_STA_0002_caltech,CA-325,2026-01-06T19:47:00,537.9,13.203,1.47,overnight_deep_charge,6,38.25,40929.0,COMPLETED,False,0,VN
VF8VNF_0022,2_39_126_560_2018-08-23 16:32:36.738701,VG_STA_0002_caltech,CA-506,2026-01-07T19:09:00,724.6833333333333,1.958,0.16,overnight_deep_charge,7,40.33,6070.0,COMPLETED,False,0,VN
VF8VNF_0022,2_39_91_437_2018-08-23 18:46:14.496560,VG_STA_0002_caltech,CA-317,2026-01-08T18:22:00,186.53333333333333,10.52,3.38,overnight_deep_charge,8,41.12,32612.0,COMPLETED,False,0,VN
VF8VNF_0022,2_39_131_30_2018-08-24 01:02:42.470734,VG_STA_0002_caltech,CA-305,2026-01-09T18:17:00,534.8166666666667,16.115,1.81,overnight_deep_charge,9,50.17,49956.0,COMPLETED,False,0,VN
VF8VNF_0022,2_39_78_364_2018-07-17 03:06:47.117689,VG_STA_0002_caltech,CA-495,2026-01-10T10:55:00,68.43333333333334,3.866,3.39,opportunity_fast_charge,9,45.6,11985.0,COMPLETED,False,1,VN
VF8VNF_0022,2_39_78_365_2018-08-24 15:16:02.210110,VG_STA_0002_caltech,CA-321,2026-01-10T19:59:00,334.5833333333333,10.838,1.94,overnight_deep_charge,10,42.67,33598.0,COMPLETED,False,0,VN
VF8VNF_0022,2_39_92_436_2018-08-24 15:44:16.638176,VG_STA_0002_caltech,CA-318,2026-01-11T18:04:00,576.0333333333333,13.133,1.37,overnight_deep_charge,11,44.22,40712.0,COMPLETED,False,0,VN
VF8VNF_0022,2_39_90_440_2018-08-24 15:55:28.586086,VG_STA_0002_caltech,CA-500,2026-01-12T19:25:00,3027.85,10.367,0.21,overnight_deep_charge,12,44.47,32138.0,COMPLETED,False,0,VN
VF8VNF_0022,2_39_130_31_2018-08-26 19:42:48.673619,VG_STA_0002_caltech,CA-306,2026-01-13T20:58:00,225.86666666666667,13.893,3.69,overnight_deep_charge,13,46.34,43068.0,COMPLETED,False,0,VN
VF8VNF_0022,2_39_123_23_2018-08-27 02:09:42.457359,VG_STA_0002_caltech,CA-313,2026-01-14T19:21:00,176.48333333333332,13.878,4.72,overnight_deep_charge,14,49.37,43022.0,COMPLETED,False,0,VN
VF8VNF_0022,2_39_78_360_2018-07-17 21:30:49.741305,VG_STA_0002_caltech,CA-322,2026-01-15T12:17:00,57.983333333333334,1.963,2.03,opportunity_fast_charge,14,45.26,6085.0,COMPLETED,False,1,VN
VF8VNF_0023,2_39_128_18_2018-08-27 03:25:49.663457,VG_STA_0002_caltech,CA-308,2025-12-31T19:07:00,714.1833333333333,13.874,1.17,overnight_deep_charge,0,50.44,43009.0,COMPLETED,False,0,VN
VF8VNF_0023,2_39_90_440_2018-07-17 23:58:26.080165,VG_STA_0002_caltech,CA-500,2026-01-01T14:20:00,14.0,0.791,3.39,opportunity_fast_charge,0,43.43,2452.0,COMPLETED,False,1,VN
VF8VNF_0023,2_39_91_441_2018-08-28 15:04:43.973125,VG_STA_0002_caltech,CA-499,2026-01-01T20:52:00,533.1833333333333,13.929,1.57,overnight_deep_charge,1,46.54,43180.0,COMPLETED,False,0,VN
VF8VNF_0023,2_39_89_25_2018-08-28 15:54:35.323262,VG_STA_0002_caltech,CA-315,2026-01-02T19:12:00,147.83333333333334,5.194,2.11,overnight_deep_charge,2,51.91,16101.0,COMPLETED,False,0,VN
VF8VNF_0023,2_39_95_27_2018-08-29 13:54:51.589566,VG_STA_0002_caltech,CA-319,2026-01-03T19:28:00,634.55,13.884,1.31,overnight_deep_charge,3,50.59,43040.0,COMPLETED,False,0,VN
VF8VNF_0023,2_39_125_21_2018-07-18 03:31:21.484127,VG_STA_0002_caltech,CA-311,2026-01-04T13:23:00,22.15,2.275,6.16,opportunity_fast_charge,3,57.92,7052.0,COMPLETED,False,1,VN
VF8VNF_0023,2_39_138_29_2018-08-29 14:36:42.511351,VG_STA_0002_caltech,CA-304,2026-01-04T20:41:00,645.75,8.818,0.82,overnight_deep_charge,4,43.39,27336.0,COMPLETED,False,0,VN
VF8VNF_0023,2_39_82_384_2018-07-18 23:54:47.611169,VG_STA_0002_caltech,CA-213,2026-01-05T10:50:00,82.41666666666667,8.78,6.39,opportunity_fast_charge,4,49.04,27218.0,COMPLETED,False,1,VN
VF8VNF_0023,2_39_95_27_2018-08-30 13:30:46.120816,VG_STA_0002_caltech,CA-319,2026-01-05T18:50:00,538.0333333333333,12.127,1.35,overnight_deep_charge,5,29.85,37594.0,COMPLETED,False,0,VN
VF8VNF_0023,2_39_89_25_2018-08-30 17:00:05.902945,VG_STA_0002_caltech,CA-315,2026-01-06T18:24:00,482.15,7.821,0.97,overnight_deep_charge,6,31.75,24245.0,COMPLETED,False,0,VN
VF8VNF_0023,2_39_127_19_2018-07-19 16:26:08.625455,VG_STA_0002_caltech,CA-309,2026-01-07T11:19:00,89.18333333333334,2.526,1.7,opportunity_fast_charge,6,44.6,7831.0,COMPLETED,False,1,VN
VF8VNF_0023,2_39_128_18_2018-08-30 20:20:42.128102,VG_STA_0002_caltech,CA-308,2026-01-07T21:09:00,280.8,3.35,0.72,overnight_deep_charge,7,65.0,10385.0,COMPLETED,False,0,VN
VF8VNF_0023,2_39_78_360_2018-08-31 05:54:03.494773,VG_STA_0002_caltech,CA-322,2026-01-08T20:53:00,533.1166666666667,8.343,0.94,overnight_deep_charge,8,34.46,25863.0,COMPLETED,False,0,VN
VF8VNF_0023,2_39_79_382_2018-08-31 14:55:08.766822,VG_STA_0002_caltech,CA-491,2026-01-09T20:48:00,208.71666666666667,8.831,2.54,overnight_deep_charge,9,32.2,27376.0,COMPLETED,False,0,VN
VF8VNF_0023,2_39_125_21_2018-07-19 23:13:43.188856,VG_STA_0002_caltech,CA-311,2026-01-10T12:35:00,12.483333333333333,1.283,6.17,opportunity_fast_charge,9,49.55,3977.0,COMPLETED,False,1,VN
VF8VNF_0023,2_39_95_27_2018-08-31 14:59:07.936089,VG_STA_0002_caltech,CA-319,2026-01-10T19:25:00,615.9166666666666,12.801,1.25,overnight_deep_charge,10,50.84,39683.0,COMPLETED,False,0,VN
VF8VNF_0023,2_39_83_387_2018-07-20 00:49:15.400528,VG_STA_0002_caltech,CA-149,2026-01-11T10:35:00,38.03333333333333,1.382,2.18,opportunity_fast_charge,10,55.04,4284.0,COMPLETED,False,1,VN
VF8VNF_0023,2_39_79_379_2018-09-01 14:34:23.579048,VG_STA_0002_caltech,CA-327,2026-01-11T18:02:00,461.71666666666664,3.511,0.46,overnight_deep_charge,11,41.44,10884.0,COMPLETED,False,0,VN
VF8VNF_0023,2_39_123_23_2018-09-01 23:37:22.669166,VG_STA_0002_caltech,CA-313,2026-01-12T21:57:00,256.26666666666665,13.908,3.26,overnight_deep_charge,12,34.48,43115.0,COMPLETED,False,0,VN
VF8VNF_0023,2_39_124_22_2018-07-20 05:11:40.080349,VG_STA_0002_caltech,CA-312,2026-01-13T10:09:00,8.733333333333333,0.947,6.51,opportunity_fast_charge,12,45.42,2936.0,COMPLETED,False,1,VN
VF8VNF_0023,2_39_124_22_2018-09-04 16:19:55.728920,VG_STA_0002_caltech,CA-312,2026-01-13T21:51:00,526.2833333333333,5.532,0.63,overnight_deep_charge,13,29.56,17149.0,COMPLETED,False,0,VN
VF8VNF_0023,2_39_88_24_2018-07-20 05:30:12.724419,VG_STA_0002_caltech,CA-314,2026-01-14T11:43:00,9.516666666666667,0.533,3.36,opportunity_fast_charge,13,41.73,1652.0,COMPLETED,False,1,VN
VF8VNF_0023,2_39_88_438_2018-09-04 16:45:50.209456,VG_STA_0002_caltech,CA-502,2026-01-14T20:15:00,568.2,12.355,1.3,overnight_deep_charge,14,22.3,38300.0,COMPLETED,False,0,VN
VF8VNF_0023,2_39_138_29_2018-07-21 01:42:09.386114,VG_STA_0002_caltech,CA-304,2026-01-15T11:37:00,12.1,1.037,5.14,opportunity_fast_charge,14,45.41,3215.0,COMPLETED,False,1,VN
VF8VNF_0024,2_39_79_383_2018-09-04 20:22:49.207488,VG_STA_0002_caltech,CA-492,2025-12-31T18:56:00,233.88333333333333,13.226,3.39,overnight_deep_charge,0,35.52,41001.0,COMPLETED,False,0,VN
VF8VNF_0024,2_39_78_366_2018-09-04 20:39:59.724810,VG_STA_0002_caltech,CA-323,2026-01-01T19:44:00,127.18333333333334,5.343,2.52,overnight_deep_charge,1,45.66,16563.0,COMPLETED,False,0,VN
VF8VNF_0024,2_39_78_367_2018-09-05 06:37:19.263071,VG_STA_0002_caltech,CA-494,2026-01-02T18:42:00,209.43333333333334,5.526,1.58,overnight_deep_charge,2,35.78,17131.0,COMPLETED,False,0,VN
VF8VNF_0024,2_39_79_379_2018-09-05 14:48:31.756291,VG_STA_0002_caltech,CA-327,2026-01-03T18:14:00,587.35,13.266,1.36,overnight_deep_charge,3,53.06,41125.0,COMPLETED,False,0,VN
VF8VNF_0024,2_39_129_17_2018-07-21 02:29:15.132215,VG_STA_0002_caltech,CA-307,2026-01-04T13:53:00,77.11666666666666,2.537,1.97,opportunity_fast_charge,3,37.2,7865.0,COMPLETED,False,1,VN
VF8VNF_0024,2_39_130_31_2018-09-05 15:26:44.071246,VG_STA_0002_caltech,CA-306,2026-01-04T20:48:00,554.7833333333333,5.924,0.64,overnight_deep_charge,4,20.0,18364.0,COMPLETED,False,0,VN
VF8VNF_0024,2_39_131_30_2018-07-21 02:58:38.798863,VG_STA_0002_caltech,CA-305,2026-01-05T12:11:00,54.766666666666666,1.946,2.13,opportunity_fast_charge,4,29.25,6033.0,COMPLETED,False,1,VN
VF8VNF_0024,2_39_78_362_2018-09-05 15:53:45.512938,VG_STA_0002_caltech,CA-496,2026-01-05T19:11:00,602.6166666666667,3.245,0.32,overnight_deep_charge,5,51.43,10060.0,COMPLETED,False,0,VN
VF8VNF_0024,2_39_89_439_2018-09-05 21:09:43.153147,VG_STA_0002_caltech,CA-501,2026-01-06T20:57:00,167.16666666666666,8.971,3.22,overnight_deep_charge,6,62.55,27810.0,COMPLETED,False,0,VN
VF8VNF_0024,2_39_89_25_2018-09-05 21:41:34.082904,VG_STA_0002_caltech,CA-315,2026-01-07T18:40:00,207.68333333333334,13.356,3.86,overnight_deep_charge,7,33.58,41404.0,COMPLETED,False,0,VN
VF8VNF_0024,2_39_95_27_2018-09-06 01:03:54.928777,VG_STA_0002_caltech,CA-319,2026-01-08T20:21:00,130.1,14.897,6.87,overnight_deep_charge,8,62.19,46181.0,COMPLETED,False,0,VN
VF8VNF_0024,2_39_79_378_2018-09-06 13:24:18.517910,VG_STA_0002_caltech,CA-326,2026-01-09T18:03:00,296.8833333333333,4.539,0.92,overnight_deep_charge,9,47.17,14071.0,COMPLETED,False,0,VN
VF8VNF_0024,2_39_131_30_2018-09-06 15:22:47.013024,VG_STA_0002_caltech,CA-305,2026-01-10T19:28:00,544.2833333333333,10.641,1.17,overnight_deep_charge,10,60.91,32987.0,COMPLETED,False,0,VN
VF8VNF_0024,2_39_78_366_2018-07-21 04:01:17.435252,VG_STA_0002_caltech,CA-323,2026-01-11T12:05:00,40.38333333333333,4.324,6.42,opportunity_fast_charge,10,39.78,13404.0,COMPLETED,False,1,VN
VF8VNF_0024,2_39_126_20_2018-09-07 00:36:43.384368,VG_STA_0002_caltech,CA-310,2026-01-11T18:16:00,168.01666666666668,13.894,4.96,overnight_deep_charge,11,49.02,43071.0,COMPLETED,False,0,VN
VF8VNF_0024,2_39_139_28_2018-07-23 03:46:23.306294,VG_STA_0002_caltech,CA-303,2026-01-12T13:58:00,9.333333333333334,0.822,5.28,opportunity_fast_charge,11,49.3,2548.0,COMPLETED,False,1,VN
VF8VNF_0024,2_39_90_26_2018-09-07 03:32:02.503109,VG_STA_0002_caltech,CA-316,2026-01-12T19:01:00,607.4,13.586,1.34,overnight_deep_charge,12,33.9,42117.0,COMPLETED,False,0,VN
VF8VNF_0024,2_39_127_19_2018-09-07 15:20:46.265306,VG_STA_0002_caltech,CA-309,2026-01-13T19:51:00,394.35,12.916,1.97,overnight_deep_charge,13,41.1,40040.0,COMPLETED,False,0,VN
VF8VNF_0024,2_39_139_28_2018-07-23 12:54:40.131221,VG_STA_0002_caltech,CA-303,2026-01-14T13:33:00,38.81666666666667,3.14,4.85,opportunity_fast_charge,13,51.66,9734.0,COMPLETED,False,1,VN
VF8VNF_0024,2_39_128_562_2018-09-07 16:27:14.737074,VG_STA_0002_caltech,CA-508,2026-01-14T19:52:00,471.5833333333333,35.518,4.52,overnight_deep_charge,14,48.08,110106.0,COMPLETED,False,0,VN
VF8VNF_0025,2_39_88_24_2018-09-07 20:36:48.784949,VG_STA_0002_caltech,CA-314,2025-12-31T20:35:00,173.18333333333334,13.936,4.83,overnight_deep_charge,0,55.13,43202.0,COMPLETED,False,0,VN
VF8VNF_0025,2_39_89_25_2018-07-23 13:37:10.821308,VG_STA_0002_caltech,CA-315,2026-01-01T11:23:00,61.333333333333336,3.488,3.41,opportunity_fast_charge,0,63.96,10813.0,COMPLETED,False,1,VN
VF8VNF_0025,2_39_139_28_2018-09-08 04:28:19.227439,VG_STA_0002_caltech,CA-303,2026-01-01T19:53:00,130.2,7.424,3.42,overnight_deep_charge,1,39.55,23014.0,COMPLETED,False,0,VN
VF8VNF_0025,2_39_79_378_2018-09-09 14:50:26.967759,VG_STA_0002_caltech,CA-326,2026-01-02T20:38:00,308.03333333333336,2.981,0.58,overnight_deep_charge,2,26.54,9241.0,COMPLETED,False,0,VN
VF8VNF_0025,2_39_79_376_2018-09-09 15:57:54.844624,VG_STA_0002_caltech,CA-324,2026-01-03T19:02:00,147.9,13.299,5.4,overnight_deep_charge,3,38.16,41227.0,COMPLETED,False,0,VN
VF8VNF_0025,2_39_79_377_2018-07-24 04:25:20.770818,VG_STA_0002_caltech,CA-325,2026-01-04T11:22:00,63.45,2.328,2.2,opportunity_fast_charge,3,50.39,7217.0,COMPLETED,False,1,VN
VF8VNF_0025,2_39_79_377_2018-09-09 19:07:29.654534,VG_STA_0002_caltech,CA-325,2026-01-04T18:01:00,125.56666666666666,6.988,3.34,overnight_deep_charge,4,50.37,21663.0,COMPLETED,False,0,VN
VF8VNF_0025,2_39_139_28_2018-09-10 15:10:26.981854,VG_STA_0002_caltech,CA-303,2026-01-05T20:12:00,545.1833333333333,13.327,1.47,overnight_deep_charge,5,48.76,41314.0,COMPLETED,False,0,VN
VF8VNF_0025,2_39_79_378_2018-07-24 21:16:32.523929,VG_STA_0002_caltech,CA-326,2026-01-06T13:07:00,49.43333333333333,2.399,2.91,opportunity_fast_charge,5,36.11,7437.0,COMPLETED,False,1,VN
VF8VNF_0025,2_39_78_364_2018-09-10 15:56:25.307632,VG_STA_0002_caltech,CA-495,2026-01-06T21:57:00,454.4166666666667,2.289,0.3,overnight_deep_charge,6,31.39,7096.0,COMPLETED,False,0,VN
VF8VNF_0025,2_39_90_26_2018-09-10 17:02:19.577326,VG_STA_0002_caltech,CA-316,2026-01-07T21:58:00,488.25,7.494,0.92,overnight_deep_charge,7,50.39,23231.0,COMPLETED,False,0,VN
VF8VNF_0025,2_39_127_561_2018-07-25 17:27:02.048118,VG_STA_0002_caltech,CA-507,2026-01-08T12:08:00,85.05,2.274,1.6,opportunity_fast_charge,7,47.35,7049.0,COMPLETED,False,1,VN
VF8VNF_0025,2_39_138_566_2018-09-10 21:35:47.575129,VG_STA_0002_caltech,CA-512,2026-01-08T19:36:00,165.43333333333334,13.885,5.04,overnight_deep_charge,8,34.29,43044.0,COMPLETED,False,0,VN
VF8VNF_0025,2_39_126_20_2018-09-11 01:24:59.171067,VG_STA_0002_caltech,CA-310,2026-01-09T20:58:00,132.86666666666667,13.868,6.26,overnight_deep_charge,9,36.15,42991.0,COMPLETED,False,0,VN
VF8VNF_0025,2_39_79_379_2018-09-11 07:50:28.932640,VG_STA_0002_caltech,CA-327,2026-01-10T20:04:00,454.95,2.337,0.31,overnight_deep_charge,10,48.43,7245.0,COMPLETED,False,0,VN
VF8VNF_0025,2_39_125_21_2018-07-26 02:18:14.305836,VG_STA_0002_caltech,CA-311,2026-01-11T13:29:00,36.15,2.799,4.65,opportunity_fast_charge,10,45.96,8677.0,COMPLETED,False,1,VN
VF8VNF_0025,2_39_130_31_2018-09-11 15:19:30.977781,VG_STA_0002_caltech,CA-306,2026-01-11T19:02:00,472.8833333333333,11.913,1.51,overnight_deep_charge,11,44.21,36930.0,COMPLETED,False,0,VN
VF8VNF_0025,2_39_89_25_2018-07-26 13:18:25.260527,VG_STA_0002_caltech,CA-315,2026-01-12T13:07:00,84.3,3.922,2.79,opportunity_fast_charge,11,30.03,12158.0,COMPLETED,False,1,VN
VF8VNF_0025,2_39_92_436_2018-09-11 16:46:25.479788,VG_STA_0002_caltech,CA-318,2026-01-12T20:03:00,439.45,13.95,1.9,overnight_deep_charge,12,46.6,43245.0,COMPLETED,False,0,VN
VF8VNF_0025,2_39_92_442_2018-09-11 17:09:53.329137,VG_STA_0002_caltech,CA-498,2026-01-13T20:07:00,538.7,12.449,1.39,overnight_deep_charge,13,47.83,38592.0,COMPLETED,False,0,VN
VF8VNF_0025,2_39_78_366_2018-09-11 19:16:30.056843,VG_STA_0002_caltech,CA-323,2026-01-14T19:37:00,380.05,1.106,0.17,overnight_deep_charge,14,51.13,3429.0,COMPLETED,False,0,VN
VF8VNF_0025,2_39_139_567_2018-07-26 15:31:17.332585,VG_STA_0002_caltech,CA-513,2026-01-15T13:09:00,36.4,1.169,1.93,opportunity_fast_charge,14,45.81,3624.0,COMPLETED,False,1,VN
VF8VNF_0026,2_39_78_363_2018-09-12 16:09:40.642701,VG_STA_0002_caltech,CA-320,2025-12-31T19:03:00,460.1666666666667,7.96,1.04,overnight_deep_charge,0,55.08,24676.0,COMPLETED,False,0,VN
VF8VNF_0026,2_39_123_557_2018-09-12 16:24:41.597162,VG_STA_0002_caltech,CA-503,2026-01-01T20:21:00,537.6166666666667,13.999,1.56,overnight_deep_charge,1,49.79,43397.0,COMPLETED,False,0,VN
VF8VNF_0026,2_39_90_26_2018-09-12 19:43:58.431753,VG_STA_0002_caltech,CA-316,2026-01-02T20:17:00,146.8,1.768,0.72,overnight_deep_charge,2,37.79,5481.0,COMPLETED,False,0,VN
VF8VNF_0026,2_39_89_25_2018-07-27 03:31:28.984748,VG_STA_0002_caltech,CA-315,2026-01-03T10:20:00,40.86666666666667,4.174,6.13,opportunity_fast_charge,2,49.67,12939.0,COMPLETED,False,1,VN
VF8VNF_0026,2_39_139_28_2018-09-13 03:54:36.195561,VG_STA_0002_caltech,CA-303,2026-01-03T21:20:00,154.3,8.742,3.4,overnight_deep_charge,3,46.41,27100.0,COMPLETED,False,0,VN
VF8VNF_0026,2_39_139_567_2018-09-13 14:05:11.672647,VG_STA_0002_caltech,CA-513,2026-01-04T19:55:00,575.4666666666667,13.991,1.46,overnight_deep_charge,4,47.39,43372.0,COMPLETED,False,0,VN
VF8VNF_0026,2_39_79_381_2018-09-13 15:16:36.054749,VG_STA_0002_caltech,CA-490,2026-01-05T18:57:00,523.2166666666667,12.001,1.38,overnight_deep_charge,5,60.67,37203.0,COMPLETED,False,0,VN
VF8VNF_0026,2_39_89_25_2018-09-13 15:43:03.962722,VG_STA_0002_caltech,CA-315,2026-01-06T20:32:00,525.5666666666667,2.012,0.23,overnight_deep_charge,6,50.29,6237.0,COMPLETED,False,0,VN
VF8VNF_0026,2_39_78_361_2018-09-13 15:49:07.173292,VG_STA_0002_caltech,CA-493,2026-01-07T18:39:00,531.1166666666667,5.677,0.64,overnight_deep_charge,7,54.96,17599.0,COMPLETED,False,0,VN
VF8VNF_0026,2_39_79_377_2018-07-27 03:51:26.448935,VG_STA_0002_caltech,CA-325,2026-01-08T12:57:00,10.783333333333333,0.949,5.28,opportunity_fast_charge,7,50.84,2942.0,COMPLETED,False,1,VN
VF8VNF_0026,2_39_88_24_2018-09-13 15:57:40.859061,VG_STA_0002_caltech,CA-314,2026-01-08T18:12:00,456.3333333333333,13.934,1.83,overnight_deep_charge,8,58.45,43195.0,COMPLETED,False,0,VN
VF8VNF_0026,2_39_90_440_2018-09-13 21:32:32.554266,VG_STA_0002_caltech,CA-500,2026-01-09T21:49:00,164.58333333333334,0.577,0.21,overnight_deep_charge,9,29.38,1789.0,COMPLETED,False,0,VN
VF8VNF_0026,2_39_123_557_2018-07-27 19:45:29.047869,VG_STA_0002_caltech,CA-503,2026-01-10T13:51:00,29.1,1.84,3.79,opportunity_fast_charge,9,38.49,5704.0,COMPLETED,False,1,VN
VF8VNF_0026,2_39_79_383_2018-09-14 04:50:13.495601,VG_STA_0002_caltech,CA-492,2026-01-10T18:18:00,713.8666666666667,13.205,1.11,overnight_deep_charge,10,44.02,40936.0,COMPLETED,False,0,VN
VF8VNF_0026,2_39_130_31_2018-07-27 23:19:27.819679,VG_STA_0002_caltech,CA-306,2026-01-11T11:54:00,73.73333333333333,4.06,3.3,opportunity_fast_charge,10,42.67,12586.0,COMPLETED,False,1,VN
VF8VNF_0026,2_39_78_362_2018-09-14 14:13:30.164409,VG_STA_0002_caltech,CA-496,2026-01-11T18:43:00,532.9833333333333,13.265,1.49,overnight_deep_charge,11,43.89,41122.0,COMPLETED,False,0,VN
VF8VNF_0026,2_39_95_27_2018-09-15 01:30:18.758375,VG_STA_0002_caltech,CA-319,2026-01-12T20:23:00,171.55,12.385,4.33,overnight_deep_charge,12,40.87,38394.0,COMPLETED,False,0,VN
VF8VNF_0026,2_39_128_18_2018-07-28 01:23:41.827653,VG_STA_0002_caltech,CA-308,2026-01-13T12:21:00,21.016666666666666,1.902,5.43,opportunity_fast_charge,12,45.32,5896.0,COMPLETED,False,1,VN
VF8VNF_0026,2_39_79_377_2018-09-15 18:40:45.230297,VG_STA_0002_caltech,CA-325,2026-01-13T21:08:00,258.23333333333335,6.989,1.62,overnight_deep_charge,13,46.59,21666.0,COMPLETED,False,0,VN
VF8VNF_0026,2_39_125_21_2018-09-15 20:38:26.907098,VG_STA_0002_caltech,CA-311,2026-01-14T20:12:00,122.5,6.987,3.42,overnight_deep_charge,14,52.59,21660.0,COMPLETED,False,0,VN
VF8VNF_0027,2_39_127_19_2018-09-15 20:48:34.496835,VG_STA_0002_caltech,CA-309,2025-12-31T20:53:00,189.56666666666666,13.943,4.41,overnight_deep_charge,0,49.08,43223.0,COMPLETED,False,0,VN
VF8VNF_0027,2_39_125_21_2018-09-16 16:50:13.322947,VG_STA_0002_caltech,CA-311,2026-01-01T18:47:00,148.8,14.015,5.65,overnight_deep_charge,1,35.47,43446.0,COMPLETED,False,0,VN
VF8VNF_0027,2_39_79_380_2018-07-28 08:36:18.987694,VG_STA_0002_caltech,CA-489,2026-01-02T11:57:00,32.38333333333333,1.718,3.18,opportunity_fast_charge,1,42.98,5326.0,COMPLETED,False,1,VN
VF8VNF_0027,1_1_179_791_2018-09-05 20:09:43.283733,VG_STA_0001_JPL,AG-3F26,2026-01-02T19:40:00,169.13333333333333,18.125,6.43,overnight_deep_charge,2,46.51,56188.0,COMPLETED,False,0,VN
VF8VNF_0027,2_39_130_31_2018-07-28 15:21:34.394134,VG_STA_0002_caltech,CA-306,2026-01-03T11:38:00,33.9,3.413,6.04,opportunity_fast_charge,2,44.43,10580.0,COMPLETED,False,1,VN
VF8VNF_0027,1_1_191_805_2018-09-06 15:50:03.832063,VG_STA_0001_JPL,AG-4F39,2026-01-03T18:16:00,544.2666666666667,5.778,0.64,overnight_deep_charge,3,46.53,17912.0,COMPLETED,False,0,VN
VF8VNF_0027,1_1_191_804_2018-09-06 16:46:37.706616,VG_STA_0001_JPL,AG-4F34,2026-01-04T20:58:00,363.46666666666664,20.895,3.45,overnight_deep_charge,4,49.01,64774.0,COMPLETED,False,0,VN
VF8VNF_0027,1_1_179_810_2018-09-07 13:45:26.427404,VG_STA_0001_JPL,AG-3F30,2026-01-05T21:14:00,547.3,6.873,0.75,overnight_deep_charge,5,41.09,21306.0,COMPLETED,False,0,VN
VF8VNF_0027,2_39_89_25_2018-07-28 15:46:17.553138,VG_STA_0002_caltech,CA-315,2026-01-06T11:30:00,21.8,2.165,5.96,opportunity_fast_charge,5,54.94,6712.0,COMPLETED,False,1,VN
VF8VNF_0027,1_1_179_781_2018-09-08 04:22:29.634844,VG_STA_0001_JPL,AG-3F31,2026-01-06T20:03:00,764.8833333333333,7.039,0.55,overnight_deep_charge,6,45.68,21821.0,COMPLETED,False,0,VN
VF8VNF_0027,2_39_129_17_2018-07-28 18:48:54.214950,VG_STA_0002_caltech,CA-307,2026-01-07T13:45:00,52.95,5.481,6.21,opportunity_fast_charge,6,31.46,16991.0,COMPLETED,False,1,VN
VF8VNF_0027,1_1_179_794_2018-09-10 13:00:35.149760,VG_STA_0001_JPL,AG-3F20,2026-01-07T19:11:00,533.7666666666667,12.572,1.41,overnight_deep_charge,7,44.18,38973.0,COMPLETED,False,0,VN
VF8VNF_0027,1_1_179_796_2018-09-10 13:55:41.706421,VG_STA_0001_JPL,AG-3F24,2026-01-08T20:04:00,451.4,18.634,2.48,overnight_deep_charge,8,28.12,57765.0,COMPLETED,False,0,VN
VF8VNF_0027,1_1_191_782_2018-09-10 15:05:23.039160,VG_STA_0001_JPL,AG-4F50,2026-01-09T18:35:00,634.5166666666667,18.128,1.71,overnight_deep_charge,9,41.35,56197.0,COMPLETED,False,0,VN
VF8VNF_0027,2_39_128_18_2018-07-28 19:24:58.295998,VG_STA_0002_caltech,CA-308,2026-01-10T14:30:00,85.58333333333333,4.264,2.99,opportunity_fast_charge,9,47.55,13218.0,COMPLETED,False,1,VN
VF8VNF_0027,1_1_179_799_2018-09-10 22:38:08.037693,VG_STA_0001_JPL,AG-3F25,2026-01-10T21:43:00,188.3,8.095,2.58,overnight_deep_charge,10,37.9,25095.0,COMPLETED,False,0,VN
VF8VNF_0027,1_1_193_825_2018-09-13 22:15:13.471597,VG_STA_0001_JPL,AG-1F01,2026-01-11T19:50:00,131.08333333333334,7.172,3.28,overnight_deep_charge,11,38.26,22233.0,COMPLETED,False,0,VN
VF8VNF_0027,2_39_78_365_2018-07-28 19:45:28.186601,VG_STA_0002_caltech,CA-321,2026-01-12T11:26:00,26.8,2.471,5.53,opportunity_fast_charge,11,63.36,7660.0,COMPLETED,False,1,VN
VF8VNF_0027,1_1_179_810_2018-09-14 18:49:44.116549,VG_STA_0001_JPL,AG-3F30,2026-01-12T18:54:00,327.8666666666667,20.875,3.82,overnight_deep_charge,12,52.53,64712.0,COMPLETED,False,0,VN
VF8VNF_0027,1_1_194_818_2018-09-14 22:28:45.084031,VG_STA_0001_JPL,AG-1F14,2026-01-13T19:15:00,135.3,13.597,6.03,overnight_deep_charge,13,37.15,42151.0,COMPLETED,False,0,VN
VF8VNF_0027,2_39_127_19_2018-07-29 06:31:39.882601,VG_STA_0002_caltech,CA-309,2026-01-14T11:25:00,8.15,0.862,6.35,opportunity_fast_charge,13,33.86,2672.0,COMPLETED,False,1,VN
VF8VNF_0027,1_1_178_817_2018-09-17 14:08:14.125501,VG_STA_0001_JPL,AG-1F09,2026-01-14T20:42:00,586.6,35.658,3.65,overnight_deep_charge,14,25.28,110540.0,COMPLETED,False,0,VN
VF8VNF_0027,2_39_90_26_2018-07-29 23:36:43.845773,VG_STA_0002_caltech,CA-316,2026-01-15T11:52:00,75.78333333333333,8.117,6.43,opportunity_fast_charge,14,48.1,25163.0,COMPLETED,False,1,VN
VF8VNF_0028,1_1_191_795_2018-09-17 14:12:51.547882,VG_STA_0001_JPL,AG-4F51,2025-12-31T20:43:00,626.5,6.681,0.64,overnight_deep_charge,0,61.27,20711.0,COMPLETED,False,0,VN
VF8VNF_0028,1_1_191_778_2018-09-17 22:55:59.879525,VG_STA_0001_JPL,AG-4F43,2026-01-01T19:17:00,160.31666666666666,8.778,3.29,overnight_deep_charge,1,26.16,27212.0,COMPLETED,False,0,VN
VF8VNF_0028,2_39_125_21_2018-07-30 00:41:17.181015,VG_STA_0002_caltech,CA-311,2026-01-02T12:32:00,78.43333333333334,4.388,3.36,opportunity_fast_charge,1,40.66,13603.0,COMPLETED,False,1,VN
VF8VNF_0028,1_1_193_819_2018-09-18 13:09:09.139588,VG_STA_0001_JPL,AG-1F06,2026-01-02T21:49:00,603.7833333333333,13.176,1.31,overnight_deep_charge,2,43.15,40846.0,COMPLETED,False,0,VN
VF8VNF_0028,1_1_194_826_2018-09-18 13:40:05.953504,VG_STA_0001_JPL,AG-1F11,2026-01-03T21:39:00,574.8166666666667,5.495,0.57,overnight_deep_charge,3,30.95,17034.0,COMPLETED,False,0,VN
VF8VNF_0028,2_39_127_19_2018-07-30 04:16:31.122662,VG_STA_0002_caltech,CA-309,2026-01-04T12:32:00,16.3,1.695,6.24,opportunity_fast_charge,3,53.97,5254.0,COMPLETED,False,1,VN
VF8VNF_0028,1_1_194_821_2018-09-18 14:28:52.521323,VG_STA_0001_JPL,AG-1F13,2026-01-04T19:14:00,582.1166666666667,18.659,1.92,overnight_deep_charge,4,45.23,57843.0,COMPLETED,False,0,VN
VF8VNF_0028,1_1_191_784_2018-09-18 16:01:48.196604,VG_STA_0001_JPL,AG-4F40,2026-01-05T21:39:00,601.4166666666666,6.369,0.64,overnight_deep_charge,5,50.45,19744.0,COMPLETED,False,0,VN
VF8VNF_0028,2_39_129_17_2018-07-30 04:35:05.796006,VG_STA_0002_caltech,CA-307,2026-01-06T13:13:00,59.166666666666664,6.189,6.28,opportunity_fast_charge,5,47.77,19186.0,COMPLETED,False,1,VN
VF8VNF_0028,1_1_179_815_2018-09-19 13:20:37.781228,VG_STA_0001_JPL,AG-3F33,2026-01-06T20:32:00,690.15,4.157,0.36,overnight_deep_charge,6,31.25,12887.0,COMPLETED,False,0,VN
VF8VNF_0028,1_1_191_782_2018-09-19 15:28:34.959425,VG_STA_0001_JPL,AG-4F50,2026-01-07T19:14:00,341.05,4.689,0.82,overnight_deep_charge,7,40.8,14536.0,COMPLETED,False,0,VN
VF8VNF_0028,1_1_178_823_2018-09-20 13:04:25.973175,VG_STA_0001_JPL,AG-1F08,2026-01-08T20:34:00,612.1833333333333,11.11,1.09,overnight_deep_charge,8,47.13,34441.0,COMPLETED,False,0,VN
VF8VNF_0028,1_1_191_795_2018-09-20 14:55:55.258735,VG_STA_0001_JPL,AG-4F51,2026-01-09T18:13:00,641.55,26.687,2.5,overnight_deep_charge,9,52.29,82730.0,COMPLETED,False,0,VN
VF8VNF_0028,1_1_193_820_2018-09-20 22:49:43.494458,VG_STA_0001_JPL,AG-1F04,2026-01-10T20:46:00,123.86666666666666,9.425,4.57,overnight_deep_charge,10,40.21,29218.0,COMPLETED,False,0,VN
VF8VNF_0028,2_39_128_18_2018-07-30 04:35:45.781128,VG_STA_0002_caltech,CA-308,2026-01-11T13:07:00,59.18333333333333,3.231,3.28,opportunity_fast_charge,10,35.23,10016.0,COMPLETED,False,1,VN
VF8VNF_0028,1_1_179_810_2018-09-21 13:34:12.596093,VG_STA_0001_JPL,AG-3F30,2026-01-11T18:02:00,582.6833333333333,22.436,2.31,overnight_deep_charge,11,39.27,69552.0,COMPLETED,False,0,VN
VF8VNF_0028,2_39_139_28_2018-08-01 00:43:45.599699,VG_STA_0002_caltech,CA-303,2026-01-12T10:02:00,19.233333333333334,1.287,4.01,opportunity_fast_charge,11,40.73,3990.0,COMPLETED,False,1,VN
VF8VNF_0028,1_1_191_784_2018-09-21 15:54:49.911768,VG_STA_0001_JPL,AG-4F40,2026-01-12T21:18:00,303.3666666666667,5.594,1.11,overnight_deep_charge,12,52.7,17341.0,COMPLETED,False,0,VN
VF8VNF_0028,2_39_123_23_2018-08-02 01:53:11.953619,VG_STA_0002_caltech,CA-313,2026-01-13T11:07:00,13.2,1.43,6.5,opportunity_fast_charge,12,51.0,4433.0,COMPLETED,False,1,VN
VF8VNF_0028,1_1_191_802_2018-09-24 12:57:46.295746,VG_STA_0001_JPL,AG-4F44,2026-01-13T20:41:00,612.4,41.063,4.02,overnight_deep_charge,13,46.41,127295.0,COMPLETED,False,0,VN
VF8VNF_0028,1_1_179_815_2018-09-24 14:30:30.743390,VG_STA_0001_JPL,AG-3F33,2026-01-14T21:05:00,760.35,7.169,0.57,overnight_deep_charge,14,47.91,22224.0,COMPLETED,False,0,VN
VF8VNF_0029,1_1_179_779_2018-09-24 15:01:39.646915,VG_STA_0001_JPL,AG-3F17,2025-12-31T20:31:00,572.1166666666667,3.271,0.34,overnight_deep_charge,0,48.78,10140.0,COMPLETED,False,0,VN
VF8VNF_0029,2_39_78_361_2018-08-02 15:45:45.720908,VG_STA_0002_caltech,CA-493,2026-01-01T10:01:00,84.0,2.357,1.68,opportunity_fast_charge,0,39.36,7307.0,COMPLETED,False,1,VN
VF8VNF_0029,1_1_193_827_2018-09-25 12:58:02.706505,VG_STA_0001_JPL,AG-1F02,2026-01-01T20:21:00,605.6833333333333,3.843,0.38,overnight_deep_charge,1,43.97,11913.0,COMPLETED,False,0,VN
VF8VNF_0029,2_39_95_27_2018-08-03 01:12:30.895925,VG_STA_0002_caltech,CA-319,2026-01-02T11:16:00,67.45,7.047,6.27,opportunity_fast_charge,1,50.68,21846.0,COMPLETED,False,1,VN
VF8VNF_0029,1_1_193_825_2018-09-25 14:01:19.726449,VG_STA_0001_JPL,AG-1F01,2026-01-02T18:38:00,536.9166666666666,14.861,1.66,overnight_deep_charge,2,32.65,46069.0,COMPLETED,False,0,VN
VF8VNF_0029,2_39_124_22_2018-08-03 03:14:17.150361,VG_STA_0002_caltech,CA-312,2026-01-03T12:55:00,43.416666666666664,4.679,6.47,opportunity_fast_charge,2,33.2,14505.0,COMPLETED,False,1,VN
VF8VNF_0029,1_1_179_781_2018-09-25 14:38:44.846978,VG_STA_0001_JPL,AG-3F31,2026-01-03T19:24:00,543.2833333333333,17.431,1.93,overnight_deep_charge,3,53.65,54036.0,COMPLETED,False,0,VN
VF8VNF_0029,2_39_129_17_2018-08-03 03:21:26.059718,VG_STA_0002_caltech,CA-307,2026-01-04T10:53:00,70.35,7.644,6.52,opportunity_fast_charge,3,29.56,23696.0,COMPLETED,False,1,VN
VF8VNF_0029,1_1_179_810_2018-09-26 13:20:25.601676,VG_STA_0001_JPL,AG-3F30,2026-01-04T20:30:00,596.35,12.42,1.25,overnight_deep_charge,4,26.06,38502.0,COMPLETED,False,0,VN
VF8VNF_0029,1_1_193_827_2018-09-26 13:25:29.672479,VG_STA_0001_JPL,AG-1F02,2026-01-05T19:27:00,582.5666666666667,8.046,0.83,overnight_deep_charge,5,38.47,24943.0,COMPLETED,False,0,VN
VF8VNF_0029,2_39_89_25_2018-08-03 13:17:23.144759,VG_STA_0002_caltech,CA-315,2026-01-06T10:50:00,82.76666666666667,4.013,2.91,opportunity_fast_charge,5,56.36,12440.0,COMPLETED,False,1,VN
VF8VNF_0029,1_1_191_811_2018-09-26 14:38:58.389785,VG_STA_0001_JPL,AG-4F42,2026-01-06T19:54:00,563.9333333333333,7.342,0.78,overnight_deep_charge,6,47.71,22760.0,COMPLETED,False,0,VN
VF8VNF_0029,1_1_179_798_2018-09-26 14:59:41.084826,VG_STA_0001_JPL,AG-3F18,2026-01-07T19:58:00,400.05,6.89,1.03,overnight_deep_charge,7,42.19,21359.0,COMPLETED,False,0,VN
VF8VNF_0029,2_39_92_436_2018-08-04 00:27:45.327478,VG_STA_0002_caltech,CA-318,2026-01-08T12:52:00,64.96666666666667,3.679,3.4,opportunity_fast_charge,7,38.28,11405.0,COMPLETED,False,1,VN
VF8VNF_0029,1_1_193_829_2018-09-27 13:44:28.561703,VG_STA_0001_JPL,AG-1F03,2026-01-08T20:01:00,676.15,2.458,0.22,overnight_deep_charge,8,56.22,7620.0,COMPLETED,False,0,VN
VF8VNF_0029,1_1_193_816_2018-09-27 14:09:35.882753,VG_STA_0001_JPL,AG-1F05,2026-01-09T20:36:00,605.6833333333333,12.324,1.22,overnight_deep_charge,9,38.45,38204.0,COMPLETED,False,0,VN
VF8VNF_0029,2_39_79_379_2018-08-04 01:41:21.276423,VG_STA_0002_caltech,CA-327,2026-01-10T12:39:00,19.166666666666668,1.042,3.26,opportunity_fast_charge,9,46.57,3230.0,COMPLETED,False,1,VN
VF8VNF_0029,1_1_179_799_2018-09-27 14:18:56.039883,VG_STA_0001_JPL,AG-3F25,2026-01-10T20:05:00,321.23333333333335,10.89,2.03,overnight_deep_charge,10,46.64,33759.0,COMPLETED,False,0,VN
VF8VNF_0029,2_39_139_28_2018-08-04 02:02:17.901945,VG_STA_0002_caltech,CA-303,2026-01-11T10:54:00,80.26666666666667,4.389,3.28,opportunity_fast_charge,10,42.03,13606.0,COMPLETED,False,1,VN
VF8VNF_0029,1_1_179_790_2018-09-27 15:05:53.518957,VG_STA_0001_JPL,AG-3F19,2026-01-11T20:26:00,568.5,9.833,1.04,overnight_deep_charge,11,49.63,30482.0,COMPLETED,False,0,VN
VF8VNF_0029,1_1_191_812_2018-09-27 15:23:01.630160,VG_STA_0001_JPL,AG-4F46,2026-01-12T20:13:00,219.3,7.844,2.15,overnight_deep_charge,12,37.58,24316.0,COMPLETED,False,0,VN
VF8VNF_0029,1_1_191_782_2018-09-27 15:24:11.976832,VG_STA_0001_JPL,AG-4F50,2026-01-13T21:29:00,214.3,9.268,2.59,overnight_deep_charge,13,61.21,28731.0,COMPLETED,False,0,VN
VF8VNF_0029,2_39_138_29_2018-08-04 04:47:58.624103,VG_STA_0002_caltech,CA-304,2026-01-14T10:03:00,22.983333333333334,1.526,3.98,opportunity_fast_charge,13,49.11,4731.0,COMPLETED,False,1,VN
VF8VNF_0029,1_1_179_794_2018-09-27 15:33:27.362524,VG_STA_0001_JPL,AG-3F20,2026-01-14T19:57:00,532.7166666666667,3.377,0.38,overnight_deep_charge,14,22.68,10469.0,COMPLETED,False,0,VN
VF8VNF_0029,2_39_78_360_2018-08-04 05:14:32.789248,VG_STA_0002_caltech,CA-322,2026-01-15T12:16:00,12.966666666666667,1.012,4.68,opportunity_fast_charge,14,47.5,3137.0,COMPLETED,False,1,VN
VF8VNF_0030,1_1_178_817_2018-09-27 18:27:04.466007,VG_STA_0001_JPL,AG-1F09,2025-12-31T19:38:00,286.68333333333334,1.253,0.26,overnight_deep_charge,0,65.0,3884.0,COMPLETED,False,0,VN
VF8VNF_0030,2_39_79_383_2018-08-04 20:42:47.532749,VG_STA_0002_caltech,CA-492,2026-01-01T12:39:00,81.76666666666667,4.428,3.25,opportunity_fast_charge,0,25.32,13727.0,COMPLETED,False,1,VN
VF8VNF_0030,1_1_179_783_2018-09-27 20:11:14.744347,VG_STA_0001_JPL,AG-3F29,2026-01-01T18:15:00,236.98333333333332,1.647,0.42,overnight_deep_charge,1,37.92,5106.0,COMPLETED,False,0,VN
VF8VNF_0030,1_1_191_785_2018-09-28 13:50:13.856703,VG_STA_0001_JPL,AG-4F48,2026-01-02T20:42:00,167.15,5.647,2.03,overnight_deep_charge,2,52.75,17506.0,COMPLETED,False,0,VN
VF8VNF_0030,2_39_123_23_2018-08-05 08:04:46.323495,VG_STA_0002_caltech,CA-313,2026-01-03T11:28:00,12.416666666666666,1.33,6.43,opportunity_fast_charge,2,39.44,4123.0,COMPLETED,False,1,VN
VF8VNF_0030,1_1_179_800_2018-09-28 17:31:32.648059,VG_STA_0001_JPL,AG-3F32,2026-01-03T21:40:00,194.53333333333333,13.997,4.32,overnight_deep_charge,3,20.0,43391.0,COMPLETED,False,0,VN
VF8VNF_0030,1_1_179_799_2018-09-28 17:47:48.111399,VG_STA_0001_JPL,AG-3F25,2026-01-04T20:05:00,186.26666666666668,4.396,1.42,overnight_deep_charge,4,26.13,13628.0,COMPLETED,False,0,VN
VF8VNF_0030,2_39_138_566_2018-08-05 18:02:30.676034,VG_STA_0002_caltech,CA-512,2026-01-05T14:07:00,77.36666666666666,1.578,1.22,opportunity_fast_charge,4,32.24,4892.0,COMPLETED,False,1,VN
VF8VNF_0030,1_1_193_829_2018-10-01 13:57:22.145805,VG_STA_0001_JPL,AG-1F03,2026-01-05T20:37:00,573.1833333333333,6.372,0.67,overnight_deep_charge,5,50.75,19753.0,COMPLETED,False,0,VN
VF8VNF_0030,1_1_179_787_2018-10-01 15:00:31.148374,VG_STA_0001_JPL,AG-3F16,2026-01-06T21:39:00,546.7,8.748,0.96,overnight_deep_charge,6,41.23,27119.0,COMPLETED,False,0,VN
VF8VNF_0030,1_1_191_784_2018-10-01 15:28:36.371463,VG_STA_0001_JPL,AG-4F40,2026-01-07T20:14:00,421.6666666666667,38.104,5.42,overnight_deep_charge,7,49.63,118122.0,COMPLETED,False,0,VN
VF8VNF_0030,2_39_123_23_2018-08-05 18:39:05.806929,VG_STA_0002_caltech,CA-313,2026-01-08T11:14:00,29.233333333333334,3.164,6.49,opportunity_fast_charge,7,51.72,9808.0,COMPLETED,False,1,VN
VF8VNF_0030,1_1_191_806_2018-10-01 15:35:57.661007,VG_STA_0001_JPL,AG-4F41,2026-01-08T20:32:00,487.53333333333336,5.578,0.69,overnight_deep_charge,8,55.96,17292.0,COMPLETED,False,0,VN
VF8VNF_0030,2_39_88_24_2018-08-05 20:54:21.108903,VG_STA_0002_caltech,CA-314,2026-01-09T11:39:00,12.35,1.381,6.71,opportunity_fast_charge,8,48.54,4281.0,COMPLETED,False,1,VN
VF8VNF_0030,1_1_191_805_2018-10-01 19:06:17.615922,VG_STA_0001_JPL,AG-4F39,2026-01-09T19:13:00,304.28333333333336,1.697,0.33,overnight_deep_charge,9,40.35,5261.0,COMPLETED,False,0,VN
VF8VNF_0030,1_1_193_825_2018-10-01 22:27:54.438818,VG_STA_0001_JPL,AG-1F01,2026-01-10T20:17:00,172.18333333333334,7.753,2.7,overnight_deep_charge,10,53.97,24034.0,COMPLETED,False,0,VN
VF8VNF_0030,2_39_123_23_2018-08-06 14:00:49.650626,VG_STA_0002_caltech,CA-313,2026-01-11T11:14:00,12.333333333333334,1.263,6.14,opportunity_fast_charge,10,40.66,3915.0,COMPLETED,False,1,VN
VF8VNF_0030,1_1_193_829_2018-10-01 23:44:08.214772,VG_STA_0001_JPL,AG-1F03,2026-01-11T18:25:00,180.23333333333332,4.813,1.6,overnight_deep_charge,11,48.7,14920.0,COMPLETED,False,0,VN
VF8VNF_0030,2_39_123_23_2018-08-07 01:48:54.523299,VG_STA_0002_caltech,CA-313,2026-01-12T11:37:00,36.53333333333333,3.871,6.36,opportunity_fast_charge,11,23.95,12000.0,COMPLETED,False,1,VN
VF8VNF_0030,1_1_178_817_2018-10-02 13:39:46.033611,VG_STA_0001_JPL,AG-1F09,2026-01-12T20:20:00,591.1,15.89,1.61,overnight_deep_charge,12,52.08,49259.0,COMPLETED,False,0,VN
VF8VNF_0030,1_1_179_798_2018-10-02 14:58:49.176037,VG_STA_0001_JPL,AG-3F18,2026-01-13T18:12:00,483.2,8.256,1.03,overnight_deep_charge,13,35.6,25594.0,COMPLETED,False,0,VN
VF8VNF_0030,2_39_78_365_2018-08-07 02:41:42.839145,VG_STA_0002_caltech,CA-321,2026-01-14T12:51:00,67.36666666666666,6.155,5.48,opportunity_fast_charge,13,46.93,19080.0,COMPLETED,False,1,VN
VF8VNF_0030,1_1_191_793_2018-10-02 15:29:35.266216,VG_STA_0001_JPL,AG-4F38,2026-01-14T18:34:00,196.48333333333332,10.945,3.34,overnight_deep_charge,14,40.04,33930.0,COMPLETED,False,0,VN
VF8VNF_0031,1_1_179_777_2018-10-02 22:17:30.349699,VG_STA_0001_JPL,AG-3F28,2025-12-31T18:36:00,177.33333333333334,13.642,4.62,overnight_deep_charge,0,54.37,42290.0,COMPLETED,False,0,VN
VF8VNF_0031,1_1_179_800_2018-10-03 14:20:52.512403,VG_STA_0001_JPL,AG-3F32,2026-01-01T20:33:00,316.3666666666667,4.252,0.81,overnight_deep_charge,1,55.36,13181.0,COMPLETED,False,0,VN
VF8VNF_0031,1_1_179_779_2018-10-03 14:53:59.674093,VG_STA_0001_JPL,AG-3F17,2026-01-02T19:59:00,539.9333333333333,39.894,4.43,overnight_deep_charge,2,42.69,123671.0,COMPLETED,False,0,VN
VF8VNF_0031,1_1_191_812_2018-10-03 15:21:41.976874,VG_STA_0001_JPL,AG-4F46,2026-01-03T20:16:00,541.9833333333333,12.891,1.43,overnight_deep_charge,3,28.19,39962.0,COMPLETED,False,0,VN
VF8VNF_0031,2_39_139_28_2018-08-07 04:24:44.753665,VG_STA_0002_caltech,CA-303,2026-01-04T10:10:00,49.65,5.017,6.06,opportunity_fast_charge,3,47.48,15553.0,COMPLETED,False,1,VN
VF8VNF_0031,1_1_179_797_2018-10-04 14:46:59.649122,VG_STA_0001_JPL,AG-3F23,2026-01-04T18:31:00,269.6,10.357,2.3,overnight_deep_charge,4,45.82,32107.0,COMPLETED,False,0,VN
VF8VNF_0031,1_1_191_782_2018-10-04 15:13:59.817032,VG_STA_0001_JPL,AG-4F50,2026-01-05T20:10:00,227.73333333333332,16.934,4.46,overnight_deep_charge,5,44.07,52495.0,COMPLETED,False,0,VN
VF8VNF_0031,1_1_179_800_2018-10-05 11:12:30.347369,VG_STA_0001_JPL,AG-3F32,2026-01-06T20:11:00,808.9,30.027,2.23,overnight_deep_charge,6,38.08,93084.0,COMPLETED,False,0,VN
VF8VNF_0031,2_39_123_23_2018-08-07 16:22:14.481044,VG_STA_0002_caltech,CA-313,2026-01-07T13:37:00,86.76666666666667,3.747,2.59,opportunity_fast_charge,6,59.2,11616.0,COMPLETED,False,1,VN
VF8VNF_0031,1_1_194_826_2018-10-05 13:17:31.264176,VG_STA_0001_JPL,AG-1F11,2026-01-07T21:27:00,795.7166666666667,5.773,0.44,overnight_deep_charge,7,37.29,17896.0,COMPLETED,False,0,VN
VF8VNF_0031,2_39_128_18_2018-08-08 12:38:31.866648,VG_STA_0002_caltech,CA-308,2026-01-08T13:57:00,28.9,3.012,6.25,opportunity_fast_charge,7,46.87,9337.0,COMPLETED,False,1,VN
VF8VNF_0031,1_1_178_824_2018-10-05 13:51:27.127736,VG_STA_0001_JPL,AG-1F07,2026-01-08T20:50:00,434.46666666666664,35.716,4.93,overnight_deep_charge,8,39.81,110720.0,COMPLETED,False,0,VN
VF8VNF_0031,2_39_78_364_2018-08-09 01:05:31.083813,VG_STA_0002_caltech,CA-495,2026-01-09T13:30:00,50.55,4.059,4.82,opportunity_fast_charge,8,43.89,12583.0,COMPLETED,False,1,VN
VF8VNF_0031,1_1_178_823_2018-10-06 01:12:27.085226,VG_STA_0001_JPL,AG-1F08,2026-01-09T20:30:00,381.06666666666666,6.16,0.97,overnight_deep_charge,9,54.92,19096.0,COMPLETED,False,0,VN
VF8VNF_0031,1_1_193_827_2018-10-08 12:38:19.534967,VG_STA_0001_JPL,AG-1F02,2026-01-10T18:52:00,544.85,12.157,1.34,overnight_deep_charge,10,20.0,37687.0,COMPLETED,False,0,VN
VF8VNF_0031,1_1_193_825_2018-10-08 13:17:59.350337,VG_STA_0001_JPL,AG-1F01,2026-01-11T20:22:00,555.65,11.685,1.26,overnight_deep_charge,11,42.14,36224.0,COMPLETED,False,0,VN
VF8VNF_0031,2_39_139_28_2018-08-09 02:36:21.716695,VG_STA_0002_caltech,CA-303,2026-01-12T11:06:00,67.65,2.365,2.1,opportunity_fast_charge,11,58.87,7332.0,COMPLETED,False,1,VN
VF8VNF_0031,1_1_178_823_2018-10-08 13:22:30.741199,VG_STA_0001_JPL,AG-1F08,2026-01-12T19:40:00,618.2166666666667,16.016,1.55,overnight_deep_charge,12,42.22,49650.0,COMPLETED,False,0,VN
VF8VNF_0031,2_39_90_26_2018-08-10 00:21:38.652013,VG_STA_0002_caltech,CA-316,2026-01-13T12:56:00,39.06666666666667,4.202,6.45,opportunity_fast_charge,12,54.62,13026.0,COMPLETED,False,1,VN
VF8VNF_0031,1_1_179_791_2018-10-08 14:06:38.326990,VG_STA_0001_JPL,AG-3F26,2026-01-13T19:39:00,606.4166666666666,7.534,0.75,overnight_deep_charge,13,48.82,23355.0,COMPLETED,False,0,VN
VF8VNF_0031,2_39_127_19_2018-08-10 01:14:51.093985,VG_STA_0002_caltech,CA-309,2026-01-14T12:43:00,21.483333333333334,1.246,3.48,opportunity_fast_charge,13,52.31,3863.0,COMPLETED,False,1,VN
VF8VNF_0031,1_1_191_786_2018-10-08 14:54:28.821619,VG_STA_0001_JPL,AG-4F36,2026-01-14T20:46:00,430.31666666666666,4.795,0.67,overnight_deep_charge,14,59.3,14864.0,COMPLETED,False,0,VN
VF8VNF_0031,2_39_138_29_2018-08-10 01:55:41.878887,VG_STA_0002_caltech,CA-304,2026-01-15T13:46:00,87.45,2.468,1.69,opportunity_fast_charge,14,53.34,7651.0,COMPLETED,False,1,VN
VF8VNF_0032,1_1_191_780_2018-10-08 19:06:36.792755,VG_STA_0001_JPL,AG-4F45,2025-12-31T18:48:00,316.05,12.591,2.39,overnight_deep_charge,0,59.18,39032.0,COMPLETED,False,0,VN
VF8VNF_0032,1_1_191_786_2018-10-08 22:28:50.639371,VG_STA_0001_JPL,AG-4F36,2026-01-01T18:37:00,128.51666666666668,6.96,3.25,overnight_deep_charge,1,39.72,21576.0,COMPLETED,False,0,VN
VF8VNF_0032,1_1_194_821_2018-10-09 12:27:52.754767,VG_STA_0001_JPL,AG-1F13,2026-01-02T18:48:00,479.51666666666665,12.351,1.55,overnight_deep_charge,2,51.96,38288.0,COMPLETED,False,0,VN
VF8VNF_0032,1_1_193_816_2018-10-09 13:21:47.265308,VG_STA_0001_JPL,AG-1F05,2026-01-03T21:24:00,677.1333333333333,3.374,0.3,overnight_deep_charge,3,38.59,10459.0,COMPLETED,False,0,VN
VF8VNF_0032,1_1_179_781_2018-10-09 13:55:26.447090,VG_STA_0001_JPL,AG-3F31,2026-01-04T19:44:00,573.7666666666667,7.287,0.76,overnight_deep_charge,4,35.41,22590.0,COMPLETED,False,0,VN
VF8VNF_0032,2_39_126_20_2018-08-10 03:13:40.886811,VG_STA_0002_caltech,CA-310,2026-01-05T13:09:00,55.3,5.958,6.46,opportunity_fast_charge,4,64.81,18470.0,COMPLETED,False,1,VN
VF8VNF_0032,1_1_191_811_2018-10-09 15:13:20.959052,VG_STA_0001_JPL,AG-4F42,2026-01-05T18:25:00,290.05,20.353,4.21,overnight_deep_charge,5,39.77,63094.0,COMPLETED,False,0,VN
VF8VNF_0032,1_1_191_812_2018-10-09 15:20:45.399830,VG_STA_0001_JPL,AG-4F46,2026-01-06T21:52:00,561.2333333333333,8.991,0.96,overnight_deep_charge,6,42.95,27872.0,COMPLETED,False,0,VN
VF8VNF_0032,1_1_193_829_2018-10-09 17:51:48.945602,VG_STA_0001_JPL,AG-1F03,2026-01-07T20:48:00,316.03333333333336,17.399,3.3,overnight_deep_charge,7,43.92,53937.0,COMPLETED,False,0,VN
VF8VNF_0032,1_1_178_817_2018-10-09 21:42:42.359735,VG_STA_0001_JPL,AG-1F09,2026-01-08T20:39:00,325.05,6.192,1.14,overnight_deep_charge,8,39.08,19195.0,COMPLETED,False,0,VN
VF8VNF_0032,2_39_127_19_2018-08-10 05:09:19.528721,VG_STA_0002_caltech,CA-309,2026-01-09T11:17:00,79.8,8.531,6.41,opportunity_fast_charge,8,39.63,26446.0,COMPLETED,False,1,VN
VF8VNF_0032,1_1_191_778_2018-10-10 15:11:21.934589,VG_STA_0001_JPL,AG-4F43,2026-01-09T20:13:00,215.66666666666666,10.579,2.94,overnight_deep_charge,9,40.25,32795.0,COMPLETED,False,0,VN
VF8VNF_0032,2_39_130_31_2018-08-10 22:07:20.142888,VG_STA_0002_caltech,CA-306,2026-01-10T12:03:00,34.95,1.856,3.19,opportunity_fast_charge,9,26.93,5754.0,COMPLETED,False,1,VN
VF8VNF_0032,1_1_193_829_2018-10-10 18:53:36.676654,VG_STA_0001_JPL,AG-1F03,2026-01-10T21:38:00,205.9,1.0,0.29,overnight_deep_charge,10,53.13,3100.0,COMPLETED,False,0,VN
VF8VNF_0032,1_1_194_818_2018-10-11 13:53:16.360870,VG_STA_0001_JPL,AG-1F14,2026-01-11T21:24:00,641.4833333333333,15.114,1.41,overnight_deep_charge,11,46.13,46853.0,COMPLETED,False,0,VN
VF8VNF_0032,2_39_127_19_2018-08-11 03:52:10.301101,VG_STA_0002_caltech,CA-309,2026-01-12T12:42:00,16.2,1.683,6.23,opportunity_fast_charge,11,60.14,5217.0,COMPLETED,False,1,VN
VF8VNF_0032,1_1_193_820_2018-10-12 01:46:02.257901,VG_STA_0001_JPL,AG-1F04,2026-01-12T20:55:00,343.6,6.102,1.07,overnight_deep_charge,12,52.31,18916.0,COMPLETED,False,0,VN
VF8VNF_0032,1_1_191_802_2018-10-15 13:00:08.580214,VG_STA_0001_JPL,AG-4F44,2026-01-13T20:43:00,512.7,18.309,2.14,overnight_deep_charge,13,32.29,56758.0,COMPLETED,False,0,VN
VF8VNF_0032,2_39_129_17_2018-08-11 23:47:58.935701,VG_STA_0002_caltech,CA-307,2026-01-14T13:00:00,77.83333333333333,7.587,5.85,opportunity_fast_charge,13,57.12,23520.0,COMPLETED,False,1,VN
VF8VNF_0032,1_1_179_801_2018-10-15 14:34:20.409356,VG_STA_0001_JPL,AG-3F21,2026-01-14T21:25:00,254.71666666666667,17.588,4.14,overnight_deep_charge,14,39.26,54523.0,COMPLETED,False,0,VN
VF8VNF_0033,1_1_191_782_2018-10-15 14:58:34.780215,VG_STA_0001_JPL,AG-4F50,2025-12-31T20:11:00,493.78333333333336,16.2,1.97,overnight_deep_charge,0,44.74,50220.0,COMPLETED,False,0,VN
VF8VNF_0033,2_39_79_380_2018-08-13 00:11:56.695424,VG_STA_0002_caltech,CA-489,2026-01-01T10:46:00,12.416666666666666,0.629,3.04,opportunity_fast_charge,0,51.99,1950.0,COMPLETED,False,1,VN
VF8VNF_0033,1_1_191_802_2018-10-15 21:48:16.253928,VG_STA_0001_JPL,AG-4F44,2026-01-01T19:03:00,414.1,9.84,1.43,overnight_deep_charge,1,65.0,30504.0,COMPLETED,False,0,VN
VF8VNF_0033,1_1_179_810_2018-10-15 22:24:29.265898,VG_STA_0001_JPL,AG-3F30,2026-01-02T20:12:00,179.55,6.345,2.12,overnight_deep_charge,2,31.32,19670.0,COMPLETED,False,0,VN
VF8VNF_0033,1_1_179_794_2018-10-16 15:08:37.323760,VG_STA_0001_JPL,AG-3F20,2026-01-03T21:41:00,566.0833333333334,12.116,1.28,overnight_deep_charge,3,56.17,37560.0,COMPLETED,False,0,VN
VF8VNF_0033,2_39_130_31_2018-08-13 04:41:18.563722,VG_STA_0002_caltech,CA-306,2026-01-04T12:48:00,40.18333333333333,4.273,6.38,opportunity_fast_charge,3,37.34,13246.0,COMPLETED,False,1,VN
VF8VNF_0033,1_1_191_784_2018-10-16 15:26:07.649614,VG_STA_0001_JPL,AG-4F40,2026-01-04T20:48:00,554.25,12.477,1.35,overnight_deep_charge,4,34.99,38679.0,COMPLETED,False,0,VN
VF8VNF_0033,1_1_179_799_2018-10-17 13:50:25.035447,VG_STA_0001_JPL,AG-3F25,2026-01-05T20:27:00,333.5833333333333,17.412,3.13,overnight_deep_charge,5,37.3,53977.0,COMPLETED,False,0,VN
VF8VNF_0033,1_1_191_803_2018-10-17 15:09:18.832647,VG_STA_0001_JPL,AG-4F49,2026-01-06T18:42:00,617.2333333333333,17.515,1.7,overnight_deep_charge,6,36.5,54296.0,COMPLETED,False,0,VN
VF8VNF_0033,1_1_191_780_2018-10-17 15:32:38.613959,VG_STA_0001_JPL,AG-4F45,2026-01-07T18:07:00,506.23333333333335,12.391,1.47,overnight_deep_charge,7,42.53,38412.0,COMPLETED,False,0,VN
VF8VNF_0033,2_39_91_437_2018-08-13 23:38:25.007356,VG_STA_0002_caltech,CA-317,2026-01-08T11:28:00,78.55,4.177,3.19,opportunity_fast_charge,7,43.15,12949.0,COMPLETED,False,1,VN
VF8VNF_0033,1_1_191_807_2018-10-17 15:42:01.789188,VG_STA_0001_JPL,AG-4F47,2026-01-08T18:46:00,550.7666666666667,24.118,2.63,overnight_deep_charge,8,39.01,74766.0,COMPLETED,False,0,VN
VF8VNF_0033,1_1_179_799_2018-10-17 19:24:59.522828,VG_STA_0001_JPL,AG-3F25,2026-01-09T19:43:00,245.23333333333332,1.364,0.33,overnight_deep_charge,9,57.27,4228.0,COMPLETED,False,0,VN
VF8VNF_0033,2_39_130_564_2018-08-14 01:00:36.341294,VG_STA_0002_caltech,CA-510,2026-01-10T11:24:00,71.53333333333333,0.595,0.5,opportunity_fast_charge,9,37.76,1844.0,COMPLETED,False,1,VN
VF8VNF_0033,1_1_191_806_2018-10-18 15:17:03.741941,VG_STA_0001_JPL,AG-4F41,2026-01-10T21:15:00,419.21666666666664,5.557,0.8,overnight_deep_charge,10,37.64,17227.0,COMPLETED,False,0,VN
VF8VNF_0033,1_1_191_778_2018-10-18 15:17:10.138439,VG_STA_0001_JPL,AG-4F43,2026-01-11T21:38:00,537.1833333333333,18.655,2.08,overnight_deep_charge,11,45.51,57830.0,COMPLETED,False,0,VN
VF8VNF_0033,2_39_129_17_2018-08-14 06:34:44.980106,VG_STA_0002_caltech,CA-307,2026-01-12T11:25:00,30.533333333333335,3.191,6.27,opportunity_fast_charge,11,38.31,9892.0,COMPLETED,False,1,VN
VF8VNF_0033,1_1_178_823_2018-10-19 12:47:20.923835,VG_STA_0001_JPL,AG-1F08,2026-01-12T19:06:00,615.9333333333333,10.556,1.03,overnight_deep_charge,12,65.0,32724.0,COMPLETED,False,0,VN
VF8VNF_0033,2_39_126_20_2018-08-14 23:39:07.532917,VG_STA_0002_caltech,CA-310,2026-01-13T13:20:00,18.116666666666667,1.78,5.9,opportunity_fast_charge,12,39.63,5518.0,COMPLETED,False,1,VN
VF8VNF_0033,1_1_191_807_2018-10-19 15:31:49.764734,VG_STA_0001_JPL,AG-4F47,2026-01-13T21:40:00,459.03333333333336,8.641,1.13,overnight_deep_charge,13,40.94,26787.0,COMPLETED,False,0,VN
VF8VNF_0033,2_39_78_364_2018-08-16 01:22:34.861336,VG_STA_0002_caltech,CA-495,2026-01-14T12:41:00,38.28333333333333,3.88,6.08,opportunity_fast_charge,13,51.56,12028.0,COMPLETED,False,1,VN
VF8VNF_0033,1_1_191_789_2018-10-22 12:36:58.816784,VG_STA_0001_JPL,AG-4F52,2026-01-14T21:57:00,629.7833333333333,6.084,0.58,overnight_deep_charge,14,43.31,18860.0,COMPLETED,False,0,VN
VF8VNF_0033,2_39_78_364_2018-08-16 02:00:58.690080,VG_STA_0002_caltech,CA-495,2026-01-15T10:13:00,86.6,7.474,5.18,opportunity_fast_charge,14,60.95,23169.0,COMPLETED,False,1,VN
VF8VNF_0034,1_1_179_798_2018-10-22 14:27:09.065185,VG_STA_0001_JPL,AG-3F18,2025-12-31T20:22:00,244.91666666666666,6.961,1.71,overnight_deep_charge,0,21.26,21579.0,COMPLETED,False,0,VN
VF8VNF_0034,2_39_130_31_2018-08-16 04:00:42.107126,VG_STA_0002_caltech,CA-306,2026-01-01T13:22:00,56.95,2.118,2.23,opportunity_fast_charge,0,34.6,6566.0,COMPLETED,False,1,VN
VF8VNF_0034,1_1_179_796_2018-10-22 14:33:02.937867,VG_STA_0001_JPL,AG-3F24,2026-01-01T20:32:00,600.0333333333333,8.683,0.87,overnight_deep_charge,1,45.43,26917.0,COMPLETED,False,0,VN
VF8VNF_0034,2_39_123_23_2018-08-16 13:12:15.288952,VG_STA_0002_caltech,CA-313,2026-01-02T12:16:00,73.1,3.988,3.27,opportunity_fast_charge,1,45.37,12363.0,COMPLETED,False,1,VN
VF8VNF_0034,1_1_191_786_2018-10-22 14:41:13.903454,VG_STA_0001_JPL,AG-4F36,2026-01-02T21:18:00,555.5,28.246,3.05,overnight_deep_charge,2,52.42,87563.0,COMPLETED,False,0,VN
VF8VNF_0034,1_1_191_807_2018-10-22 15:02:42.410142,VG_STA_0001_JPL,AG-4F47,2026-01-03T20:32:00,403.8666666666667,4.995,0.74,overnight_deep_charge,3,30.84,15484.0,COMPLETED,False,0,VN
VF8VNF_0034,2_39_123_23_2018-08-16 17:49:52.309611,VG_STA_0002_caltech,CA-313,2026-01-04T12:35:00,83.35,2.562,1.84,opportunity_fast_charge,3,65.0,7942.0,COMPLETED,False,1,VN
VF8VNF_0034,1_1_178_823_2018-10-23 12:45:48.613222,VG_STA_0001_JPL,AG-1F08,2026-01-04T21:18:00,588.0166666666667,10.743,1.1,overnight_deep_charge,4,55.82,33303.0,COMPLETED,False,0,VN
VF8VNF_0034,2_39_138_566_2018-08-16 22:10:10.584968,VG_STA_0002_caltech,CA-512,2026-01-05T10:28:00,25.85,2.725,6.32,opportunity_fast_charge,4,61.09,8448.0,COMPLETED,False,1,VN
VF8VNF_0034,1_1_193_816_2018-10-23 13:47:21.688226,VG_STA_0001_JPL,AG-1F05,2026-01-05T19:23:00,594.1166666666667,46.686,4.71,overnight_deep_charge,5,52.52,144727.0,COMPLETED,False,0,VN
VF8VNF_0034,2_39_78_365_2018-08-16 23:09:23.026235,VG_STA_0002_caltech,CA-321,2026-01-06T13:55:00,52.06666666666667,1.926,2.22,opportunity_fast_charge,5,39.16,5971.0,COMPLETED,False,1,VN
VF8VNF_0034,1_1_191_795_2018-10-23 14:21:00.757438,VG_STA_0001_JPL,AG-4F51,2026-01-06T18:58:00,296.4,24.566,4.97,overnight_deep_charge,6,55.49,76155.0,COMPLETED,False,0,VN
VF8VNF_0034,2_39_127_19_2018-08-17 00:37:04.744440,VG_STA_0002_caltech,CA-309,2026-01-07T10:43:00,75.66666666666667,4.236,3.36,opportunity_fast_charge,6,42.23,13132.0,COMPLETED,False,1,VN
VF8VNF_0034,1_1_179_809_2018-10-23 20:40:40.562668,VG_STA_0001_JPL,AG-3F27,2026-01-07T21:37:00,139.36666666666667,14.259,6.14,overnight_deep_charge,7,35.27,44203.0,COMPLETED,False,0,VN
VF8VNF_0034,1_1_191_785_2018-10-24 13:44:21.647306,VG_STA_0001_JPL,AG-4F48,2026-01-08T19:22:00,687.5666666666667,8.051104722222222,0.7,overnight_deep_charge,8,65.0,24958.0,COMPLETED,False,0,VN
VF8VNF_0034,2_39_89_25_2018-08-17 13:15:11.176696,VG_STA_0002_caltech,CA-315,2026-01-09T13:35:00,73.56666666666666,3.744,3.05,opportunity_fast_charge,8,47.7,11606.0,COMPLETED,False,1,VN
VF8VNF_0034,1_1_179_791_2018-10-24 13:53:58.957588,VG_STA_0001_JPL,AG-3F26,2026-01-09T21:26:00,599.4666666666667,29.570035000000004,2.96,overnight_deep_charge,9,47.96,91667.0,COMPLETED,False,0,VN
VF8VNF_0034,1_1_191_795_2018-10-24 14:06:05.898899,VG_STA_0001_JPL,AG-4F51,2026-01-10T21:07:00,573.3,7.272,0.76,overnight_deep_charge,10,39.87,22543.0,COMPLETED,False,0,VN
VF8VNF_0034,2_39_92_436_2018-08-17 15:33:54.898275,VG_STA_0002_caltech,CA-318,2026-01-11T14:23:00,68.66666666666667,3.234,2.83,opportunity_fast_charge,10,48.18,10025.0,COMPLETED,False,1,VN
VF8VNF_0034,1_1_191_806_2018-10-24 14:56:03.453499,VG_STA_0001_JPL,AG-4F41,2026-01-11T21:05:00,605.2666666666667,7.1543175,0.71,overnight_deep_charge,11,54.77,22178.0,COMPLETED,False,0,VN
VF8VNF_0034,1_1_178_828_2018-10-25 06:22:05.223113,VG_STA_0001_JPL,AG-1F10,2026-01-12T18:14:00,749.6,8.198,0.66,overnight_deep_charge,12,40.86,25414.0,COMPLETED,False,0,VN
VF8VNF_0034,1_1_193_827_2018-10-25 11:48:08.664081,VG_STA_0001_JPL,AG-1F02,2026-01-13T19:22:00,550.7666666666667,12.422,1.35,overnight_deep_charge,13,54.41,38508.0,COMPLETED,False,0,VN
VF8VNF_0034,1_1_193_820_2018-10-25 13:10:27.901944,VG_STA_0001_JPL,AG-1F04,2026-01-14T18:07:00,559.3833333333333,5.548,0.6,overnight_deep_charge,14,46.74,17199.0,COMPLETED,False,0,VN
VF8VNF_0035,1_1_191_808_2018-10-25 19:28:29.741345,VG_STA_0001_JPL,AG-4F35,2025-12-31T21:30:00,204.0,13.197,3.88,overnight_deep_charge,0,40.8,40911.0,COMPLETED,False,0,VN
VF8VNF_0035,2_39_129_563_2018-08-17 18:23:05.144506,VG_STA_0002_caltech,CA-509,2026-01-01T10:24:00,68.7,2.755,2.41,opportunity_fast_charge,0,38.67,8540.0,COMPLETED,False,1,VN
VF8VNF_0035,1_1_179_781_2018-10-26 13:45:32.144240,VG_STA_0001_JPL,AG-3F31,2026-01-01T20:15:00,686.0166666666667,7.897,0.69,overnight_deep_charge,1,42.39,24481.0,COMPLETED,False,0,VN
VF8VNF_0035,2_39_79_383_2018-08-17 21:52:30.870897,VG_STA_0002_caltech,CA-492,2026-01-02T10:25:00,69.75,3.2,2.75,opportunity_fast_charge,1,35.03,9920.0,COMPLETED,False,1,VN
VF8VNF_0035,1_1_194_822_2018-10-26 15:05:01.117512,VG_STA_0001_JPL,AG-1F12,2026-01-02T19:20:00,499.6166666666667,39.043,4.69,overnight_deep_charge,2,34.38,121033.0,COMPLETED,False,0,VN
VF8VNF_0035,2_39_128_562_2018-08-18 00:26:30.630300,VG_STA_0002_caltech,CA-508,2026-01-03T10:00:00,79.33333333333333,4.064,3.07,opportunity_fast_charge,2,32.68,12598.0,COMPLETED,False,1,VN
VF8VNF_0035,1_1_178_817_2018-10-29 13:30:44.368476,VG_STA_0001_JPL,AG-1F09,2026-01-03T21:01:00,592.4833333333333,14.675,1.49,overnight_deep_charge,3,59.37,45492.0,COMPLETED,False,0,VN
VF8VNF_0035,2_39_125_21_2018-08-18 03:10:16.726453,VG_STA_0002_caltech,CA-311,2026-01-04T11:08:00,6.883333333333334,0.642,5.6,opportunity_fast_charge,3,28.59,1990.0,COMPLETED,False,1,VN
VF8VNF_0035,1_1_179_813_2018-10-29 14:35:19.631396,VG_STA_0001_JPL,AG-3F15,2026-01-04T19:24:00,258.1166666666667,8.801,2.05,overnight_deep_charge,4,49.45,27283.0,COMPLETED,False,0,VN
VF8VNF_0035,1_1_179_779_2018-10-29 19:13:03.573635,VG_STA_0001_JPL,AG-3F17,2026-01-05T20:08:00,201.48333333333332,14.238,4.24,overnight_deep_charge,5,53.52,44138.0,COMPLETED,False,0,VN
VF8VNF_0035,1_1_179_796_2018-10-29 19:43:45.226606,VG_STA_0001_JPL,AG-3F24,2026-01-06T21:05:00,280.45,15.411,3.3,overnight_deep_charge,6,47.45,47774.0,COMPLETED,False,0,VN
VF8VNF_0035,2_39_91_437_2018-08-19 00:09:01.907387,VG_STA_0002_caltech,CA-317,2026-01-07T14:03:00,59.833333333333336,5.973,5.99,opportunity_fast_charge,6,43.42,18516.0,COMPLETED,False,1,VN
VF8VNF_0035,1_1_191_802_2018-10-29 22:24:55.354573,VG_STA_0001_JPL,AG-4F44,2026-01-07T20:09:00,125.28333333333333,12.868,6.16,overnight_deep_charge,7,55.33,39891.0,COMPLETED,False,0,VN
VF8VNF_0035,2_39_128_18_2018-08-19 01:49:16.037942,VG_STA_0002_caltech,CA-308,2026-01-08T13:57:00,8.866666666666667,0.825,5.58,opportunity_fast_charge,7,41.72,2558.0,COMPLETED,False,1,VN
VF8VNF_0035,1_1_179_809_2018-10-30 14:18:11.647401,VG_STA_0001_JPL,AG-3F27,2026-01-08T18:56:00,128.26666666666668,13.224,6.19,overnight_deep_charge,8,39.2,40994.0,COMPLETED,False,0,VN
VF8VNF_0035,2_39_130_31_2018-08-19 15:49:52.458085,VG_STA_0002_caltech,CA-306,2026-01-09T11:23:00,66.35,7.17,6.48,opportunity_fast_charge,8,46.83,22227.0,COMPLETED,False,1,VN
VF8VNF_0035,1_1_179_794_2018-10-30 15:03:07.188492,VG_STA_0001_JPL,AG-3F20,2026-01-09T21:30:00,576.7333333333333,24.79,2.58,overnight_deep_charge,9,53.7,76849.0,COMPLETED,False,0,VN
VF8VNF_0035,1_1_191_793_2018-10-30 17:07:38.100783,VG_STA_0001_JPL,AG-4F38,2026-01-10T19:21:00,499.6166666666667,15.047,1.81,overnight_deep_charge,10,49.25,46646.0,COMPLETED,False,0,VN
VF8VNF_0035,2_39_138_29_2018-08-19 17:18:54.409156,VG_STA_0002_caltech,CA-304,2026-01-11T13:16:00,13.533333333333333,1.447,6.42,opportunity_fast_charge,10,47.19,4486.0,COMPLETED,False,1,VN
VF8VNF_0035,1_1_179_788_2018-10-30 19:39:42.691208,VG_STA_0001_JPL,AG-3F22,2026-01-11T20:12:00,221.68333333333334,1.465,0.4,overnight_deep_charge,11,44.51,4542.0,COMPLETED,False,0,VN
VF8VNF_0035,1_1_191_807_2018-10-30 20:17:46.447964,VG_STA_0001_JPL,AG-4F47,2026-01-12T20:38:00,273.43333333333334,1.064,0.23,overnight_deep_charge,12,52.51,3298.0,COMPLETED,False,0,VN
VF8VNF_0035,2_39_88_438_2018-08-19 17:55:46.451657,VG_STA_0002_caltech,CA-502,2026-01-13T13:26:00,54.31666666666667,5.739,6.34,opportunity_fast_charge,12,48.19,17791.0,COMPLETED,False,1,VN
VF8VNF_0035,1_1_191_804_2018-10-31 14:30:16.994032,VG_STA_0001_JPL,AG-4F34,2026-01-13T18:21:00,492.26666666666665,12.873,1.57,overnight_deep_charge,13,38.38,39906.0,COMPLETED,False,0,VN
VF8VNF_0035,1_1_179_788_2018-10-31 14:43:18.746773,VG_STA_0001_JPL,AG-3F22,2026-01-14T18:00:00,526.15,17.494,1.99,overnight_deep_charge,14,20.0,54231.0,COMPLETED,False,0,VN
VF8VNF_0035,2_39_138_29_2018-08-19 18:36:12.580694,VG_STA_0002_caltech,CA-304,2026-01-15T14:06:00,32.43333333333333,2.9,5.36,opportunity_fast_charge,14,51.33,8990.0,COMPLETED,False,1,VN
VF8VNF_0036,1_1_191_805_2018-10-31 14:54:12.905656,VG_STA_0001_JPL,AG-4F39,2025-12-31T19:23:00,578.4333333333333,4.232,0.44,overnight_deep_charge,0,37.78,13119.0,COMPLETED,False,0,VN
VF8VNF_0036,1_1_179_790_2018-10-31 16:16:27.024234,VG_STA_0001_JPL,AG-3F19,2026-01-01T20:13:00,233.88333333333333,0.833,0.21,overnight_deep_charge,1,43.77,2582.0,COMPLETED,False,0,VN
VF8VNF_0036,1_1_179_777_2018-10-31 17:43:25.555328,VG_STA_0001_JPL,AG-3F28,2026-01-02T20:20:00,237.95,0.76,0.19,overnight_deep_charge,2,33.59,2356.0,COMPLETED,False,0,VN
VF8VNF_0036,2_39_125_21_2018-08-19 20:35:02.039131,VG_STA_0002_caltech,CA-311,2026-01-03T12:35:00,58.38333333333333,6.152,6.32,opportunity_fast_charge,2,48.96,19071.0,COMPLETED,False,1,VN
VF8VNF_0036,1_1_179_783_2018-10-31 19:08:07.046430,VG_STA_0001_JPL,AG-3F29,2026-01-03T21:18:00,270.26666666666665,12.497,2.77,overnight_deep_charge,3,62.55,38741.0,COMPLETED,False,0,VN
VF8VNF_0036,2_39_78_363_2018-08-19 20:41:18.386345,VG_STA_0002_caltech,CA-320,2026-01-04T11:18:00,74.98333333333333,3.32,2.66,opportunity_fast_charge,3,41.2,10292.0,COMPLETED,False,1,VN
VF8VNF_0036,1_1_179_810_2018-11-01 13:47:59.240170,VG_STA_0001_JPL,AG-3F30,2026-01-04T18:42:00,547.2333333333333,0.841,0.09,overnight_deep_charge,4,65.0,2607.0,COMPLETED,False,0,VN
VF8VNF_0036,2_39_129_17_2018-08-19 21:31:02.220839,VG_STA_0002_caltech,CA-307,2026-01-05T12:12:00,51.3,5.462,6.39,opportunity_fast_charge,4,27.62,16932.0,COMPLETED,False,1,VN
VF8VNF_0036,1_1_179_787_2018-11-01 14:25:54.032320,VG_STA_0001_JPL,AG-3F16,2026-01-05T18:08:00,490.68333333333334,14.741,1.8,overnight_deep_charge,5,46.76,45697.0,COMPLETED,False,0,VN
VF8VNF_0036,1_1_191_785_2018-11-01 14:32:12.584896,VG_STA_0001_JPL,AG-4F48,2026-01-06T20:06:00,556.8833333333333,4.819,0.52,overnight_deep_charge,6,49.03,14939.0,COMPLETED,False,0,VN
VF8VNF_0036,1_1_191_795_2018-11-01 15:17:36.686666,VG_STA_0001_JPL,AG-4F51,2026-01-07T21:29:00,443.35,6.165,0.83,overnight_deep_charge,7,38.04,19112.0,COMPLETED,False,0,VN
VF8VNF_0036,1_1_193_820_2018-11-02 13:03:44.155650,VG_STA_0001_JPL,AG-1F04,2026-01-08T18:51:00,721.6166666666667,6.342,0.53,overnight_deep_charge,8,33.31,19660.0,COMPLETED,False,0,VN
VF8VNF_0036,2_39_124_22_2018-08-19 23:59:37.141839,VG_STA_0002_caltech,CA-312,2026-01-09T12:56:00,14.983333333333333,1.606,6.43,opportunity_fast_charge,8,38.43,4979.0,COMPLETED,False,1,VN
VF8VNF_0036,1_1_179_810_2018-11-02 14:10:38.052457,VG_STA_0001_JPL,AG-3F30,2026-01-09T19:56:00,500.1333333333333,20.049,2.41,overnight_deep_charge,9,65.0,62152.0,COMPLETED,False,0,VN
VF8VNF_0036,1_1_179_815_2018-11-02 14:11:39.396400,VG_STA_0001_JPL,AG-3F33,2026-01-10T20:34:00,531.5166666666667,6.819,0.77,overnight_deep_charge,10,48.04,21139.0,COMPLETED,False,0,VN
VF8VNF_0036,2_39_95_27_2018-08-20 01:39:58.798007,VG_STA_0002_caltech,CA-319,2026-01-11T14:02:00,51.28333333333333,5.622,6.58,opportunity_fast_charge,10,61.14,17428.0,COMPLETED,False,1,VN
VF8VNF_0036,1_1_178_824_2018-11-03 20:52:21.061302,VG_STA_0001_JPL,AG-1F07,2026-01-11T18:18:00,127.88333333333334,0.753,0.35,overnight_deep_charge,11,33.47,2334.0,COMPLETED,False,0,VN
VF8VNF_0036,2_39_138_29_2018-08-20 04:36:30.923333,VG_STA_0002_caltech,CA-304,2026-01-12T10:53:00,15.5,1.55,6.0,opportunity_fast_charge,11,32.2,4805.0,COMPLETED,False,1,VN
VF8VNF_0036,1_1_191_789_2018-11-05 13:41:36.474133,VG_STA_0001_JPL,AG-4F52,2026-01-12T18:09:00,647.8,6.004,0.56,overnight_deep_charge,12,42.65,18612.0,COMPLETED,False,0,VN
VF8VNF_0036,1_1_179_791_2018-11-05 14:56:45.807808,VG_STA_0001_JPL,AG-3F26,2026-01-13T19:45:00,607.0666666666667,6.185,0.61,overnight_deep_charge,13,53.4,19174.0,COMPLETED,False,0,VN
VF8VNF_0036,2_39_127_19_2018-08-20 05:23:41.462920,VG_STA_0002_caltech,CA-309,2026-01-14T12:29:00,23.316666666666666,2.392,6.16,opportunity_fast_charge,13,46.4,7415.0,COMPLETED,False,1,VN
VF8VNF_0036,1_1_179_798_2018-11-05 15:14:47.708384,VG_STA_0001_JPL,AG-3F18,2026-01-14T18:46:00,357.35,0.939,0.16,overnight_deep_charge,14,49.59,2911.0,COMPLETED,False,0,VN
VF8VNF_0036,2_39_88_24_2018-08-20 05:30:13.454074,VG_STA_0002_caltech,CA-314,2026-01-15T13:39:00,72.31666666666666,8.172,6.78,opportunity_fast_charge,14,41.48,25333.0,COMPLETED,False,1,VN
VF8VNF_0037,1_1_178_823_2018-11-06 06:40:12.520306,VG_STA_0001_JPL,AG-1F08,2025-12-31T20:51:00,173.98333333333332,4.03,1.39,overnight_deep_charge,0,63.42,12493.0,COMPLETED,False,0,VN
VF8VNF_0037,1_1_179_777_2018-11-06 15:27:36.278584,VG_STA_0001_JPL,AG-3F28,2026-01-01T18:10:00,359.48333333333335,0.907,0.15,overnight_deep_charge,1,40.33,2812.0,COMPLETED,False,0,VN
VF8VNF_0037,1_1_178_828_2018-11-07 14:03:52.928103,VG_STA_0001_JPL,AG-1F10,2026-01-02T20:36:00,645.2166666666667,8.56,0.8,overnight_deep_charge,2,39.69,26536.0,COMPLETED,False,0,VN
VF8VNF_0037,1_1_193_819_2018-11-07 14:14:05.090250,VG_STA_0001_JPL,AG-1F06,2026-01-03T20:41:00,583.4833333333333,13.644,1.4,overnight_deep_charge,3,37.37,42296.0,COMPLETED,False,0,VN
VF8VNF_0037,2_39_129_17_2018-08-21 02:16:24.948139,VG_STA_0002_caltech,CA-307,2026-01-04T12:30:00,29.283333333333335,3.146,6.45,opportunity_fast_charge,3,60.68,9753.0,COMPLETED,False,1,VN
VF8VNF_0037,1_1_193_825_2018-11-07 14:57:33.005250,VG_STA_0001_JPL,AG-1F01,2026-01-04T21:57:00,514.7,9.583,1.12,overnight_deep_charge,4,54.12,29707.0,COMPLETED,False,0,VN
VF8VNF_0037,1_1_191_803_2018-11-07 15:35:28.799596,VG_STA_0001_JPL,AG-4F49,2026-01-05T21:38:00,568.6333333333333,22.529,2.38,overnight_deep_charge,5,43.54,69840.0,COMPLETED,False,0,VN
VF8VNF_0037,2_39_130_31_2018-08-22 02:14:14.906110,VG_STA_0002_caltech,CA-306,2026-01-06T13:17:00,85.31666666666666,8.849,6.22,opportunity_fast_charge,5,27.14,27432.0,COMPLETED,False,1,VN
VF8VNF_0037,1_1_194_818_2018-11-08 14:34:58.285208,VG_STA_0001_JPL,AG-1F14,2026-01-06T18:49:00,545.9833333333333,14.507,1.59,overnight_deep_charge,6,35.82,44972.0,COMPLETED,False,0,VN
VF8VNF_0037,1_1_194_826_2018-11-08 14:58:03.987529,VG_STA_0001_JPL,AG-1F11,2026-01-07T20:37:00,515.1166666666667,9.73,1.13,overnight_deep_charge,7,55.33,30163.0,COMPLETED,False,0,VN
VF8VNF_0037,1_1_193_820_2018-11-08 19:06:47.011413,VG_STA_0001_JPL,AG-1F04,2026-01-08T19:55:00,277.68333333333334,18.619,4.02,overnight_deep_charge,8,51.38,57719.0,COMPLETED,False,0,VN
VF8VNF_0037,2_39_126_560_2018-08-22 02:14:48.539063,VG_STA_0002_caltech,CA-506,2026-01-09T10:00:00,45.95,4.471,5.84,opportunity_fast_charge,8,39.31,13860.0,COMPLETED,False,1,VN
VF8VNF_0037,1_1_191_793_2018-11-08 19:28:21.685609,VG_STA_0001_JPL,AG-4F38,2026-01-09T21:39:00,367.1333333333333,12.961,2.12,overnight_deep_charge,9,41.32,40179.0,COMPLETED,False,0,VN
VF8VNF_0037,2_39_123_23_2018-08-22 03:58:18.120883,VG_STA_0002_caltech,CA-313,2026-01-10T12:23:00,28.9,1.523,3.16,opportunity_fast_charge,9,47.01,4721.0,COMPLETED,False,1,VN
VF8VNF_0037,1_1_193_816_2018-11-11 20:07:52.237510,VG_STA_0001_JPL,AG-1F05,2026-01-10T19:12:00,237.1,14.339,3.63,overnight_deep_charge,10,38.9,44451.0,COMPLETED,False,0,VN
VF8VNF_0037,1_1_193_829_2018-11-12 14:36:15.721628,VG_STA_0001_JPL,AG-1F03,2026-01-11T19:19:00,708.6666666666666,6.229,0.53,overnight_deep_charge,11,40.62,19310.0,COMPLETED,False,0,VN
VF8VNF_0037,1_1_179_794_2018-11-12 15:08:34.423931,VG_STA_0001_JPL,AG-3F20,2026-01-12T21:32:00,674.1333333333333,2.704,0.24,overnight_deep_charge,12,43.32,8382.0,COMPLETED,False,0,VN
VF8VNF_0037,1_1_191_778_2018-11-12 15:51:33.062123,VG_STA_0001_JPL,AG-4F43,2026-01-13T18:15:00,224.16666666666666,0.902,0.24,overnight_deep_charge,13,39.56,2796.0,COMPLETED,False,0,VN
VF8VNF_0037,1_1_179_790_2018-11-13 13:57:16.233472,VG_STA_0001_JPL,AG-3F19,2026-01-14T20:59:00,575.15,46.569,4.86,overnight_deep_charge,14,58.14,144364.0,COMPLETED,False,0,VN
VF8VNF_0037,2_39_130_564_2018-08-22 17:02:18.417425,VG_STA_0002_caltech,CA-510,2026-01-15T14:11:00,23.266666666666666,0.778,2.01,opportunity_fast_charge,14,61.54,2412.0,COMPLETED,False,1,VN
VF8VNF_0038,1_1_193_820_2018-11-13 14:13:10.311224,VG_STA_0001_JPL,AG-1F04,2025-12-31T20:45:00,553.4166666666666,6.342,0.69,overnight_deep_charge,0,44.26,19660.0,COMPLETED,False,0,VN
VF8VNF_0038,1_1_179_799_2018-11-13 15:12:32.382633,VG_STA_0001_JPL,AG-3F25,2026-01-01T20:32:00,573.65,19.458,2.04,overnight_deep_charge,1,44.59,60320.0,COMPLETED,False,0,VN
VF8VNF_0038,1_1_193_827_2018-11-13 21:46:07.324459,VG_STA_0001_JPL,AG-1F02,2026-01-02T20:27:00,241.7,13.253,3.29,overnight_deep_charge,2,56.99,41084.0,COMPLETED,False,0,VN
VF8VNF_0038,2_39_123_23_2018-08-24 00:37:17.301046,VG_STA_0002_caltech,CA-313,2026-01-03T10:59:00,39.86666666666667,4.156,6.25,opportunity_fast_charge,2,41.92,12884.0,COMPLETED,False,1,VN
VF8VNF_0038,1_1_191_802_2018-11-14 14:23:33.070416,VG_STA_0001_JPL,AG-4F44,2026-01-03T20:43:00,630.65,8.053,0.77,overnight_deep_charge,3,35.9,24964.0,COMPLETED,False,0,VN
VF8VNF_0038,2_39_128_18_2018-08-24 02:02:23.216253,VG_STA_0002_caltech,CA-308,2026-01-04T13:59:00,74.71666666666667,7.126,5.72,opportunity_fast_charge,3,51.04,22091.0,COMPLETED,False,1,VN
VF8VNF_0038,1_1_194_826_2018-11-14 19:52:50.885955,VG_STA_0001_JPL,AG-1F11,2026-01-04T21:47:00,255.61666666666667,8.61,2.02,overnight_deep_charge,4,47.31,26691.0,COMPLETED,False,0,VN
VF8VNF_0038,2_39_89_25_2018-08-24 13:21:12.737443,VG_STA_0002_caltech,CA-315,2026-01-05T11:39:00,72.83333333333333,3.576,2.95,opportunity_fast_charge,4,33.43,11086.0,COMPLETED,False,1,VN
VF8VNF_0038,1_1_194_821_2018-11-14 22:31:25.918812,VG_STA_0001_JPL,AG-1F13,2026-01-05T21:50:00,298.05,9.79,1.97,overnight_deep_charge,5,49.39,30349.0,COMPLETED,False,0,VN
VF8VNF_0038,1_1_178_823_2018-11-15 13:47:05.580982,VG_STA_0001_JPL,AG-1F08,2026-01-06T19:25:00,586.0333333333333,11.215,1.15,overnight_deep_charge,6,56.16,34766.0,COMPLETED,False,0,VN
VF8VNF_0038,2_39_131_30_2018-08-25 00:21:01.047471,VG_STA_0002_caltech,CA-305,2026-01-07T10:43:00,59.13333333333333,1.462,1.48,opportunity_fast_charge,6,49.64,4532.0,COMPLETED,False,1,VN
VF8VNF_0038,1_1_191_802_2018-11-15 14:47:31.230487,VG_STA_0001_JPL,AG-4F44,2026-01-07T20:01:00,586.1833333333333,55.091,5.64,overnight_deep_charge,7,42.34,170782.0,COMPLETED,False,0,VN
VF8VNF_0038,2_39_129_17_2018-08-25 14:51:01.702766,VG_STA_0002_caltech,CA-307,2026-01-08T12:51:00,71.85,3.821,3.19,opportunity_fast_charge,7,33.55,11845.0,COMPLETED,False,1,VN
VF8VNF_0038,1_1_179_815_2018-11-15 15:39:01.164418,VG_STA_0001_JPL,AG-3F33,2026-01-08T19:51:00,498.7,10.08,1.21,overnight_deep_charge,8,35.32,31248.0,COMPLETED,False,0,VN
VF8VNF_0038,2_39_91_437_2018-08-25 23:01:36.436666,VG_STA_0002_caltech,CA-317,2026-01-09T10:34:00,15.9,0.849,3.2,opportunity_fast_charge,8,53.52,2632.0,COMPLETED,False,1,VN
VF8VNF_0038,1_1_191_811_2018-11-15 15:59:28.519027,VG_STA_0001_JPL,AG-4F42,2026-01-09T18:23:00,547.35,2.783,0.31,overnight_deep_charge,9,50.58,8627.0,COMPLETED,False,0,VN
VF8VNF_0038,2_39_126_20_2018-08-26 01:20:25.241664,VG_STA_0002_caltech,CA-310,2026-01-10T12:26:00,62.083333333333336,6.603,6.38,opportunity_fast_charge,9,46.23,20469.0,COMPLETED,False,1,VN
VF8VNF_0038,1_1_179_790_2018-11-15 19:28:33.051206,VG_STA_0001_JPL,AG-3F19,2026-01-10T20:53:00,346.9166666666667,5.803,1.0,overnight_deep_charge,10,42.84,17989.0,COMPLETED,False,0,VN
VF8VNF_0038,1_1_194_821_2018-11-16 13:56:06.604094,VG_STA_0001_JPL,AG-1F13,2026-01-11T18:47:00,486.8,12.155,1.5,overnight_deep_charge,11,24.39,37680.0,COMPLETED,False,0,VN
VF8VNF_0038,1_1_179_781_2018-11-16 14:45:28.096027,VG_STA_0001_JPL,AG-3F31,2026-01-12T18:26:00,606.0166666666667,11.687,1.16,overnight_deep_charge,12,41.32,36230.0,COMPLETED,False,0,VN
VF8VNF_0038,1_1_179_797_2018-11-16 15:23:11.809265,VG_STA_0001_JPL,AG-3F23,2026-01-13T21:25:00,267.3666666666667,5.982,1.34,overnight_deep_charge,13,37.02,18544.0,COMPLETED,False,0,VN
VF8VNF_0038,1_1_179_809_2018-11-16 15:48:14.507927,VG_STA_0001_JPL,AG-3F27,2026-01-14T21:17:00,253.4,22.016,5.21,overnight_deep_charge,14,58.48,68250.0,COMPLETED,False,0,VN
VF8VNF_0038,2_39_89_25_2018-08-26 01:45:04.718262,VG_STA_0002_caltech,CA-315,2026-01-15T10:21:00,61.21666666666667,2.24,2.2,opportunity_fast_charge,14,42.55,6944.0,COMPLETED,False,1,VN
VF8VNF_0039,1_1_191_808_2018-11-16 17:18:03.482896,VG_STA_0001_JPL,AG-4F35,2025-12-31T21:44:00,395.51666666666665,13.033,1.98,overnight_deep_charge,0,31.7,40402.0,COMPLETED,False,0,VN
VF8VNF_0039,1_1_191_808_2018-11-19 15:33:00.229433,VG_STA_0001_JPL,AG-4F35,2026-01-01T20:59:00,576.1333333333333,7.79,0.81,overnight_deep_charge,1,49.51,24149.0,COMPLETED,False,0,VN
VF8VNF_0039,2_39_138_29_2018-08-26 04:00:15.641904,VG_STA_0002_caltech,CA-304,2026-01-02T13:12:00,28.433333333333334,2.442,5.15,opportunity_fast_charge,1,33.12,7570.0,COMPLETED,False,1,VN
VF8VNF_0039,1_1_191_811_2018-11-19 22:13:50.181855,VG_STA_0001_JPL,AG-4F42,2026-01-02T20:58:00,204.73333333333332,6.395,1.87,overnight_deep_charge,2,28.22,19824.0,COMPLETED,False,0,VN
VF8VNF_0039,1_1_194_822_2018-11-20 15:11:15.872602,VG_STA_0001_JPL,AG-1F12,2026-01-03T18:45:00,271.7,7.958,1.76,overnight_deep_charge,3,58.64,24670.0,COMPLETED,False,0,VN
VF8VNF_0039,1_1_194_822_2018-11-20 20:21:31.696606,VG_STA_0001_JPL,AG-1F12,2026-01-04T18:20:00,156.51666666666668,15.84,6.07,overnight_deep_charge,4,61.97,49104.0,COMPLETED,False,0,VN
VF8VNF_0039,1_1_179_788_2018-11-20 21:01:52.624828,VG_STA_0001_JPL,AG-3F22,2026-01-05T20:23:00,338.56666666666666,10.432,1.85,overnight_deep_charge,5,37.82,32339.0,COMPLETED,False,0,VN
VF8VNF_0039,1_1_179_813_2018-11-20 21:51:07.756966,VG_STA_0001_JPL,AG-3F15,2026-01-06T18:00:00,309.4,1.823,0.35,overnight_deep_charge,6,53.01,5651.0,COMPLETED,False,0,VN
VF8VNF_0039,2_39_124_22_2018-08-26 17:42:55.005094,VG_STA_0002_caltech,CA-312,2026-01-07T11:37:00,39.86666666666667,3.582,5.39,opportunity_fast_charge,6,52.48,11104.0,COMPLETED,False,1,VN
VF8VNF_0039,1_1_191_785_2018-11-26 13:38:52.542769,VG_STA_0001_JPL,AG-4F48,2026-01-07T21:37:00,648.5666666666667,8.163,0.76,overnight_deep_charge,7,28.15,25305.0,COMPLETED,False,0,VN
VF8VNF_0039,1_1_191_786_2018-11-27 21:35:20.670212,VG_STA_0001_JPL,AG-4F36,2026-01-08T19:23:00,158.01666666666668,4.853,1.84,overnight_deep_charge,8,52.8,15044.0,COMPLETED,False,0,VN
VF8VNF_0039,2_39_128_18_2018-08-26 18:51:21.975938,VG_STA_0002_caltech,CA-308,2026-01-09T10:40:00,14.05,1.348,5.76,opportunity_fast_charge,8,50.63,4179.0,COMPLETED,False,1,VN
VF8VNF_0039,1_1_193_819_2018-11-28 14:10:17.641416,VG_STA_0001_JPL,AG-1F06,2026-01-09T21:32:00,553.85,12.71,1.38,overnight_deep_charge,9,47.37,39401.0,COMPLETED,False,0,VN
VF8VNF_0039,2_39_79_378_2018-08-26 21:00:02.196555,VG_STA_0002_caltech,CA-326,2026-01-10T13:50:00,85.71666666666667,3.671,2.57,opportunity_fast_charge,9,32.33,11380.0,COMPLETED,False,1,VN
VF8VNF_0039,1_1_193_816_2018-11-28 22:09:49.637782,VG_STA_0001_JPL,AG-1F05,2026-01-10T19:23:00,173.65,9.013,3.11,overnight_deep_charge,10,30.56,27940.0,COMPLETED,False,0,VN
VF8VNF_0039,2_39_125_21_2018-08-27 00:42:57.810214,VG_STA_0002_caltech,CA-311,2026-01-11T10:17:00,35.666666666666664,3.599,6.05,opportunity_fast_charge,10,53.38,11157.0,COMPLETED,False,1,VN
VF8VNF_0039,1_1_193_816_2018-11-29 13:31:37.196879,VG_STA_0001_JPL,AG-1F05,2026-01-11T21:23:00,707.4833333333333,38.283,3.25,overnight_deep_charge,11,34.87,118677.0,COMPLETED,False,0,VN
VF8VNF_0039,1_1_193_819_2018-11-29 14:12:39.416198,VG_STA_0001_JPL,AG-1F06,2026-01-12T21:25:00,551.3666666666667,13.466,1.47,overnight_deep_charge,12,39.13,41745.0,COMPLETED,False,0,VN
VF8VNF_0039,2_39_129_17_2018-08-27 04:09:37.366064,VG_STA_0002_caltech,CA-307,2026-01-13T10:42:00,19.716666666666665,2.11,6.42,opportunity_fast_charge,12,42.48,6541.0,COMPLETED,False,1,VN
VF8VNF_0039,1_1_179_783_2018-11-29 15:44:10.712882,VG_STA_0001_JPL,AG-3F29,2026-01-13T18:12:00,555.5,2.781,0.3,overnight_deep_charge,13,21.56,8621.0,COMPLETED,False,0,VN
VF8VNF_0039,2_39_95_444_2018-08-27 16:12:01.830603,VG_STA_0002_caltech,CA-497,2026-01-14T12:19:00,50.18333333333333,1.846,2.21,opportunity_fast_charge,13,34.69,5723.0,COMPLETED,False,1,VN
VF8VNF_0039,1_1_179_809_2018-11-29 16:07:25.453354,VG_STA_0001_JPL,AG-3F27,2026-01-14T21:29:00,570.3666666666667,2.762,0.29,overnight_deep_charge,14,34.1,8562.0,COMPLETED,False,0,VN
VF8VNF_0040,1_1_179_779_2018-11-29 16:14:04.415889,VG_STA_0001_JPL,AG-3F17,2025-12-31T21:07:00,405.1166666666667,0.888,0.13,overnight_deep_charge,0,36.86,2753.0,COMPLETED,False,0,VN
VF8VNF_0040,1_1_179_800_2018-11-30 14:59:34.630512,VG_STA_0001_JPL,AG-3F32,2026-01-01T18:47:00,329.6333333333333,1.307,0.24,overnight_deep_charge,1,30.97,4052.0,COMPLETED,False,0,VN
VF8VNF_0040,1_1_179_815_2018-11-30 15:08:37.070594,VG_STA_0001_JPL,AG-3F33,2026-01-02T21:52:00,270.01666666666665,11.955,2.66,overnight_deep_charge,2,53.88,37060.0,COMPLETED,False,0,VN
VF8VNF_0040,2_39_79_379_2018-08-28 00:22:23.909997,VG_STA_0002_caltech,CA-327,2026-01-03T10:08:00,69.01666666666667,3.751,3.26,opportunity_fast_charge,2,57.47,11628.0,COMPLETED,False,1,VN
VF8VNF_0040,1_1_179_801_2018-11-30 15:23:45.815052,VG_STA_0001_JPL,AG-3F21,2026-01-03T20:39:00,585.3833333333333,46.182,4.73,overnight_deep_charge,3,61.36,143164.0,COMPLETED,False,0,VN
VF8VNF_0040,2_39_129_17_2018-08-28 00:45:53.671100,VG_STA_0002_caltech,CA-307,2026-01-04T10:54:00,30.283333333333335,1.091,2.16,opportunity_fast_charge,3,35.82,3382.0,COMPLETED,False,1,VN
VF8VNF_0040,1_1_191_785_2018-11-30 15:26:33.616487,VG_STA_0001_JPL,AG-4F48,2026-01-04T18:45:00,587.75,12.771,1.3,overnight_deep_charge,4,40.72,39590.0,COMPLETED,False,0,VN
VF8VNF_0040,2_39_125_21_2018-08-28 02:16:21.798252,VG_STA_0002_caltech,CA-311,2026-01-05T10:49:00,17.133333333333333,1.726,6.04,opportunity_fast_charge,4,63.64,5351.0,COMPLETED,False,1,VN
VF8VNF_0040,1_1_191_780_2018-11-30 15:47:10.855095,VG_STA_0001_JPL,AG-4F45,2026-01-05T19:49:00,265.23333333333335,14.394,3.26,overnight_deep_charge,5,44.16,44621.0,COMPLETED,False,0,VN
VF8VNF_0040,2_39_125_21_2018-08-28 02:35:24.683147,VG_STA_0002_caltech,CA-311,2026-01-06T12:59:00,10.5,0.813,4.65,opportunity_fast_charge,5,65.0,2520.0,COMPLETED,False,1,VN
VF8VNF_0040,1_1_178_823_2018-12-01 13:46:04.228600,VG_STA_0001_JPL,AG-1F08,2026-01-06T21:54:00,379.7,11.539,1.82,overnight_deep_charge,6,47.06,35771.0,COMPLETED,False,0,VN
VF8VNF_0040,1_1_193_827_2018-12-03 14:02:09.546615,VG_STA_0001_JPL,AG-1F02,2026-01-07T19:13:00,521.55,7.295,0.84,overnight_deep_charge,7,42.28,22614.0,COMPLETED,False,0,VN
VF8VNF_0040,1_1_178_817_2018-12-03 14:27:57.351490,VG_STA_0001_JPL,AG-1F09,2026-01-08T20:47:00,583.6166666666667,11.741,1.21,overnight_deep_charge,8,51.73,36397.0,COMPLETED,False,0,VN
VF8VNF_0040,1_1_191_811_2018-12-03 15:47:52.918645,VG_STA_0001_JPL,AG-4F42,2026-01-09T19:15:00,456.26666666666665,24.534,3.23,overnight_deep_charge,9,50.41,76055.0,COMPLETED,False,0,VN
VF8VNF_0040,1_1_179_797_2018-12-04 14:43:06.844734,VG_STA_0001_JPL,AG-3F23,2026-01-10T19:23:00,638.9166666666666,5.512,0.52,overnight_deep_charge,10,52.87,17087.0,COMPLETED,False,0,VN
VF8VNF_0040,2_39_90_26_2018-08-29 01:54:28.316892,VG_STA_0002_caltech,CA-316,2026-01-11T10:43:00,54.0,5.782,6.42,opportunity_fast_charge,10,43.25,17924.0,COMPLETED,False,1,VN
VF8VNF_0040,1_1_179_794_2018-12-04 14:51:05.175772,VG_STA_0001_JPL,AG-3F20,2026-01-11T18:16:00,622.5333333333333,12.838,1.24,overnight_deep_charge,11,55.03,39798.0,COMPLETED,False,0,VN
VF8VNF_0040,1_1_191_780_2018-12-04 15:46:23.265928,VG_STA_0001_JPL,AG-4F45,2026-01-12T18:12:00,535.8166666666667,49.446,5.54,overnight_deep_charge,12,62.12,153283.0,COMPLETED,False,0,VN
VF8VNF_0040,2_39_90_26_2018-08-29 22:54:27.236373,VG_STA_0002_caltech,CA-316,2026-01-13T10:24:00,72.9,1.953,1.61,opportunity_fast_charge,12,48.2,6054.0,COMPLETED,False,1,VN
VF8VNF_0040,1_1_179_813_2018-12-04 16:01:09.872247,VG_STA_0001_JPL,AG-3F15,2026-01-13T21:22:00,570.0166666666667,11.975,1.26,overnight_deep_charge,13,36.87,37122.0,COMPLETED,False,0,VN
VF8VNF_0040,1_1_191_811_2018-12-04 16:02:15.811797,VG_STA_0001_JPL,AG-4F42,2026-01-14T19:58:00,471.9,31.828,4.05,overnight_deep_charge,14,44.74,98667.0,COMPLETED,False,0,VN
VF8VNF_0041,1_1_191_784_2018-12-04 16:23:34.989415,VG_STA_0001_JPL,AG-4F40,2025-12-31T19:30:00,547.8166666666667,4.237,0.46,overnight_deep_charge,0,23.01,13135.0,COMPLETED,False,0,US
VF8VNF_0041,2_39_79_376_2018-08-30 00:06:42.715843,VG_STA_0002_caltech,CA-324,2026-01-01T14:26:00,84.06666666666666,4.893,3.49,opportunity_fast_charge,0,37.94,15168.0,COMPLETED,False,1,US
VF8VNF_0041,1_1_179_779_2018-12-04 19:29:38.864485,VG_STA_0001_JPL,AG-3F17,2026-01-01T21:52:00,408.5833333333333,40.228,5.91,overnight_deep_charge,1,65.0,124707.0,COMPLETED,False,0,US
VF8VNF_0041,1_1_179_801_2018-12-04 20:30:31.483613,VG_STA_0001_JPL,AG-3F21,2026-01-02T19:54:00,267.0,13.607,3.06,overnight_deep_charge,2,56.12,42182.0,COMPLETED,False,0,US
VF8VNF_0041,2_39_78_365_2018-08-30 02:16:04.014769,VG_STA_0002_caltech,CA-321,2026-01-03T12:39:00,80.33333333333333,4.555,3.4,opportunity_fast_charge,2,20.0,14120.0,COMPLETED,False,1,US
VF8VNF_0041,1_1_194_818_2018-12-04 23:51:12.590582,VG_STA_0001_JPL,AG-1F14,2026-01-03T20:52:00,214.83333333333334,9.799,2.74,overnight_deep_charge,3,56.52,30377.0,COMPLETED,False,0,US
VF8VNF_0041,1_1_191_803_2018-12-05 15:35:48.980265,VG_STA_0001_JPL,AG-4F49,2026-01-04T21:51:00,600.4333333333333,43.149,4.31,overnight_deep_charge,4,38.3,133762.0,COMPLETED,False,0,US
VF8VNF_0041,1_1_179_788_2018-12-05 20:14:01.664859,VG_STA_0001_JPL,AG-3F22,2026-01-05T19:36:00,648.8333333333334,6.223,0.58,overnight_deep_charge,5,52.68,19291.0,COMPLETED,False,0,US
VF8VNF_0041,1_1_191_803_2018-12-06 15:17:44.615532,VG_STA_0001_JPL,AG-4F49,2026-01-06T20:52:00,616.3833333333333,15.803,1.54,overnight_deep_charge,6,39.22,48989.0,COMPLETED,False,0,US
VF8VNF_0041,2_39_92_436_2018-08-30 03:30:31.564565,VG_STA_0002_caltech,CA-318,2026-01-07T10:34:00,28.633333333333333,3.134,6.57,opportunity_fast_charge,6,38.9,9715.0,COMPLETED,False,1,US
VF8VNF_0041,1_1_191_778_2018-12-06 15:56:58.248887,VG_STA_0001_JPL,AG-4F43,2026-01-07T21:17:00,229.1,0.835,0.22,overnight_deep_charge,7,65.0,2588.0,COMPLETED,False,0,US
VF8VNF_0041,1_1_179_777_2018-12-07 17:19:57.505604,VG_STA_0001_JPL,AG-3F28,2026-01-08T21:56:00,133.85,6.92,3.1,overnight_deep_charge,8,33.71,21452.0,COMPLETED,False,0,US
VF8VNF_0041,1_1_178_828_2018-12-09 16:18:05.531920,VG_STA_0001_JPL,AG-1F10,2026-01-09T18:08:00,584.4,8.194,0.84,overnight_deep_charge,9,63.83,25401.0,COMPLETED,False,0,US
VF8VNF_0041,2_39_89_25_2018-08-30 13:24:05.054096,VG_STA_0002_caltech,CA-315,2026-01-10T11:16:00,84.2,3.906,2.78,opportunity_fast_charge,9,48.62,12109.0,COMPLETED,False,1,US
VF8VNF_0041,1_1_179_815_2018-12-11 14:58:22.749466,VG_STA_0001_JPL,AG-3F33,2026-01-10T21:27:00,711.4166666666666,8.168,0.69,overnight_deep_charge,10,38.09,25321.0,COMPLETED,False,0,US
VF8VNF_0041,1_1_191_785_2018-12-11 15:25:53.200387,VG_STA_0001_JPL,AG-4F48,2026-01-11T19:48:00,642.5333333333333,9.922,0.93,overnight_deep_charge,11,63.93,30758.0,COMPLETED,False,0,US
VF8VNF_0041,2_39_79_381_2018-08-31 02:30:29.496619,VG_STA_0002_caltech,CA-490,2026-01-12T10:33:00,85.0,2.103,1.48,opportunity_fast_charge,11,37.62,6519.0,COMPLETED,False,1,US
VF8VNF_0041,1_1_179_798_2018-12-13 15:12:19.289472,VG_STA_0001_JPL,AG-3F18,2026-01-12T20:41:00,543.1666666666666,13.606,1.5,overnight_deep_charge,12,48.49,42179.0,COMPLETED,False,0,US
VF8VNF_0041,1_1_191_793_2018-12-13 18:37:51.014635,VG_STA_0001_JPL,AG-4F38,2026-01-13T18:08:00,385.93333333333334,14.288,2.22,overnight_deep_charge,13,39.15,44293.0,COMPLETED,False,0,US
VF8VNF_0041,1_1_179_813_2018-12-14 15:24:34.371604,VG_STA_0001_JPL,AG-3F15,2026-01-14T18:39:00,395.0,18.64,2.83,overnight_deep_charge,14,26.68,57784.0,COMPLETED,False,0,US
VF8VNF_0041,2_39_128_18_2018-08-31 03:02:52.633138,VG_STA_0002_caltech,CA-308,2026-01-15T10:45:00,74.73333333333333,7.708,6.19,opportunity_fast_charge,14,43.06,23895.0,COMPLETED,False,1,US
VF8VNF_0042,1_1_191_803_2018-12-14 15:33:32.321199,VG_STA_0001_JPL,AG-4F49,2025-12-31T18:38:00,282.6166666666667,11.574,2.46,overnight_deep_charge,0,49.76,35879.0,COMPLETED,False,0,US
VF8VNF_0042,1_1_179_779_2018-12-14 16:02:09.082232,VG_STA_0001_JPL,AG-3F17,2026-01-01T21:08:00,569.8333333333334,3.57,0.38,overnight_deep_charge,1,56.56,11067.0,COMPLETED,False,0,US
VF8VNF_0042,1_1_191_805_2018-12-14 16:12:13.447715,VG_STA_0001_JPL,AG-4F39,2026-01-02T20:51:00,484.98333333333335,3.211,0.4,overnight_deep_charge,2,54.14,9954.0,COMPLETED,False,0,US
VF8VNF_0042,1_1_194_821_2018-12-14 20:56:20.070653,VG_STA_0001_JPL,AG-1F13,2026-01-03T21:06:00,174.9,6.089,2.09,overnight_deep_charge,3,45.44,18876.0,COMPLETED,False,0,US
VF8VNF_0042,2_39_123_557_2018-08-31 13:13:03.161030,VG_STA_0002_caltech,CA-503,2026-01-04T12:53:00,20.883333333333333,2.074,5.96,opportunity_fast_charge,3,43.8,6429.0,COMPLETED,False,1,US
VF8VNF_0042,1_1_194_822_2018-12-17 14:27:19.552183,VG_STA_0001_JPL,AG-1F12,2026-01-04T18:15:00,571.2,15.662,1.65,overnight_deep_charge,4,42.28,48552.0,COMPLETED,False,0,US
VF8VNF_0042,2_39_130_31_2018-08-31 13:50:06.723069,VG_STA_0002_caltech,CA-306,2026-01-05T14:20:00,68.18333333333334,7.531,6.63,opportunity_fast_charge,4,46.01,23346.0,COMPLETED,False,1,US
VF8VNF_0042,1_1_193_825_2018-12-17 14:41:33.339607,VG_STA_0001_JPL,AG-1F01,2026-01-05T20:20:00,518.3333333333334,11.409,1.32,overnight_deep_charge,5,53.98,35368.0,COMPLETED,False,0,US
VF8VNF_0042,1_1_179_783_2018-12-17 14:44:27.477811,VG_STA_0001_JPL,AG-3F29,2026-01-06T18:54:00,511.56666666666666,5.711,0.67,overnight_deep_charge,6,48.0,17704.0,COMPLETED,False,0,US
VF8VNF_0042,2_39_125_21_2018-08-31 21:22:01.298215,VG_STA_0002_caltech,CA-311,2026-01-07T10:50:00,62.0,3.388,3.28,opportunity_fast_charge,6,50.98,10503.0,COMPLETED,False,1,US
VF8VNF_0042,1_1_191_792_2018-12-17 16:07:52.923822,VG_STA_0001_JPL,AG-4F37,2026-01-07T21:09:00,393.28333333333336,14.995,2.29,overnight_deep_charge,7,32.75,46484.0,COMPLETED,False,0,US
VF8VNF_0042,1_1_179_801_2018-12-18 14:01:54.216069,VG_STA_0001_JPL,AG-3F21,2026-01-08T21:42:00,574.6833333333333,47.422,4.95,overnight_deep_charge,8,58.56,147008.0,COMPLETED,False,0,US
VF8VNF_0042,1_1_194_826_2018-12-18 14:04:10.909992,VG_STA_0001_JPL,AG-1F11,2026-01-09T18:54:00,629.0,54.978,5.24,overnight_deep_charge,9,46.65,170432.0,COMPLETED,False,0,US
VF8VNF_0042,1_1_179_800_2018-12-18 14:58:25.323341,VG_STA_0001_JPL,AG-3F32,2026-01-10T19:44:00,571.1666666666666,11.992,1.26,overnight_deep_charge,10,57.77,37175.0,COMPLETED,False,0,US
VF8VNF_0042,2_39_125_21_2018-09-01 00:23:49.232101,VG_STA_0002_caltech,CA-311,2026-01-11T12:14:00,77.25,5.89,4.57,opportunity_fast_charge,10,44.54,18259.0,COMPLETED,False,1,US
VF8VNF_0042,1_1_179_798_2018-12-18 15:10:57.245209,VG_STA_0001_JPL,AG-3F18,2026-01-11T21:08:00,563.5333333333333,11.986,1.28,overnight_deep_charge,11,59.83,37157.0,COMPLETED,False,0,US
VF8VNF_0042,1_1_179_809_2018-12-18 15:17:18.291036,VG_STA_0001_JPL,AG-3F27,2026-01-12T21:26:00,643.85,6.04,0.56,overnight_deep_charge,12,33.43,18724.0,COMPLETED,False,0,US
VF8VNF_0042,1_1_191_807_2018-12-18 15:29:00.008199,VG_STA_0001_JPL,AG-4F47,2026-01-13T18:22:00,700.1333333333333,35.243,3.02,overnight_deep_charge,13,45.8,109253.0,COMPLETED,False,0,US
VF8VNF_0042,2_39_130_31_2018-09-01 14:33:40.470366,VG_STA_0002_caltech,CA-306,2026-01-14T12:54:00,6.766666666666667,0.632,5.6,opportunity_fast_charge,13,44.72,1959.0,COMPLETED,False,1,US
VF8VNF_0042,1_1_179_779_2018-12-18 20:05:36.859330,VG_STA_0001_JPL,AG-3F17,2026-01-14T21:32:00,407.8666666666667,6.305,0.93,overnight_deep_charge,14,35.55,19546.0,COMPLETED,False,0,US
VF8VNF_0043,1_1_194_821_2018-12-20 00:08:20.514558,VG_STA_0001_JPL,AG-1F13,2025-12-31T20:01:00,205.63333333333333,11.287,3.29,overnight_deep_charge,0,43.66,34990.0,COMPLETED,False,0,US
VF8VNF_0043,1_1_194_821_2018-12-20 14:39:39.644520,VG_STA_0001_JPL,AG-1F13,2026-01-01T19:02:00,442.23333333333335,5.885,0.8,overnight_deep_charge,1,49.65,18244.0,COMPLETED,False,0,US
VF8VNF_0043,1_1_191_812_2018-12-20 15:02:20.204843,VG_STA_0001_JPL,AG-4F46,2026-01-02T19:15:00,589.9333333333333,5.15,0.52,overnight_deep_charge,2,46.02,15965.0,COMPLETED,False,0,US
VF8VNF_0043,2_39_78_367_2018-09-01 17:23:34.382055,VG_STA_0002_caltech,CA-494,2026-01-03T11:59:00,59.65,6.314,6.35,opportunity_fast_charge,2,34.59,19573.0,COMPLETED,False,1,US
VF8VNF_0043,1_1_179_794_2018-12-20 15:19:44.487151,VG_STA_0001_JPL,AG-3F20,2026-01-03T19:57:00,361.6333333333333,11.325,1.88,overnight_deep_charge,3,52.33,35108.0,COMPLETED,False,0,US
VF8VNF_0043,1_1_191_784_2018-12-20 16:25:07.606673,VG_STA_0001_JPL,AG-4F40,2026-01-04T19:27:00,718.1833333333333,28.0,2.34,overnight_deep_charge,4,35.23,86800.0,COMPLETED,False,0,US
VF8VNF_0043,2_39_79_378_2018-09-02 01:17:02.490680,VG_STA_0002_caltech,CA-326,2026-01-05T11:16:00,28.566666666666666,1.553,3.26,opportunity_fast_charge,4,40.75,4814.0,COMPLETED,False,1,US
VF8VNF_0043,1_1_179_796_2018-12-20 17:12:42.385099,VG_STA_0001_JPL,AG-3F24,2026-01-05T19:06:00,380.0833333333333,1.037,0.16,overnight_deep_charge,5,48.76,3215.0,COMPLETED,False,0,US
VF8VNF_0043,2_39_130_31_2018-09-02 14:20:22.840183,VG_STA_0002_caltech,CA-306,2026-01-06T11:54:00,60.06666666666667,6.668,6.66,opportunity_fast_charge,5,40.76,20671.0,COMPLETED,False,1,US
VF8VNF_0043,1_1_191_792_2018-12-20 19:03:02.565070,VG_STA_0001_JPL,AG-4F37,2026-01-06T20:37:00,362.46666666666664,11.685,1.93,overnight_deep_charge,6,43.07,36224.0,COMPLETED,False,0,US
VF8VNF_0043,1_1_179_797_2018-12-26 14:57:14.595697,VG_STA_0001_JPL,AG-3F23,2026-01-07T20:55:00,560.4833333333333,33.889,3.63,overnight_deep_charge,7,44.51,105056.0,COMPLETED,False,0,US
VF8VNF_0043,1_1_191_785_2018-12-26 16:08:56.199030,VG_STA_0001_JPL,AG-4F48,2026-01-08T21:23:00,525.6833333333333,8.122,0.93,overnight_deep_charge,8,55.76,25178.0,COMPLETED,False,0,US
VF8VNF_0043,2_39_127_19_2018-09-02 19:30:23.614043,VG_STA_0002_caltech,CA-309,2026-01-09T12:28:00,84.46666666666667,9.548,6.78,opportunity_fast_charge,8,49.69,29599.0,COMPLETED,False,1,US
VF8VNF_0043,1_1_179_798_2018-12-26 17:14:30.682182,VG_STA_0001_JPL,AG-3F18,2026-01-09T18:50:00,465.85,22.706,2.92,overnight_deep_charge,9,49.98,70389.0,COMPLETED,False,0,US
VF8VNF_0043,1_1_179_799_2018-12-27 13:50:52.123950,VG_STA_0001_JPL,AG-3F25,2026-01-10T20:52:00,555.7833333333333,48.626,5.25,overnight_deep_charge,10,40.37,150741.0,COMPLETED,False,0,US
VF8VNF_0043,1_1_193_827_2018-12-27 14:30:55.607892,VG_STA_0001_JPL,AG-1F02,2026-01-11T19:40:00,492.5833333333333,8.992,1.1,overnight_deep_charge,11,46.29,27875.0,COMPLETED,False,0,US
VF8VNF_0043,1_1_191_795_2018-12-27 17:43:07.982185,VG_STA_0001_JPL,AG-4F51,2026-01-12T21:37:00,520.1,7.38,0.85,overnight_deep_charge,12,47.51,22878.0,COMPLETED,False,0,US
VF8VNF_0043,1_1_193_827_2018-12-28 14:21:11.687898,VG_STA_0001_JPL,AG-1F02,2026-01-13T18:17:00,504.6666666666667,7.005,0.83,overnight_deep_charge,13,33.12,21716.0,COMPLETED,False,0,US
VF8VNF_0043,2_39_126_560_2018-09-05 02:24:53.754190,VG_STA_0002_caltech,CA-506,2026-01-14T12:25:00,43.96666666666667,4.736,6.46,opportunity_fast_charge,13,35.15,14682.0,COMPLETED,False,1,US
VF8VNF_0043,1_1_179_813_2018-12-28 15:03:00.328152,VG_STA_0001_JPL,AG-3F15,2026-01-14T18:12:00,482.6666666666667,50.431,6.27,overnight_deep_charge,14,43.84,156336.0,COMPLETED,False,0,US
VF8VNF_0044,1_1_179_779_2018-12-28 17:49:58.431712,VG_STA_0001_JPL,AG-3F17,2025-12-31T20:11:00,377.0,0.836,0.13,overnight_deep_charge,0,22.63,2592.0,COMPLETED,False,0,US
VF8VNF_0044,2_39_123_557_2018-09-05 02:37:56.128581,VG_STA_0002_caltech,CA-503,2026-01-01T11:56:00,24.233333333333334,2.385,5.91,opportunity_fast_charge,0,34.99,7393.0,COMPLETED,False,1,US
VF8VNF_0044,1_1_179_777_2019-01-02 15:06:43.141701,VG_STA_0001_JPL,AG-3F28,2026-01-01T20:23:00,576.0666666666667,43.989,4.58,overnight_deep_charge,1,51.11,136366.0,COMPLETED,False,0,US
VF8VNF_0044,2_39_130_564_2018-09-05 15:49:47.247752,VG_STA_0002_caltech,CA-510,2026-01-02T14:14:00,29.233333333333334,1.063,2.18,opportunity_fast_charge,1,46.68,3295.0,COMPLETED,False,1,US
VF8VNF_0044,1_1_191_808_2019-01-02 16:51:09.511333,VG_STA_0001_JPL,AG-4F35,2026-01-02T18:57:00,482.2,25.537,3.18,overnight_deep_charge,2,45.47,79165.0,COMPLETED,False,0,US
VF8VNF_0044,1_1_179_810_2019-01-02 20:59:22.327640,VG_STA_0001_JPL,AG-3F30,2026-01-03T20:49:00,370.3666666666667,7.911,1.28,overnight_deep_charge,3,47.12,24524.0,COMPLETED,False,0,US
VF8VNF_0044,2_39_129_17_2018-09-05 23:30:36.738123,VG_STA_0002_caltech,CA-307,2026-01-04T11:20:00,87.55,4.922,3.37,opportunity_fast_charge,3,47.65,15258.0,COMPLETED,False,1,US
VF8VNF_0044,1_1_179_800_2019-01-03 15:55:27.929395,VG_STA_0001_JPL,AG-3F32,2026-01-04T18:41:00,249.83333333333334,14.209,3.41,overnight_deep_charge,4,40.01,44048.0,COMPLETED,False,0,US
VF8VNF_0044,2_39_131_565_2018-09-06 00:55:27.573140,VG_STA_0002_caltech,CA-511,2026-01-05T12:16:00,66.4,2.54,2.3,opportunity_fast_charge,4,35.55,7874.0,COMPLETED,False,1,US
VF8VNF_0044,1_1_191_780_2019-01-03 16:07:00.101252,VG_STA_0001_JPL,AG-4F45,2026-01-05T19:13:00,472.4166666666667,4.464,0.57,overnight_deep_charge,5,48.57,13838.0,COMPLETED,False,0,US
VF8VNF_0044,2_39_131_30_2018-09-06 01:00:17.504157,VG_STA_0002_caltech,CA-305,2026-01-06T11:28:00,14.983333333333333,1.588,6.36,opportunity_fast_charge,5,43.39,4923.0,COMPLETED,False,1,US
VF8VNF_0044,1_1_179_788_2019-01-04 18:30:54.108407,VG_STA_0001_JPL,AG-3F22,2026-01-06T20:45:00,162.7,6.626,2.44,overnight_deep_charge,6,54.7,20541.0,COMPLETED,False,0,US
VF8VNF_0044,1_1_179_810_2019-01-08 00:26:49.856016,VG_STA_0001_JPL,AG-3F30,2026-01-07T20:53:00,121.16666666666667,12.477,6.18,overnight_deep_charge,7,51.7,38679.0,COMPLETED,False,0,US
VF8VNF_0044,2_39_90_440_2018-09-06 02:33:49.292231,VG_STA_0002_caltech,CA-500,2026-01-08T11:18:00,41.583333333333336,4.471,6.45,opportunity_fast_charge,7,41.96,13860.0,COMPLETED,False,1,US
VF8VNF_0044,1_1_178_823_2019-01-08 13:44:02.257475,VG_STA_0001_JPL,AG-1F08,2026-01-08T21:20:00,592.55,11.442,1.16,overnight_deep_charge,8,38.07,35470.0,COMPLETED,False,0,US
VF8VNF_0044,1_1_178_828_2019-01-08 13:59:23.402477,VG_STA_0001_JPL,AG-1F10,2026-01-09T19:08:00,591.3,5.767,0.59,overnight_deep_charge,9,48.33,17878.0,COMPLETED,False,0,US
VF8VNF_0044,1_1_194_826_2019-01-08 14:08:25.495319,VG_STA_0001_JPL,AG-1F11,2026-01-10T18:55:00,518.15,31.17,3.61,overnight_deep_charge,10,48.54,96627.0,COMPLETED,False,0,US
VF8VNF_0044,2_39_131_30_2018-09-06 02:38:20.967515,VG_STA_0002_caltech,CA-305,2026-01-11T10:19:00,57.733333333333334,3.283,3.41,opportunity_fast_charge,10,48.67,10177.0,COMPLETED,False,1,US
VF8VNF_0044,1_1_179_809_2019-01-08 14:59:51.070399,VG_STA_0001_JPL,AG-3F27,2026-01-11T18:49:00,662.7666666666667,36.692,3.32,overnight_deep_charge,11,45.6,113745.0,COMPLETED,False,0,US
VF8VNF_0044,1_1_191_780_2019-01-08 15:25:42.300034,VG_STA_0001_JPL,AG-4F45,2026-01-12T19:03:00,556.3666666666667,4.514,0.49,overnight_deep_charge,12,63.5,13993.0,COMPLETED,False,0,US
VF8VNF_0044,2_39_139_28_2018-09-06 05:07:01.355810,VG_STA_0002_caltech,CA-303,2026-01-13T11:33:00,16.55,1.594,5.78,opportunity_fast_charge,12,47.47,4941.0,COMPLETED,False,1,US
VF8VNF_0044,1_1_191_786_2019-01-08 15:54:41.912065,VG_STA_0001_JPL,AG-4F36,2026-01-13T21:26:00,553.6,7.563,0.82,overnight_deep_charge,13,48.11,23445.0,COMPLETED,False,0,US
VF8VNF_0044,1_1_179_801_2019-01-08 19:52:06.893705,VG_STA_0001_JPL,AG-3F21,2026-01-14T21:12:00,264.35,6.194,1.41,overnight_deep_charge,14,53.71,19201.0,COMPLETED,False,0,US
VF8VNF_0045,1_1_193_827_2019-01-08 23:20:24.725973,VG_STA_0001_JPL,AG-1F02,2025-12-31T19:44:00,125.06666666666666,11.299,5.42,overnight_deep_charge,0,45.04,35027.0,COMPLETED,False,0,US
VF8VNF_0045,2_39_126_20_2018-09-06 22:57:48.443076,VG_STA_0002_caltech,CA-310,2026-01-01T11:35:00,78.06666666666666,1.857,1.43,opportunity_fast_charge,0,39.18,5757.0,COMPLETED,False,1,US
VF8VNF_0045,1_1_194_821_2019-01-09 14:28:37.495736,VG_STA_0001_JPL,AG-1F13,2026-01-01T19:57:00,379.3,17.828,2.82,overnight_deep_charge,1,49.39,55267.0,COMPLETED,False,0,US
VF8VNF_0045,2_39_124_22_2018-09-06 23:33:44.675752,VG_STA_0002_caltech,CA-312,2026-01-02T10:31:00,57.85,3.254,3.37,opportunity_fast_charge,1,41.7,10087.0,COMPLETED,False,1,US
VF8VNF_0045,1_1_179_799_2019-01-10 14:05:31.500842,VG_STA_0001_JPL,AG-3F25,2026-01-02T20:23:00,508.6166666666667,5.356,0.63,overnight_deep_charge,2,34.34,16604.0,COMPLETED,False,0,US
VF8VNF_0045,2_39_127_19_2018-09-07 04:37:34.350498,VG_STA_0002_caltech,CA-309,2026-01-03T13:30:00,60.833333333333336,6.519,6.43,opportunity_fast_charge,2,36.07,20209.0,COMPLETED,False,1,US
VF8VNF_0045,1_1_179_800_2019-01-10 15:16:16.269694,VG_STA_0001_JPL,AG-3F32,2026-01-03T19:17:00,627.6333333333333,33.537,3.21,overnight_deep_charge,3,26.77,103965.0,COMPLETED,False,0,US
VF8VNF_0045,2_39_123_23_2018-09-07 13:24:58.198248,VG_STA_0002_caltech,CA-313,2026-01-04T11:50:00,72.31666666666666,3.757,3.12,opportunity_fast_charge,3,32.48,11647.0,COMPLETED,False,1,US
VF8VNF_0045,1_1_194_826_2019-01-11 13:11:15.814380,VG_STA_0001_JPL,AG-1F11,2026-01-04T21:45:00,602.85,31.357,3.12,overnight_deep_charge,4,44.37,97207.0,COMPLETED,False,0,US
VF8VNF_0045,2_39_138_29_2018-09-07 23:28:35.655329,VG_STA_0002_caltech,CA-304,2026-01-05T13:22:00,81.5,1.226,0.9,opportunity_fast_charge,4,57.96,3801.0,COMPLETED,False,1,US
VF8VNF_0045,1_1_193_819_2019-01-11 14:11:45.087511,VG_STA_0001_JPL,AG-1F06,2026-01-05T21:24:00,550.25,13.027,1.42,overnight_deep_charge,5,43.39,40384.0,COMPLETED,False,0,US
VF8VNF_0045,2_39_139_28_2018-09-08 02:36:32.254066,VG_STA_0002_caltech,CA-303,2026-01-06T12:42:00,82.88333333333334,2.249,1.63,opportunity_fast_charge,5,30.98,6972.0,COMPLETED,False,1,US
VF8VNF_0045,1_1_179_787_2019-01-11 14:31:22.618244,VG_STA_0001_JPL,AG-3F16,2026-01-06T18:56:00,488.43333333333334,7.965,0.98,overnight_deep_charge,6,58.56,24692.0,COMPLETED,False,0,US
VF8VNF_0045,2_39_125_21_2018-09-08 16:30:35.735983,VG_STA_0002_caltech,CA-311,2026-01-07T11:48:00,8.866666666666667,0.914,6.18,opportunity_fast_charge,6,46.59,2833.0,COMPLETED,False,1,US
VF8VNF_0045,1_1_178_824_2019-01-11 20:22:19.003081,VG_STA_0001_JPL,AG-1F07,2026-01-07T18:23:00,223.43333333333334,3.534,0.95,overnight_deep_charge,7,49.69,10955.0,COMPLETED,False,0,US
VF8VNF_0045,2_39_128_18_2018-09-08 16:50:41.459290,VG_STA_0002_caltech,CA-308,2026-01-08T11:25:00,9.666666666666666,0.963,5.98,opportunity_fast_charge,7,48.75,2985.0,COMPLETED,False,1,US
VF8VNF_0045,1_1_193_827_2019-01-11 22:31:06.484641,VG_STA_0001_JPL,AG-1F02,2026-01-08T18:18:00,157.0,5.893,2.25,overnight_deep_charge,8,31.91,18268.0,COMPLETED,False,0,US
VF8VNF_0045,2_39_90_26_2018-09-08 19:05:12.550439,VG_STA_0002_caltech,CA-316,2026-01-09T13:44:00,71.78333333333333,7.895,6.6,opportunity_fast_charge,8,47.34,24474.0,COMPLETED,False,1,US
VF8VNF_0045,1_1_178_823_2019-01-14 13:45:05.023052,VG_STA_0001_JPL,AG-1F08,2026-01-09T21:25:00,589.4,11.615,1.18,overnight_deep_charge,9,40.97,36006.0,COMPLETED,False,0,US
VF8VNF_0045,2_39_129_17_2018-09-08 23:02:19.579164,VG_STA_0002_caltech,CA-307,2026-01-10T11:04:00,65.01666666666667,3.742,3.45,opportunity_fast_charge,9,45.29,11600.0,COMPLETED,False,1,US
VF8VNF_0045,1_1_191_795_2019-01-14 15:30:43.844450,VG_STA_0001_JPL,AG-4F51,2026-01-10T19:54:00,580.2,22.745,2.35,overnight_deep_charge,10,50.22,70510.0,COMPLETED,False,0,US
VF8VNF_0045,2_39_79_376_2018-09-09 02:11:05.315894,VG_STA_0002_caltech,CA-324,2026-01-11T12:19:00,42.56666666666667,1.782,2.51,opportunity_fast_charge,10,43.29,5524.0,COMPLETED,False,1,US
VF8VNF_0045,1_1_191_792_2019-01-14 15:40:48.717936,VG_STA_0001_JPL,AG-4F37,2026-01-11T18:39:00,591.8833333333333,7.413,0.75,overnight_deep_charge,11,20.0,22980.0,COMPLETED,False,0,US
VF8VNF_0045,2_39_129_17_2018-09-09 14:49:40.652019,VG_STA_0002_caltech,CA-307,2026-01-12T12:37:00,12.15,1.234,6.09,opportunity_fast_charge,11,50.88,3825.0,COMPLETED,False,1,US
VF8VNF_0045,1_1_193_819_2019-01-15 14:08:05.421119,VG_STA_0001_JPL,AG-1F06,2026-01-12T18:18:00,506.43333333333334,13.779,1.63,overnight_deep_charge,12,55.2,42715.0,COMPLETED,False,0,US
VF8VNF_0045,1_1_179_790_2019-01-15 15:15:42.341172,VG_STA_0001_JPL,AG-3F19,2026-01-13T19:23:00,578.9,39.92,4.14,overnight_deep_charge,13,40.7,123752.0,COMPLETED,False,0,US
VF8VNF_0045,1_1_191_805_2019-01-15 15:32:51.304056,VG_STA_0001_JPL,AG-4F39,2026-01-14T18:50:00,602.2666666666667,15.063,1.5,overnight_deep_charge,14,32.87,46695.0,COMPLETED,False,0,US
VF8VNF_0046,1_1_191_792_2019-01-15 15:36:12.680330,VG_STA_0001_JPL,AG-4F37,2025-12-31T19:55:00,310.98333333333335,8.162,1.57,overnight_deep_charge,0,65.0,25302.0,COMPLETED,False,0,US
VF8VNF_0046,2_39_139_28_2018-09-09 16:22:45.626522,VG_STA_0002_caltech,CA-303,2026-01-01T11:20:00,23.45,2.51,6.42,opportunity_fast_charge,0,36.3,7781.0,COMPLETED,False,1,US
VF8VNF_0046,1_1_179_794_2019-01-15 20:06:20.980075,VG_STA_0001_JPL,AG-3F20,2026-01-01T19:17:00,389.4,34.097,5.25,overnight_deep_charge,1,58.51,105701.0,COMPLETED,False,0,US
VF8VNF_0046,2_39_89_25_2018-09-09 19:31:38.641140,VG_STA_0002_caltech,CA-315,2026-01-02T12:25:00,67.9,7.466,6.6,opportunity_fast_charge,1,36.9,23145.0,COMPLETED,False,1,US
VF8VNF_0046,1_1_191_792_2019-01-15 20:51:08.274020,VG_STA_0001_JPL,AG-4F37,2026-01-02T21:14:00,352.7,2.786,0.47,overnight_deep_charge,2,33.71,8637.0,COMPLETED,False,0,US
VF8VNF_0046,1_1_191_808_2019-01-16 15:29:40.007746,VG_STA_0001_JPL,AG-4F35,2026-01-03T20:39:00,537.9666666666667,8.577,0.96,overnight_deep_charge,3,43.54,26589.0,COMPLETED,False,0,US
VF8VNF_0046,2_39_139_28_2018-09-09 21:45:02.771965,VG_STA_0002_caltech,CA-303,2026-01-04T14:14:00,61.016666666666666,6.387,6.28,opportunity_fast_charge,3,41.04,19800.0,COMPLETED,False,1,US
VF8VNF_0046,1_1_178_824_2019-01-16 18:13:14.399650,VG_STA_0001_JPL,AG-1F07,2026-01-04T18:26:00,506.51666666666665,29.68,3.52,overnight_deep_charge,4,49.34,92008.0,COMPLETED,False,0,US
VF8VNF_0046,2_39_126_20_2018-09-09 22:57:34.324828,VG_STA_0002_caltech,CA-310,2026-01-05T12:23:00,57.36666666666667,5.852,6.12,opportunity_fast_charge,4,37.29,18141.0,COMPLETED,False,1,US
VF8VNF_0046,1_1_179_790_2019-01-16 19:39:00.308933,VG_STA_0001_JPL,AG-3F19,2026-01-05T21:26:00,280.78333333333336,14.887,3.18,overnight_deep_charge,5,35.52,46150.0,COMPLETED,False,0,US
VF8VNF_0046,1_1_191_792_2019-01-16 20:18:21.993672,VG_STA_0001_JPL,AG-4F37,2026-01-06T20:08:00,427.68333333333334,7.928,1.11,overnight_deep_charge,6,42.68,24577.0,COMPLETED,False,0,US
VF8VNF_0046,1_1_191_811_2019-01-17 16:13:49.106713,VG_STA_0001_JPL,AG-4F42,2026-01-07T21:27:00,545.9833333333333,25.612,2.81,overnight_deep_charge,7,52.42,79397.0,COMPLETED,False,0,US
VF8VNF_0046,1_1_191_793_2019-01-17 16:19:44.443694,VG_STA_0001_JPL,AG-4F38,2026-01-08T18:25:00,554.4666666666667,19.791,2.14,overnight_deep_charge,8,59.86,61352.0,COMPLETED,False,0,US
VF8VNF_0046,2_39_129_17_2018-09-09 23:23:56.317360,VG_STA_0002_caltech,CA-307,2026-01-09T12:11:00,68.25,6.626,5.83,opportunity_fast_charge,8,61.17,20541.0,COMPLETED,False,1,US
VF8VNF_0046,1_1_191_786_2019-01-17 19:33:18.199152,VG_STA_0001_JPL,AG-4F36,2026-01-09T21:50:00,312.1,15.922,3.06,overnight_deep_charge,9,65.0,49358.0,COMPLETED,False,0,US
VF8VNF_0046,1_1_191_808_2019-01-17 20:51:44.396198,VG_STA_0001_JPL,AG-4F35,2026-01-10T19:51:00,452.46666666666664,7.926,1.05,overnight_deep_charge,10,50.2,24571.0,COMPLETED,False,0,US
VF8VNF_0046,2_39_89_25_2018-09-10 12:42:59.547154,VG_STA_0002_caltech,CA-315,2026-01-11T14:00:00,36.766666666666666,3.976,6.49,opportunity_fast_charge,10,33.98,12326.0,COMPLETED,False,1,US
VF8VNF_0046,1_1_194_821_2019-01-18 13:52:49.701567,VG_STA_0001_JPL,AG-1F13,2026-01-11T19:08:00,428.21666666666664,13.661,1.91,overnight_deep_charge,11,52.5,42349.0,COMPLETED,False,0,US
VF8VNF_0046,2_39_138_29_2018-09-10 13:41:07.283853,VG_STA_0002_caltech,CA-304,2026-01-12T12:47:00,53.4,5.728,6.44,opportunity_fast_charge,11,55.04,17757.0,COMPLETED,False,1,US
VF8VNF_0046,1_1_193_827_2019-01-18 15:32:39.188795,VG_STA_0001_JPL,AG-1F02,2026-01-12T20:50:00,438.3333333333333,9.263,1.27,overnight_deep_charge,12,35.66,28715.0,COMPLETED,False,0,US
VF8VNF_0046,2_39_131_565_2018-09-10 16:12:53.069895,VG_STA_0002_caltech,CA-511,2026-01-13T11:39:00,25.283333333333335,0.902,2.14,opportunity_fast_charge,12,31.68,2796.0,COMPLETED,False,1,US
VF8VNF_0046,1_1_178_817_2019-01-19 21:42:57.938687,VG_STA_0001_JPL,AG-1F09,2026-01-13T20:27:00,171.21666666666667,7.493,2.63,overnight_deep_charge,13,38.93,23228.0,COMPLETED,False,0,US
VF8VNF_0046,1_1_179_813_2019-01-21 18:04:40.143371,VG_STA_0001_JPL,AG-3F15,2026-01-14T21:10:00,345.53333333333336,15.475,2.69,overnight_deep_charge,14,38.58,47972.0,COMPLETED,False,0,US
VF8VNF_0046,2_39_88_438_2018-09-10 17:53:25.749232,VG_STA_0002_caltech,CA-502,2026-01-15T14:14:00,24.766666666666666,2.133,5.17,opportunity_fast_charge,14,65.0,6612.0,COMPLETED,False,1,US
VF8VNF_0047,1_1_178_828_2019-01-22 13:17:40.154170,VG_STA_0001_JPL,AG-1F10,2025-12-31T18:45:00,562.4666666666667,13.449,1.43,overnight_deep_charge,0,52.31,41692.0,COMPLETED,False,0,US
VF8VNF_0047,2_39_130_31_2018-09-12 20:48:46.529221,VG_STA_0002_caltech,CA-306,2026-01-01T11:38:00,13.066666666666666,1.332,6.12,opportunity_fast_charge,0,44.17,4129.0,COMPLETED,False,1,US
VF8VNF_0047,1_1_179_801_2019-01-22 15:09:47.685913,VG_STA_0001_JPL,AG-3F21,2026-01-01T18:35:00,557.2833333333333,29.809,3.21,overnight_deep_charge,1,44.26,92408.0,COMPLETED,False,0,US
VF8VNF_0047,2_39_126_20_2018-09-13 04:37:21.616494,VG_STA_0002_caltech,CA-310,2026-01-02T14:22:00,88.01666666666667,9.647,6.58,opportunity_fast_charge,1,43.74,29906.0,COMPLETED,False,1,US
VF8VNF_0047,1_1_191_778_2019-01-22 15:26:19.072654,VG_STA_0001_JPL,AG-4F43,2026-01-02T20:33:00,599.25,11.064,1.11,overnight_deep_charge,2,54.81,34298.0,COMPLETED,False,0,US
VF8VNF_0047,1_1_193_827_2019-01-23 13:49:28.999088,VG_STA_0001_JPL,AG-1F02,2026-01-03T21:49:00,611.9833333333333,2.976,0.29,overnight_deep_charge,3,23.29,9226.0,COMPLETED,False,0,US
VF8VNF_0047,2_39_91_437_2018-09-14 03:38:53.491990,VG_STA_0002_caltech,CA-317,2026-01-04T12:12:00,36.0,3.754,6.26,opportunity_fast_charge,3,38.38,11637.0,COMPLETED,False,1,US
VF8VNF_0047,1_1_191_802_2019-01-23 14:59:22.707666,VG_STA_0001_JPL,AG-4F44,2026-01-04T19:34:00,649.3666666666667,7.791,0.72,overnight_deep_charge,4,50.29,24152.0,COMPLETED,False,0,US
VF8VNF_0047,2_39_78_364_2018-09-14 11:40:44.984561,VG_STA_0002_caltech,CA-495,2026-01-05T14:27:00,80.81666666666666,4.555,3.38,opportunity_fast_charge,4,49.74,14120.0,COMPLETED,False,1,US
VF8VNF_0047,1_1_191_782_2019-01-23 15:09:37.152712,VG_STA_0001_JPL,AG-4F50,2026-01-05T18:16:00,647.0,8.441,0.78,overnight_deep_charge,5,44.36,26167.0,COMPLETED,False,0,US
VF8VNF_0047,1_1_191_808_2019-01-23 21:33:30.556916,VG_STA_0001_JPL,AG-4F35,2026-01-06T19:50:00,295.28333333333336,5.449,1.11,overnight_deep_charge,6,48.09,16892.0,COMPLETED,False,0,US
VF8VNF_0047,2_39_89_25_2018-09-14 13:40:06.913875,VG_STA_0002_caltech,CA-315,2026-01-07T12:43:00,81.36666666666666,3.795,2.8,opportunity_fast_charge,6,34.5,11764.0,COMPLETED,False,1,US
VF8VNF_0047,1_1_194_826_2019-01-23 22:58:26.212179,VG_STA_0001_JPL,AG-1F11,2026-01-07T18:00:00,383.3666666666667,38.213,5.98,overnight_deep_charge,7,47.86,118460.0,COMPLETED,False,0,US
VF8VNF_0047,1_1_194_822_2019-01-24 14:04:07.585972,VG_STA_0001_JPL,AG-1F12,2026-01-08T21:25:00,581.9666666666667,36.608,3.77,overnight_deep_charge,8,36.36,113485.0,COMPLETED,False,0,US
VF8VNF_0047,2_39_92_436_2018-09-15 01:14:50.916381,VG_STA_0002_caltech,CA-318,2026-01-09T12:17:00,11.1,1.069,5.78,opportunity_fast_charge,8,53.07,3314.0,COMPLETED,False,1,US
VF8VNF_0047,1_1_191_803_2019-01-24 15:33:24.165352,VG_STA_0001_JPL,AG-4F49,2026-01-09T19:29:00,614.75,0.754,0.07,overnight_deep_charge,9,38.64,2337.0,COMPLETED,False,0,US
VF8VNF_0047,1_1_191_793_2019-01-24 15:40:32.960235,VG_STA_0001_JPL,AG-4F38,2026-01-10T19:22:00,538.5,9.363,1.04,overnight_deep_charge,10,27.2,29025.0,COMPLETED,False,0,US
VF8VNF_0047,1_1_193_829_2019-01-24 22:14:14.196020,VG_STA_0001_JPL,AG-1F03,2026-01-11T18:34:00,256.55,14.499,3.39,overnight_deep_charge,11,41.68,44947.0,COMPLETED,False,0,US
VF8VNF_0047,2_39_88_24_2018-09-15 04:15:15.201695,VG_STA_0002_caltech,CA-314,2026-01-12T11:32:00,64.63333333333334,6.577,6.11,opportunity_fast_charge,11,44.22,20389.0,COMPLETED,False,1,US
VF8VNF_0047,1_1_194_826_2019-01-25 14:01:10.408481,VG_STA_0001_JPL,AG-1F11,2026-01-12T20:03:00,543.1,5.758,0.64,overnight_deep_charge,12,48.54,17850.0,COMPLETED,False,0,US
VF8VNF_0047,2_39_127_19_2018-09-15 05:44:53.774357,VG_STA_0002_caltech,CA-309,2026-01-13T12:59:00,78.81666666666666,4.556,3.47,opportunity_fast_charge,12,46.17,14124.0,COMPLETED,False,1,US
VF8VNF_0047,1_1_179_801_2019-01-25 15:25:01.764416,VG_STA_0001_JPL,AG-3F21,2026-01-13T20:52:00,258.45,22.529,5.23,overnight_deep_charge,13,27.38,69840.0,COMPLETED,False,0,US
VF8VNF_0047,2_39_125_21_2018-09-15 06:06:06.538448,VG_STA_0002_caltech,CA-311,2026-01-14T10:06:00,12.4,1.14,5.52,opportunity_fast_charge,13,40.66,3534.0,COMPLETED,False,1,US
VF8VNF_0047,1_1_191_804_2019-01-25 15:49:58.301514,VG_STA_0001_JPL,AG-4F34,2026-01-14T18:42:00,356.05,9.107,1.53,overnight_deep_charge,14,60.03,28232.0,COMPLETED,False,0,US
VF8VNF_0048,1_1_179_800_2019-01-25 18:05:33.843883,VG_STA_0001_JPL,AG-3F32,2025-12-31T18:22:00,390.3333333333333,20.712,3.18,overnight_deep_charge,0,29.6,64207.0,COMPLETED,False,0,US
VF8VNF_0048,2_39_123_23_2018-09-15 16:29:42.851981,VG_STA_0002_caltech,CA-313,2026-01-01T11:16:00,86.43333333333334,9.779,6.79,opportunity_fast_charge,0,53.03,30315.0,COMPLETED,False,1,US
VF8VNF_0048,1_1_179_801_2019-01-25 20:14:28.667237,VG_STA_0001_JPL,AG-3F21,2026-01-01T18:20:00,264.4166666666667,9.971,2.26,overnight_deep_charge,1,52.79,30910.0,COMPLETED,False,0,US
VF8VNF_0048,1_1_194_821_2019-01-27 15:19:47.601265,VG_STA_0001_JPL,AG-1F13,2026-01-02T21:16:00,539.4833333333333,15.851,1.76,overnight_deep_charge,2,49.89,49138.0,COMPLETED,False,0,US
VF8VNF_0048,2_39_127_19_2018-09-15 19:03:29.132977,VG_STA_0002_caltech,CA-309,2026-01-03T14:16:00,67.6,7.419,6.58,opportunity_fast_charge,2,65.0,22999.0,COMPLETED,False,1,US
VF8VNF_0048,1_1_179_788_2019-01-28 15:07:50.287412,VG_STA_0001_JPL,AG-3F22,2026-01-03T18:34:00,627.1166666666667,13.755,1.32,overnight_deep_charge,3,35.84,42640.0,COMPLETED,False,0,US
VF8VNF_0048,1_1_191_780_2019-01-28 15:25:55.382144,VG_STA_0001_JPL,AG-4F45,2026-01-04T19:07:00,561.6166666666667,13.011,1.39,overnight_deep_charge,4,20.0,40334.0,COMPLETED,False,0,US
VF8VNF_0048,2_39_126_20_2018-09-15 19:40:50.930872,VG_STA_0002_caltech,CA-310,2026-01-05T10:02:00,19.316666666666666,2.065,6.41,opportunity_fast_charge,4,44.09,6402.0,COMPLETED,False,1,US
VF8VNF_0048,1_1_193_825_2019-01-28 23:23:16.539452,VG_STA_0001_JPL,AG-1F01,2026-01-05T20:38:00,157.56666666666666,9.743,3.71,overnight_deep_charge,5,54.53,30203.0,COMPLETED,False,0,US
VF8VNF_0048,2_39_130_31_2018-09-15 21:27:02.751010,VG_STA_0002_caltech,CA-306,2026-01-06T11:22:00,73.43333333333334,7.643,6.24,opportunity_fast_charge,5,57.32,23693.0,COMPLETED,False,1,US
VF8VNF_0048,1_1_178_828_2019-01-29 13:41:29.262986,VG_STA_0001_JPL,AG-1F10,2026-01-06T20:20:00,488.98333333333335,14.123,1.73,overnight_deep_charge,6,45.17,43781.0,COMPLETED,False,0,US
VF8VNF_0048,2_39_78_361_2018-09-16 03:01:42.172133,VG_STA_0002_caltech,CA-493,2026-01-07T10:30:00,49.05,4.666,5.71,opportunity_fast_charge,6,37.0,14465.0,COMPLETED,False,1,US
VF8VNF_0048,1_1_179_794_2019-01-29 15:22:03.877439,VG_STA_0001_JPL,AG-3F20,2026-01-07T18:53:00,599.05,13.592,1.36,overnight_deep_charge,7,53.5,42135.0,COMPLETED,False,0,US
VF8VNF_0048,1_1_194_821_2019-01-30 00:35:17.676976,VG_STA_0001_JPL,AG-1F13,2026-01-08T21:07:00,124.2,8.002,3.87,overnight_deep_charge,8,51.54,24806.0,COMPLETED,False,0,US
VF8VNF_0048,1_1_178_823_2019-01-30 13:43:04.186129,VG_STA_0001_JPL,AG-1F08,2026-01-09T18:07:00,592.2833333333333,11.014,1.12,overnight_deep_charge,9,49.37,34143.0,COMPLETED,False,0,US
VF8VNF_0048,1_1_179_809_2018-09-06 01:31:00.484360,VG_STA_0001_JPL,AG-3F27,2026-01-10T11:12:00,60.5,3.952,3.92,opportunity_fast_charge,9,53.91,12251.0,COMPLETED,False,1,US
VF8VNF_0048,1_1_193_820_2019-01-30 23:45:39.966625,VG_STA_0001_JPL,AG-1F04,2026-01-10T21:06:00,146.65,5.472,2.24,overnight_deep_charge,10,55.5,16963.0,COMPLETED,False,0,US
VF8VNF_0048,1_1_179_781_2018-09-06 13:22:50.256818,VG_STA_0001_JPL,AG-3F31,2026-01-11T14:25:00,81.18333333333334,7.735,5.72,opportunity_fast_charge,10,46.08,23978.0,COMPLETED,False,1,US
VF8VNF_0048,1_1_191_795_2019-01-31 15:00:46.038766,VG_STA_0001_JPL,AG-4F51,2026-01-11T20:51:00,598.5333333333333,4.73,0.47,overnight_deep_charge,11,34.0,14663.0,COMPLETED,False,0,US
VF8VNF_0048,1_1_179_783_2018-09-11 00:03:54.476753,VG_STA_0001_JPL,AG-3F29,2026-01-12T12:37:00,60.43333333333333,5.595,5.55,opportunity_fast_charge,11,41.84,17344.0,COMPLETED,False,1,US
VF8VNF_0048,1_1_191_805_2019-01-31 15:21:39.681382,VG_STA_0001_JPL,AG-4F39,2026-01-12T18:28:00,595.1666666666666,7.013,0.71,overnight_deep_charge,12,41.42,21740.0,COMPLETED,False,0,US
VF8VNF_0048,1_1_191_786_2019-01-31 15:48:16.708767,VG_STA_0001_JPL,AG-4F36,2026-01-13T20:13:00,766.45,26.583,2.08,overnight_deep_charge,13,59.91,82407.0,COMPLETED,False,0,US
VF8VNF_0048,1_1_179_809_2018-09-13 22:00:23.057094,VG_STA_0001_JPL,AG-3F27,2026-01-14T11:10:00,66.53333333333333,1.876,1.69,opportunity_fast_charge,13,39.82,5816.0,COMPLETED,False,1,US
VF8VNF_0048,1_1_193_825_2019-02-01 15:59:43.071885,VG_STA_0001_JPL,AG-1F01,2026-01-14T21:54:00,498.3666666666667,29.866,3.6,overnight_deep_charge,14,55.88,92585.0,COMPLETED,False,0,US
VF8VNF_0049,1_1_194_821_2019-02-01 16:06:39.621185,VG_STA_0001_JPL,AG-1F13,2025-12-31T19:55:00,416.53333333333336,11.838,1.71,overnight_deep_charge,0,37.37,36698.0,COMPLETED,False,0,US
VF8VNF_0049,1_1_191_789_2019-02-04 13:56:25.661123,VG_STA_0001_JPL,AG-4F52,2026-01-01T20:09:00,649.35,5.901,0.55,overnight_deep_charge,1,55.73,18293.0,COMPLETED,False,0,US
VF8VNF_0049,1_1_179_777_2018-09-17 22:46:49.519310,VG_STA_0001_JPL,AG-3F28,2026-01-02T10:16:00,13.633333333333333,1.212,5.33,opportunity_fast_charge,1,36.78,3757.0,COMPLETED,False,1,US
VF8VNF_0049,1_1_194_818_2019-02-04 14:23:54.550001,VG_STA_0001_JPL,AG-1F14,2026-01-02T19:05:00,722.55,12.704,1.05,overnight_deep_charge,2,54.62,39382.0,COMPLETED,False,0,US
VF8VNF_0049,1_1_191_812_2018-09-17 23:11:25.315073,VG_STA_0001_JPL,AG-4F46,2026-01-03T12:57:00,52.916666666666664,4.947,5.61,opportunity_fast_charge,2,31.67,15336.0,COMPLETED,False,1,US
VF8VNF_0049,1_1_191_778_2019-02-04 15:42:01.510667,VG_STA_0001_JPL,AG-4F43,2026-01-03T18:38:00,484.43333333333334,1.933,0.24,overnight_deep_charge,3,30.24,5992.0,COMPLETED,False,0,US
VF8VNF_0049,1_1_179_787_2018-09-20 22:22:27.467093,VG_STA_0001_JPL,AG-3F16,2026-01-04T10:13:00,61.86666666666667,3.37,3.27,opportunity_fast_charge,3,46.68,10447.0,COMPLETED,False,1,US
VF8VNF_0049,1_1_191_793_2019-02-04 15:48:33.755644,VG_STA_0001_JPL,AG-4F38,2026-01-04T18:00:00,499.28333333333336,15.914,1.91,overnight_deep_charge,4,40.2,49333.0,COMPLETED,False,0,US
VF8VNF_0049,1_1_194_822_2018-09-21 03:25:38.588940,VG_STA_0001_JPL,AG-1F12,2026-01-05T12:34:00,38.86666666666667,3.996,6.17,opportunity_fast_charge,4,41.07,12388.0,COMPLETED,False,1,US
VF8VNF_0049,1_1_179_790_2019-02-04 21:07:00.810602,VG_STA_0001_JPL,AG-3F19,2026-01-05T18:27:00,184.21666666666667,16.598,5.41,overnight_deep_charge,5,47.22,51454.0,COMPLETED,False,0,US
VF8VNF_0049,1_1_191_785_2018-09-22 17:22:19.162525,VG_STA_0001_JPL,AG-4F48,2026-01-06T13:25:00,73.5,6.164,5.03,opportunity_fast_charge,5,42.58,19108.0,COMPLETED,False,1,US
VF8VNF_0049,1_1_179_813_2019-02-05 15:02:19.032269,VG_STA_0001_JPL,AG-3F15,2026-01-06T18:45:00,564.5666666666667,54.614,5.8,overnight_deep_charge,6,49.14,169303.0,COMPLETED,False,0,US
VF8VNF_0049,1_1_191_807_2018-09-24 19:25:25.342914,VG_STA_0001_JPL,AG-4F47,2026-01-07T12:31:00,34.75,2.835,4.89,opportunity_fast_charge,6,36.28,8788.0,COMPLETED,False,1,US
VF8VNF_0049,1_1_191_778_2019-02-05 15:32:02.451873,VG_STA_0001_JPL,AG-4F43,2026-01-07T18:08:00,573.7166666666667,22.241,2.33,overnight_deep_charge,7,57.01,68947.0,COMPLETED,False,0,US
VF8VNF_0049,1_1_193_820_2019-02-06 14:25:34.036595,VG_STA_0001_JPL,AG-1F04,2026-01-08T18:44:00,419.43333333333334,34.914,4.99,overnight_deep_charge,8,48.41,108233.0,COMPLETED,False,0,US
VF8VNF_0049,1_1_178_824_2018-09-25 00:52:11.579247,VG_STA_0001_JPL,AG-1F07,2026-01-09T11:42:00,87.08333333333333,6.345,4.37,opportunity_fast_charge,8,48.82,19670.0,COMPLETED,False,1,US
VF8VNF_0049,1_1_179_781_2019-02-06 15:05:43.216949,VG_STA_0001_JPL,AG-3F31,2026-01-09T18:37:00,662.9,4.874,0.44,overnight_deep_charge,9,65.0,15109.0,COMPLETED,False,0,US
VF8VNF_0049,1_1_179_813_2019-02-06 15:18:15.523882,VG_STA_0001_JPL,AG-3F15,2026-01-10T21:07:00,583.8,38.922,4.0,overnight_deep_charge,10,63.95,120658.0,COMPLETED,False,0,US
VF8VNF_0049,1_1_193_825_2019-02-06 15:25:03.231115,VG_STA_0001_JPL,AG-1F01,2026-01-11T21:33:00,402.35,11.594,1.73,overnight_deep_charge,11,43.62,35941.0,COMPLETED,False,0,US
VF8VNF_0049,1_1_193_819_2018-09-25 13:11:47.785168,VG_STA_0001_JPL,AG-1F06,2026-01-12T11:26:00,38.416666666666664,0.892,1.39,opportunity_fast_charge,11,49.95,2765.0,COMPLETED,False,1,US
VF8VNF_0049,1_1_191_778_2019-02-06 15:36:23.958280,VG_STA_0001_JPL,AG-4F43,2026-01-12T18:58:00,597.2166666666667,7.408,0.74,overnight_deep_charge,12,42.0,22965.0,COMPLETED,False,0,US
VF8VNF_0049,1_1_191_811_2019-02-06 15:43:05.900790,VG_STA_0001_JPL,AG-4F42,2026-01-13T21:08:00,206.16666666666666,6.912,2.01,overnight_deep_charge,13,33.92,21427.0,COMPLETED,False,0,US
VF8VNF_0049,1_1_178_824_2019-02-06 22:18:52.854564,VG_STA_0001_JPL,AG-1F07,2026-01-14T18:42:00,172.7,9.39,3.26,overnight_deep_charge,14,50.56,29109.0,COMPLETED,False,0,US
VF8VNF_0049,1_1_193_820_2018-09-25 18:04:45.476035,VG_STA_0001_JPL,AG-1F04,2026-01-15T13:46:00,82.8,6.585,4.77,opportunity_fast_charge,14,53.4,20414.0,COMPLETED,False,1,US
VF8VNF_0050,1_1_193_829_2019-02-07 14:29:20.539904,VG_STA_0001_JPL,AG-1F03,2025-12-31T18:03:00,567.3333333333334,7.041,0.74,overnight_deep_charge,0,49.29,21827.0,COMPLETED,False,0,US
VF8VNF_0050,1_1_193_827_2018-09-26 23:48:11.327568,VG_STA_0001_JPL,AG-1F02,2026-01-01T10:04:00,59.4,4.238,4.28,opportunity_fast_charge,0,40.46,13138.0,COMPLETED,False,1,US
VF8VNF_0050,1_1_179_797_2019-02-07 14:54:39.124541,VG_STA_0001_JPL,AG-3F23,2026-01-01T19:32:00,601.75,23.091,2.3,overnight_deep_charge,1,27.16,71582.0,COMPLETED,False,0,US
VF8VNF_0050,1_1_179_788_2019-02-07 23:12:28.498555,VG_STA_0001_JPL,AG-3F22,2026-01-02T21:00:00,226.86666666666667,11.915,3.15,overnight_deep_charge,2,63.55,36936.0,COMPLETED,False,0,US
VF8VNF_0050,1_1_191_792_2018-10-05 22:14:24.292182,VG_STA_0001_JPL,AG-4F37,2026-01-03T11:07:00,76.71666666666667,3.037,2.38,opportunity_fast_charge,2,42.86,9415.0,COMPLETED,False,1,US
VF8VNF_0050,1_1_193_827_2019-02-08 14:21:20.908783,VG_STA_0001_JPL,AG-1F02,2026-01-03T19:13:00,629.9833333333333,25.865,2.46,overnight_deep_charge,3,50.78,80182.0,COMPLETED,False,0,US
VF8VNF_0050,1_1_178_823_2018-10-06 12:46:04.610775,VG_STA_0001_JPL,AG-1F08,2026-01-04T13:52:00,58.71666666666667,3.031,3.1,opportunity_fast_charge,3,46.42,9396.0,COMPLETED,False,1,US
VF8VNF_0050,1_1_179_781_2019-02-08 14:54:31.815023,VG_STA_0001_JPL,AG-3F31,2026-01-04T18:03:00,594.85,12.082,1.22,overnight_deep_charge,4,20.0,37454.0,COMPLETED,False,0,US
VF8VNF_0050,1_1_193_827_2018-10-09 00:21:41.043234,VG_STA_0001_JPL,AG-1F02,2026-01-05T14:03:00,53.05,4.91,5.55,opportunity_fast_charge,4,32.89,15221.0,COMPLETED,False,1,US
VF8VNF_0050,1_1_179_783_2019-02-08 15:04:20.861105,VG_STA_0001_JPL,AG-3F29,2026-01-05T18:24:00,290.1,18.141,3.75,overnight_deep_charge,5,60.91,56237.0,COMPLETED,False,0,US
VF8VNF_0050,1_1_191_784_2019-02-08 15:47:32.364998,VG_STA_0001_JPL,AG-4F40,2026-01-06T20:48:00,490.75,12.116,1.48,overnight_deep_charge,6,48.43,37560.0,COMPLETED,False,0,US
VF8VNF_0050,1_1_191_811_2019-02-08 15:57:52.078687,VG_STA_0001_JPL,AG-4F42,2026-01-07T18:06:00,506.51666666666665,11.289,1.34,overnight_deep_charge,7,33.12,34996.0,COMPLETED,False,0,US
VF8VNF_0050,1_1_179_799_2018-10-11 14:31:22.365676,VG_STA_0001_JPL,AG-3F25,2026-01-08T12:36:00,37.18333333333333,0.516,0.83,opportunity_fast_charge,7,50.44,1600.0,COMPLETED,False,1,US
VF8VNF_0050,1_1_193_827_2019-02-10 23:11:16.674883,VG_STA_0001_JPL,AG-1F02,2026-01-08T18:35:00,234.66666666666666,9.156,2.34,overnight_deep_charge,8,50.8,28384.0,COMPLETED,False,0,US
VF8VNF_0050,1_1_178_817_2018-10-12 16:51:11.746500,VG_STA_0001_JPL,AG-1F09,2026-01-09T10:00:00,84.45,4.633,3.29,opportunity_fast_charge,8,43.14,14362.0,COMPLETED,False,1,US
VF8VNF_0050,1_1_178_828_2019-02-11 13:54:01.438921,VG_STA_0001_JPL,AG-1F10,2026-01-09T20:54:00,483.06666666666666,13.805,1.71,overnight_deep_charge,9,37.64,42796.0,COMPLETED,False,0,US
VF8VNF_0050,1_1_193_819_2018-10-13 00:35:14.213646,VG_STA_0001_JPL,AG-1F06,2026-01-10T10:43:00,36.85,3.821,6.22,opportunity_fast_charge,9,42.49,11845.0,COMPLETED,False,1,US
VF8VNF_0050,1_1_191_806_2019-02-11 15:41:10.858785,VG_STA_0001_JPL,AG-4F41,2026-01-10T21:19:00,566.3333333333334,7.535,0.8,overnight_deep_charge,10,38.79,23358.0,COMPLETED,False,0,US
VF8VNF_0050,1_1_178_824_2018-10-19 23:23:18.251459,VG_STA_0001_JPL,AG-1F07,2026-01-11T14:11:00,85.41666666666667,3.338,2.34,opportunity_fast_charge,10,37.87,10348.0,COMPLETED,False,1,US
VF8VNF_0050,1_1_179_788_2019-02-12 14:25:56.726047,VG_STA_0001_JPL,AG-3F22,2026-01-11T19:34:00,562.2,24.109,2.57,overnight_deep_charge,11,50.05,74738.0,COMPLETED,False,0,US
VF8VNF_0050,1_1_179_797_2019-02-12 15:04:50.360235,VG_STA_0001_JPL,AG-3F23,2026-01-12T20:48:00,639.1833333333333,3.65,0.34,overnight_deep_charge,12,29.61,11315.0,COMPLETED,False,0,US
VF8VNF_0050,1_1_194_821_2018-10-25 03:41:18.675057,VG_STA_0001_JPL,AG-1F13,2026-01-13T13:54:00,53.25,1.449,1.63,opportunity_fast_charge,12,64.74,4492.0,COMPLETED,False,1,US
VF8VNF_0050,1_1_179_800_2019-02-12 20:29:24.709318,VG_STA_0001_JPL,AG-3F32,2026-01-13T21:18:00,277.95,6.651,1.44,overnight_deep_charge,13,33.89,20618.0,COMPLETED,False,0,US
VF8VNF_0050,1_1_179_787_2018-10-25 04:36:48.605117,VG_STA_0001_JPL,AG-3F16,2026-01-14T12:07:00,32.11666666666667,1.658,3.1,opportunity_fast_charge,13,55.1,5140.0,COMPLETED,False,1,US
VF8VNF_0050,1_1_178_824_2019-02-12 23:52:16.505528,VG_STA_0001_JPL,AG-1F07,2026-01-14T20:03:00,174.65,10.523,3.62,overnight_deep_charge,14,64.72,32621.0,COMPLETED,False,0,US
VF8VNF_0051,1_1_193_820_2019-02-13 14:11:23.183680,VG_STA_0001_JPL,AG-1F04,2025-12-31T19:36:00,552.1,13.19,1.43,overnight_deep_charge,0,48.54,40889.0,COMPLETED,False,0,US
VF8VNF_0051,1_1_191_812_2019-02-13 15:31:11.655550,VG_STA_0001_JPL,AG-4F46,2026-01-01T18:40:00,552.4166666666666,9.765,1.06,overnight_deep_charge,1,45.89,30272.0,COMPLETED,False,0,US
VF8VNF_0051,1_1_179_810_2018-10-25 21:29:43.058261,VG_STA_0001_JPL,AG-3F30,2026-01-02T11:08:00,20.5,1.733,5.07,opportunity_fast_charge,1,53.73,5372.0,COMPLETED,False,1,US
VF8VNF_0051,1_1_191_784_2019-02-13 15:31:28.286957,VG_STA_0001_JPL,AG-4F40,2026-01-02T18:18:00,584.0166666666667,11.921,1.22,overnight_deep_charge,2,63.8,36955.0,COMPLETED,False,0,US
VF8VNF_0051,1_1_178_824_2019-02-14 14:27:28.736241,VG_STA_0001_JPL,AG-1F07,2026-01-03T19:09:00,578.95,13.444,1.39,overnight_deep_charge,3,61.67,41676.0,COMPLETED,False,0,US
VF8VNF_0051,1_1_179_794_2019-02-15 18:39:05.615961,VG_STA_0001_JPL,AG-3F20,2026-01-04T20:33:00,149.0,7.04,2.83,overnight_deep_charge,4,52.74,21824.0,COMPLETED,False,0,US
VF8VNF_0051,1_1_191_802_2019-02-19 15:07:15.281465,VG_STA_0001_JPL,AG-4F44,2026-01-05T20:40:00,609.2333333333333,7.115,0.7,overnight_deep_charge,5,50.06,22056.0,COMPLETED,False,0,US
VF8VNF_0051,1_1_191_805_2019-02-19 15:28:50.212902,VG_STA_0001_JPL,AG-4F39,2026-01-06T20:44:00,601.4833333333333,7.595,0.76,overnight_deep_charge,6,46.7,23544.0,COMPLETED,False,0,US
VF8VNF_0051,1_1_193_820_2018-10-30 13:35:30.733977,VG_STA_0001_JPL,AG-1F04,2026-01-07T14:20:00,65.23333333333333,0.923,0.85,opportunity_fast_charge,6,37.51,2861.0,COMPLETED,False,1,US
VF8VNF_0051,1_1_191_811_2019-02-19 15:47:26.233360,VG_STA_0001_JPL,AG-4F42,2026-01-07T19:59:00,540.6,4.128,0.46,overnight_deep_charge,7,51.77,12797.0,COMPLETED,False,0,US
VF8VNF_0051,1_1_191_808_2018-10-30 15:29:27.389726,VG_STA_0001_JPL,AG-4F35,2026-01-08T11:04:00,74.48333333333333,0.815,0.66,opportunity_fast_charge,7,44.2,2526.0,COMPLETED,False,1,US
VF8VNF_0051,1_1_193_829_2019-02-19 18:45:51.247810,VG_STA_0001_JPL,AG-1F03,2026-01-08T21:51:00,317.3666666666667,4.205,0.79,overnight_deep_charge,8,43.71,13036.0,COMPLETED,False,0,US
VF8VNF_0051,1_1_178_823_2018-10-30 22:58:09.712964,VG_STA_0001_JPL,AG-1F08,2026-01-09T12:14:00,80.43333333333334,7.592,5.66,opportunity_fast_charge,8,28.15,23535.0,COMPLETED,False,1,US
VF8VNF_0051,1_1_194_822_2019-02-21 00:45:46.280022,VG_STA_0001_JPL,AG-1F12,2026-01-09T18:11:00,183.51666666666668,10.47,3.42,overnight_deep_charge,9,28.45,32457.0,COMPLETED,False,0,US
VF8VNF_0051,1_1_193_820_2018-10-31 23:25:58.958027,VG_STA_0001_JPL,AG-1F04,2026-01-10T14:27:00,82.23333333333333,7.283,5.31,opportunity_fast_charge,9,40.43,22577.0,COMPLETED,False,1,US
VF8VNF_0051,1_1_179_796_2019-02-21 14:30:24.034639,VG_STA_0001_JPL,AG-3F24,2026-01-10T18:29:00,624.8666666666667,19.48,1.87,overnight_deep_charge,10,51.3,60388.0,COMPLETED,False,0,US
VF8VNF_0051,1_1_179_815_2019-02-21 14:50:29.532660,VG_STA_0001_JPL,AG-3F33,2026-01-11T20:15:00,635.4333333333333,4.867,0.46,overnight_deep_charge,11,48.27,15088.0,COMPLETED,False,0,US
VF8VNF_0051,1_1_179_810_2018-11-01 00:44:38.837691,VG_STA_0001_JPL,AG-3F30,2026-01-12T10:20:00,85.51666666666667,0.712,0.5,opportunity_fast_charge,11,27.03,2207.0,COMPLETED,False,1,US
VF8VNF_0051,1_1_179_783_2019-02-21 23:34:19.012223,VG_STA_0001_JPL,AG-3F29,2026-01-12T20:37:00,163.86666666666667,17.007,6.23,overnight_deep_charge,12,30.17,52722.0,COMPLETED,False,0,US
VF8VNF_0051,1_1_179_796_2018-11-01 13:36:20.246957,VG_STA_0001_JPL,AG-3F24,2026-01-13T13:32:00,65.15,0.857,0.79,opportunity_fast_charge,12,45.33,2657.0,COMPLETED,False,1,US
VF8VNF_0051,1_1_191_789_2019-02-22 13:51:41.774593,VG_STA_0001_JPL,AG-4F52,2026-01-13T18:18:00,739.3333333333334,5.845,0.47,overnight_deep_charge,13,55.69,18120.0,COMPLETED,False,0,US
VF8VNF_0051,1_1_179_796_2018-11-02 21:54:14.616716,VG_STA_0001_JPL,AG-3F24,2026-01-14T14:01:00,72.43333333333334,4.33,3.59,opportunity_fast_charge,13,44.59,13423.0,COMPLETED,False,1,US
VF8VNF_0051,1_1_191_802_2019-02-22 14:44:42.551037,VG_STA_0001_JPL,AG-4F44,2026-01-14T18:49:00,584.9833333333333,53.963,5.53,overnight_deep_charge,14,29.86,167285.0,COMPLETED,False,0,US
VF8VNF_0052,1_1_193_820_2019-02-22 17:54:17.044283,VG_STA_0001_JPL,AG-1F04,2025-12-31T18:17:00,358.01666666666665,14.136,2.37,overnight_deep_charge,0,24.86,43822.0,COMPLETED,False,0,US
VF8VNF_0052,1_1_194_821_2019-02-22 22:53:55.991154,VG_STA_0001_JPL,AG-1F13,2026-01-01T18:24:00,143.9,0.864,0.36,overnight_deep_charge,1,48.89,2678.0,COMPLETED,False,0,US
VF8VNF_0052,1_1_191_812_2019-02-25 15:11:54.514285,VG_STA_0001_JPL,AG-4F46,2026-01-02T18:33:00,597.2833333333333,31.687,3.18,overnight_deep_charge,2,43.77,98230.0,COMPLETED,False,0,US
VF8VNF_0052,1_1_179_813_2019-02-25 23:37:02.507863,VG_STA_0001_JPL,AG-3F15,2026-01-03T20:45:00,217.8,22.406,6.17,overnight_deep_charge,3,37.88,69459.0,COMPLETED,False,0,US
VF8VNF_0052,1_1_178_823_2019-02-26 13:44:32.621833,VG_STA_0001_JPL,AG-1F08,2026-01-04T19:37:00,590.5666666666667,11.283,1.15,overnight_deep_charge,4,47.78,34977.0,COMPLETED,False,0,US
VF8VNF_0052,1_1_193_820_2019-02-26 23:54:21.687399,VG_STA_0001_JPL,AG-1F04,2026-01-05T20:58:00,151.31666666666666,8.14,3.23,overnight_deep_charge,5,38.63,25234.0,COMPLETED,False,0,US
VF8VNF_0052,1_1_194_818_2019-02-27 14:16:46.616574,VG_STA_0001_JPL,AG-1F14,2026-01-06T19:02:00,555.6333333333333,0.734,0.08,overnight_deep_charge,6,51.32,2275.0,COMPLETED,False,0,US
VF8VNF_0052,1_1_179_783_2018-11-04 18:39:24.976972,VG_STA_0001_JPL,AG-3F29,2026-01-07T11:16:00,43.55,0.76,1.05,opportunity_fast_charge,6,41.11,2356.0,COMPLETED,False,1,US
VF8VNF_0052,1_1_191_786_2019-02-27 15:44:06.691027,VG_STA_0001_JPL,AG-4F36,2026-01-07T18:34:00,241.03333333333333,9.868,2.46,overnight_deep_charge,7,52.15,30591.0,COMPLETED,False,0,US
VF8VNF_0052,1_1_178_828_2019-02-28 13:56:57.008614,VG_STA_0001_JPL,AG-1F10,2026-01-08T20:44:00,211.03333333333333,8.794,2.5,overnight_deep_charge,8,43.17,27261.0,COMPLETED,False,0,US
VF8VNF_0052,1_1_193_827_2019-02-28 14:26:29.233677,VG_STA_0001_JPL,AG-1F02,2026-01-09T21:25:00,552.6166666666667,8.055,0.87,overnight_deep_charge,9,47.32,24970.0,COMPLETED,False,0,US
VF8VNF_0052,1_1_193_819_2018-11-07 05:46:23.754008,VG_STA_0001_JPL,AG-1F06,2026-01-10T10:47:00,65.08333333333333,6.655,6.14,opportunity_fast_charge,9,55.68,20630.0,COMPLETED,False,1,US
VF8VNF_0052,1_1_179_791_2019-02-28 15:15:08.080080,VG_STA_0001_JPL,AG-3F26,2026-01-10T18:26:00,634.3166666666667,4.496,0.43,overnight_deep_charge,10,52.56,13938.0,COMPLETED,False,0,US
VF8VNF_0052,1_1_191_778_2019-02-28 15:22:41.679842,VG_STA_0001_JPL,AG-4F43,2026-01-11T18:40:00,394.46666666666664,32.392,4.93,overnight_deep_charge,11,41.26,100415.0,COMPLETED,False,0,US
VF8VNF_0052,1_1_194_826_2019-03-01 00:54:30.391704,VG_STA_0001_JPL,AG-1F11,2026-01-12T18:10:00,143.38333333333333,0.915,0.38,overnight_deep_charge,12,44.3,2836.0,COMPLETED,False,0,US
VF8VNF_0052,1_1_179_788_2019-03-01 14:52:53.202181,VG_STA_0001_JPL,AG-3F22,2026-01-13T18:16:00,372.3333333333333,5.212,0.84,overnight_deep_charge,13,49.06,16157.0,COMPLETED,False,0,US
VF8VNF_0052,1_1_179_791_2019-03-04 15:00:30.706966,VG_STA_0001_JPL,AG-3F26,2026-01-14T18:51:00,353.73333333333335,8.863,1.5,overnight_deep_charge,14,54.56,27475.0,COMPLETED,False,0,US
VF8VNF_0053,1_1_191_778_2019-03-04 15:26:42.217789,VG_STA_0001_JPL,AG-4F43,2025-12-31T20:02:00,635.8333333333334,4.948,0.47,overnight_deep_charge,0,42.0,15339.0,COMPLETED,False,0,US
VF8VNF_0053,1_1_194_822_2018-11-09 18:02:12.022884,VG_STA_0001_JPL,AG-1F12,2026-01-01T12:02:00,87.61666666666666,0.794,0.54,opportunity_fast_charge,0,53.66,2461.0,COMPLETED,False,1,US
VF8VNF_0053,1_1_191_784_2019-03-04 15:45:38.789485,VG_STA_0001_JPL,AG-4F40,2026-01-01T19:24:00,469.3333333333333,3.69,0.47,overnight_deep_charge,1,40.79,11439.0,COMPLETED,False,0,US
VF8VNF_0053,1_1_194_826_2019-03-05 13:04:24.969701,VG_STA_0001_JPL,AG-1F11,2026-01-02T20:40:00,689.0333333333333,44.431,3.87,overnight_deep_charge,2,47.71,137736.0,COMPLETED,False,0,US
VF8VNF_0053,1_1_194_818_2019-03-05 14:29:11.734353,VG_STA_0001_JPL,AG-1F14,2026-01-03T21:37:00,281.6333333333333,13.3,2.83,overnight_deep_charge,3,52.16,41230.0,COMPLETED,False,0,US
VF8VNF_0053,1_1_194_822_2019-03-05 14:57:05.251291,VG_STA_0001_JPL,AG-1F12,2026-01-04T19:04:00,602.15,12.294,1.23,overnight_deep_charge,4,45.2,38111.0,COMPLETED,False,0,US
VF8VNF_0053,1_1_193_816_2018-11-09 20:43:48.432198,VG_STA_0001_JPL,AG-1F05,2026-01-05T11:51:00,70.61666666666666,7.218,6.13,opportunity_fast_charge,4,64.65,22376.0,COMPLETED,False,1,US
VF8VNF_0053,1_1_191_778_2019-03-06 15:41:21.125767,VG_STA_0001_JPL,AG-4F43,2026-01-05T21:37:00,506.1166666666667,8.058,0.96,overnight_deep_charge,5,65.0,24980.0,COMPLETED,False,0,US
VF8VNF_0053,1_1_193_816_2018-11-09 23:18:09.058517,VG_STA_0001_JPL,AG-1F05,2026-01-06T10:43:00,46.833333333333336,4.214,5.4,opportunity_fast_charge,5,20.0,13063.0,COMPLETED,False,1,US
VF8VNF_0053,1_1_179_815_2019-03-06 23:34:08.281073,VG_STA_0001_JPL,AG-3F33,2026-01-06T19:44:00,149.68333333333334,4.35,1.74,overnight_deep_charge,6,39.84,13485.0,COMPLETED,False,0,US
VF8VNF_0053,1_1_178_828_2019-03-07 00:57:58.820943,VG_STA_0001_JPL,AG-1F10,2026-01-07T21:47:00,152.43333333333334,15.515,6.11,overnight_deep_charge,7,42.21,48096.0,COMPLETED,False,0,US
VF8VNF_0053,1_1_179_801_2019-03-07 14:03:44.552653,VG_STA_0001_JPL,AG-3F21,2026-01-08T19:15:00,567.5166666666667,54.461,5.76,overnight_deep_charge,8,51.76,168829.0,COMPLETED,False,0,US
VF8VNF_0053,1_1_191_805_2018-11-12 16:36:54.693785,VG_STA_0001_JPL,AG-4F39,2026-01-09T12:36:00,89.78333333333333,0.718,0.48,opportunity_fast_charge,8,50.25,2226.0,COMPLETED,False,1,US
VF8VNF_0053,1_1_193_820_2019-03-07 14:09:57.471521,VG_STA_0001_JPL,AG-1F04,2026-01-09T21:46:00,555.85,13.898,1.5,overnight_deep_charge,9,58.24,43084.0,COMPLETED,False,0,US
VF8VNF_0053,1_1_193_820_2018-11-16 00:33:49.496016,VG_STA_0001_JPL,AG-1F04,2026-01-10T14:27:00,53.666666666666664,0.661,0.74,opportunity_fast_charge,9,48.33,2049.0,COMPLETED,False,1,US
VF8VNF_0053,1_1_193_829_2019-03-07 14:54:55.702698,VG_STA_0001_JPL,AG-1F03,2026-01-10T20:01:00,660.45,35.046,3.18,overnight_deep_charge,10,40.17,108643.0,COMPLETED,False,0,US
VF8VNF_0053,1_1_191_795_2019-03-08 15:13:22.754036,VG_STA_0001_JPL,AG-4F51,2026-01-11T21:11:00,297.78333333333336,29.568,5.96,overnight_deep_charge,11,48.68,91661.0,COMPLETED,False,0,US
VF8VNF_0053,1_1_193_819_2018-11-20 01:51:58.394650,VG_STA_0001_JPL,AG-1F06,2026-01-12T11:38:00,14.0,0.596,2.55,opportunity_fast_charge,11,41.24,1848.0,COMPLETED,False,1,US
VF8VNF_0053,1_1_179_790_2019-03-08 15:30:21.815477,VG_STA_0001_JPL,AG-3F19,2026-01-12T20:05:00,568.5166666666667,12.708,1.34,overnight_deep_charge,12,50.78,39395.0,COMPLETED,False,0,US
VF8VNF_0053,1_1_178_817_2018-11-28 00:35:13.484347,VG_STA_0001_JPL,AG-1F09,2026-01-13T13:57:00,59.11666666666667,5.632,5.72,opportunity_fast_charge,12,39.66,17459.0,COMPLETED,False,1,US
VF8VNF_0053,1_1_179_801_2019-03-08 15:35:25.685495,VG_STA_0001_JPL,AG-3F21,2026-01-13T20:14:00,514.7833333333333,27.014,3.15,overnight_deep_charge,13,33.24,83743.0,COMPLETED,False,0,US
VF8VNF_0053,1_1_191_806_2018-11-28 15:56:55.305871,VG_STA_0001_JPL,AG-4F41,2026-01-14T12:01:00,30.883333333333333,0.823,1.6,opportunity_fast_charge,13,41.56,2551.0,COMPLETED,False,1,US
VF8VNF_0053,1_1_179_809_2019-03-11 14:00:11.725407,VG_STA_0001_JPL,AG-3F27,2026-01-14T20:23:00,550.9666666666667,5.849,0.64,overnight_deep_charge,14,54.72,18132.0,COMPLETED,False,0,US
VF8VNF_0053,1_1_194_818_2018-11-29 23:40:25.674574,VG_STA_0001_JPL,AG-1F14,2026-01-15T13:46:00,65.73333333333333,5.398,4.93,opportunity_fast_charge,14,47.37,16734.0,COMPLETED,False,1,US
VF8VNF_0054,1_1_191_778_2019-03-11 14:18:27.916868,VG_STA_0001_JPL,AG-4F43,2025-12-31T18:37:00,600.5666666666667,5.075,0.51,overnight_deep_charge,0,35.6,15732.0,COMPLETED,False,0,US
VF8VNF_0054,1_1_191_807_2019-03-11 14:27:39.534745,VG_STA_0001_JPL,AG-4F47,2026-01-01T20:46:00,585.8333333333334,2.717,0.28,overnight_deep_charge,1,29.29,8423.0,COMPLETED,False,0,US
VF8VNF_0054,1_1_179_787_2018-11-30 01:31:06.943831,VG_STA_0001_JPL,AG-3F16,2026-01-02T13:42:00,78.68333333333334,4.676,3.57,opportunity_fast_charge,1,39.43,14496.0,COMPLETED,False,1,US
VF8VNF_0054,1_1_191_811_2019-03-11 14:29:24.233285,VG_STA_0001_JPL,AG-4F42,2026-01-02T21:47:00,561.6833333333333,50.596,5.4,overnight_deep_charge,2,37.43,156848.0,COMPLETED,False,0,US
VF8VNF_0054,1_1_179_790_2018-11-30 14:49:58.171923,VG_STA_0001_JPL,AG-3F19,2026-01-03T13:34:00,68.43333333333334,7.014,6.15,opportunity_fast_charge,2,35.89,21743.0,COMPLETED,False,1,US
VF8VNF_0054,1_1_193_820_2019-03-11 18:06:41.669594,VG_STA_0001_JPL,AG-1F04,2026-01-03T20:55:00,256.8,5.489,1.28,overnight_deep_charge,3,48.85,17016.0,COMPLETED,False,0,US
VF8VNF_0054,1_1_179_799_2018-11-30 23:19:47.370008,VG_STA_0001_JPL,AG-3F25,2026-01-04T10:12:00,77.7,7.891,6.09,opportunity_fast_charge,3,49.71,24462.0,COMPLETED,False,1,US
VF8VNF_0054,1_1_191_806_2019-03-11 19:15:24.394158,VG_STA_0001_JPL,AG-4F41,2026-01-04T21:38:00,241.23333333333332,14.813,3.68,overnight_deep_charge,4,47.82,45920.0,COMPLETED,False,0,US
VF8VNF_0054,1_1_194_822_2019-03-11 22:49:44.266364,VG_STA_0001_JPL,AG-1F12,2026-01-05T21:07:00,148.9,12.489,5.03,overnight_deep_charge,5,49.66,38716.0,COMPLETED,False,0,US
VF8VNF_0054,1_1_178_823_2018-12-01 00:07:55.736229,VG_STA_0001_JPL,AG-1F08,2026-01-06T10:55:00,52.733333333333334,5.083,5.78,opportunity_fast_charge,5,37.6,15757.0,COMPLETED,False,1,US
VF8VNF_0054,1_1_193_820_2019-03-12 00:55:40.367315,VG_STA_0001_JPL,AG-1F04,2026-01-06T18:03:00,151.85,5.784,2.29,overnight_deep_charge,6,42.45,17930.0,COMPLETED,False,0,US
VF8VNF_0054,1_1_178_823_2019-03-12 12:46:58.644010,VG_STA_0001_JPL,AG-1F08,2026-01-07T19:50:00,585.9166666666666,11.055,1.13,overnight_deep_charge,7,65.0,34270.0,COMPLETED,False,0,US
VF8VNF_0054,1_1_191_808_2018-12-11 15:50:08.751676,VG_STA_0001_JPL,AG-4F35,2026-01-08T10:43:00,40.916666666666664,0.788,1.16,opportunity_fast_charge,7,46.74,2443.0,COMPLETED,False,1,US
VF8VNF_0054,1_1_193_825_2019-03-12 13:14:59.724929,VG_STA_0001_JPL,AG-1F01,2026-01-08T19:44:00,434.93333333333334,36.483,5.03,overnight_deep_charge,8,38.2,113097.0,COMPLETED,False,0,US
VF8VNF_0054,1_1_179_794_2019-03-12 13:32:13.467219,VG_STA_0001_JPL,AG-3F20,2026-01-09T18:03:00,597.6833333333333,25.198,2.53,overnight_deep_charge,9,37.32,78114.0,COMPLETED,False,0,US
VF8VNF_0054,1_1_179_777_2019-03-12 14:00:10.299322,VG_STA_0001_JPL,AG-3F28,2026-01-10T20:47:00,621.3333333333334,4.411,0.43,overnight_deep_charge,10,55.02,13674.0,COMPLETED,False,0,US
VF8VNF_0054,1_1_194_821_2019-03-13 13:29:37.476751,VG_STA_0001_JPL,AG-1F13,2026-01-11T18:57:00,596.1,15.92,1.6,overnight_deep_charge,11,56.31,49352.0,COMPLETED,False,0,US
VF8VNF_0054,1_1_191_802_2019-03-13 13:54:57.635071,VG_STA_0001_JPL,AG-4F44,2026-01-12T21:44:00,622.2333333333333,44.998,4.34,overnight_deep_charge,12,58.89,139494.0,COMPLETED,False,0,US
VF8VNF_0054,1_1_178_828_2018-12-12 23:47:19.329398,VG_STA_0001_JPL,AG-1F10,2026-01-13T14:11:00,60.166666666666664,3.473,3.46,opportunity_fast_charge,12,41.53,10766.0,COMPLETED,False,1,US
VF8VNF_0054,1_1_179_798_2019-03-13 14:15:50.215609,VG_STA_0001_JPL,AG-3F18,2026-01-13T21:36:00,588.75,5.329,0.54,overnight_deep_charge,13,51.42,16520.0,COMPLETED,False,0,US
VF8VNF_0054,1_1_193_820_2018-12-14 00:49:55.203958,VG_STA_0001_JPL,AG-1F04,2026-01-14T14:27:00,69.43333333333334,3.846,3.32,opportunity_fast_charge,13,58.07,11923.0,COMPLETED,False,1,US
VF8VNF_0054,1_1_191_778_2019-03-13 14:18:51.603928,VG_STA_0001_JPL,AG-4F43,2026-01-14T21:11:00,596.7666666666667,7.909,0.8,overnight_deep_charge,14,62.36,24518.0,COMPLETED,False,0,US
VF8VNF_0054,1_1_193_820_2018-12-14 23:18:37.406205,VG_STA_0001_JPL,AG-1F04,2026-01-15T10:34:00,49.0,4.938,6.05,opportunity_fast_charge,14,51.14,15308.0,COMPLETED,False,1,US
VF8VNF_0055,19_102_260_1634_2019-04-02 20:14:39.061596,VG_STA_0019_office1,03,2025-12-31T20:49:00,244.46666666666667,15.53,3.81,overnight_deep_charge,0,62.2,48143.0,COMPLETED,False,0,US
VF8VNF_0055,19_102_260_1633_2019-04-26 16:28:40.635553,VG_STA_0019_office1,02,2026-01-01T20:01:00,452.45,5.029,0.67,overnight_deep_charge,1,34.59,15590.0,COMPLETED,False,0,US
VF8VNF_0055,19_102_260_1633_2019-04-29 16:40:53.257660,VG_STA_0019_office1,02,2026-01-02T20:34:00,504.68333333333334,4.424,0.53,overnight_deep_charge,2,50.09,13714.0,COMPLETED,False,0,US
VF8VNF_0055,1_1_178_823_2018-12-19 00:27:01.365896,VG_STA_0001_JPL,AG-1F08,2026-01-03T12:18:00,46.96666666666667,2.706,3.46,opportunity_fast_charge,2,53.16,8389.0,COMPLETED,False,1,US
VF8VNF_0055,19_102_260_1640_2019-05-03 22:14:13.790006,VG_STA_0019_office1,08,2026-01-03T18:10:00,305.4,13.159,2.59,overnight_deep_charge,3,53.91,40793.0,COMPLETED,False,0,US
VF8VNF_0055,19_102_260_1634_2019-05-10 16:28:31.211015,VG_STA_0019_office1,03,2026-01-04T21:44:00,580.0166666666667,25.117,2.6,overnight_deep_charge,4,55.34,77863.0,COMPLETED,False,0,US
VF8VNF_0055,1_1_194_821_2018-12-19 00:55:06.547824,VG_STA_0001_JPL,AG-1F13,2026-01-05T13:08:00,45.9,4.091,5.35,opportunity_fast_charge,4,59.68,12682.0,COMPLETED,False,1,US
VF8VNF_0055,19_102_260_1636_2019-05-15 17:47:36.774840,VG_STA_0019_office1,06,2026-01-05T19:13:00,375.81666666666666,12.25,1.96,overnight_deep_charge,5,53.72,37975.0,COMPLETED,False,0,US
VF8VNF_0055,19_102_260_1636_2019-05-20 18:15:11.291869,VG_STA_0019_office1,06,2026-01-06T21:56:00,444.45,7.709,1.04,overnight_deep_charge,6,53.05,23898.0,COMPLETED,False,0,US
VF8VNF_0055,19_102_260_1640_2019-05-21 20:40:32.212609,VG_STA_0019_office1,08,2026-01-07T18:43:00,420.21666666666664,42.593,6.08,overnight_deep_charge,7,31.22,132038.0,COMPLETED,False,0,US
VF8VNF_0055,1_1_193_820_2018-12-20 23:36:46.562255,VG_STA_0001_JPL,AG-1F04,2026-01-08T12:28:00,53.06666666666667,4.837,5.47,opportunity_fast_charge,7,46.07,14995.0,COMPLETED,False,1,US
VF8VNF_0055,19_102_260_1640_2019-05-24 21:23:40.569193,VG_STA_0019_office1,08,2026-01-08T21:52:00,440.75,29.286,3.99,overnight_deep_charge,8,47.88,90787.0,COMPLETED,False,0,US
VF8VNF_0055,1_1_193_819_2018-12-21 22:16:10.750637,VG_STA_0001_JPL,AG-1F06,2026-01-09T12:03:00,33.733333333333334,3.524,6.27,opportunity_fast_charge,8,36.95,10924.0,COMPLETED,False,1,US
VF8VNF_0055,19_102_260_1633_2019-06-27 16:57:16.163098,VG_STA_0019_office1,02,2026-01-09T18:20:00,152.83333333333334,7.358,2.89,overnight_deep_charge,9,38.87,22810.0,COMPLETED,False,0,US
VF8VNF_0055,1_1_179_777_2018-12-27 17:33:01.696980,VG_STA_0001_JPL,AG-3F28,2026-01-10T10:38:00,85.76666666666667,0.738,0.52,opportunity_fast_charge,9,45.25,2288.0,COMPLETED,False,1,US
VF8VNF_0055,19_102_260_1636_2019-07-08 18:24:10.312555,VG_STA_0019_office1,06,2026-01-10T19:23:00,450.56666666666666,14.622,1.95,overnight_deep_charge,10,29.78,45328.0,COMPLETED,False,0,US
VF8VNF_0055,1_1_194_821_2018-12-31 13:56:23.614794,VG_STA_0001_JPL,AG-1F13,2026-01-11T11:53:00,44.2,0.691,0.94,opportunity_fast_charge,10,38.87,2142.0,COMPLETED,False,1,US
VF8VNF_0055,19_102_260_1634_2019-07-12 16:25:42.100149,VG_STA_0019_office1,03,2026-01-11T20:10:00,309.35,17.015,3.3,overnight_deep_charge,11,39.21,52746.0,COMPLETED,False,0,US
VF8VNF_0055,19_102_260_1636_2019-07-17 18:32:19.490466,VG_STA_0019_office1,06,2026-01-12T19:24:00,404.9166666666667,14.991,2.22,overnight_deep_charge,12,65.0,46472.0,COMPLETED,False,0,US
VF8VNF_0055,1_1_178_823_2019-01-02 23:29:57.811010,VG_STA_0001_JPL,AG-1F08,2026-01-13T10:18:00,61.666666666666664,3.826,3.72,opportunity_fast_charge,12,57.77,11861.0,COMPLETED,False,1,US
VF8VNF_0055,19_102_260_1640_2019-07-26 20:04:37.032635,VG_STA_0019_office1,08,2026-01-13T20:40:00,214.5,19.081,5.34,overnight_deep_charge,13,60.49,59151.0,COMPLETED,False,0,US
VF8VNF_0055,19_102_260_1633_2019-07-30 19:41:58.635845,VG_STA_0019_office1,02,2026-01-14T20:48:00,229.6,0.756,0.2,overnight_deep_charge,14,58.78,2344.0,COMPLETED,False,0,US
VF8VNF_0056,19_102_260_1636_2019-08-05 18:27:41.335184,VG_STA_0019_office1,06,2025-12-31T20:05:00,439.85,15.057,2.05,overnight_deep_charge,0,38.39,46677.0,COMPLETED,False,0,US
VF8VNF_0056,1_1_193_827_2019-01-03 23:21:22.966977,VG_STA_0001_JPL,AG-1F02,2026-01-01T14:18:00,78.68333333333334,1.81,1.38,opportunity_fast_charge,0,49.64,5611.0,COMPLETED,False,1,US
VF8VNF_0056,19_102_260_1633_2019-08-09 14:37:25.337003,VG_STA_0019_office1,02,2026-01-01T18:33:00,541.5833333333334,19.217,2.13,overnight_deep_charge,1,54.91,59573.0,COMPLETED,False,0,US
VF8VNF_0056,1_1_179_800_2019-01-09 23:41:04.811772,VG_STA_0001_JPL,AG-3F32,2026-01-02T12:51:00,89.91666666666667,8.67,5.79,opportunity_fast_charge,1,55.83,26877.0,COMPLETED,False,1,US
VF8VNF_0056,19_102_260_1634_2019-08-13 16:07:03.819093,VG_STA_0019_office1,03,2026-01-02T19:58:00,240.65,18.197,4.54,overnight_deep_charge,2,43.76,56411.0,COMPLETED,False,0,US
VF8VNF_0056,19_102_260_1638_2019-08-14 14:43:19.831610,VG_STA_0019_office1,04,2026-01-03T18:31:00,541.3833333333333,24.488,2.71,overnight_deep_charge,3,65.0,75913.0,COMPLETED,False,0,US
VF8VNF_0056,1_1_193_819_2019-01-24 23:36:27.872725,VG_STA_0001_JPL,AG-1F06,2026-01-04T13:01:00,70.73333333333333,3.872,3.28,opportunity_fast_charge,3,53.55,12003.0,COMPLETED,False,1,US
VF8VNF_0056,19_102_260_1640_2019-08-15 16:45:41.013037,VG_STA_0019_office1,08,2026-01-04T21:40:00,211.1,21.702,6.17,overnight_deep_charge,4,43.04,67276.0,COMPLETED,False,0,US
VF8VNF_0056,1_1_191_778_2019-01-29 00:50:35.202970,VG_STA_0001_JPL,AG-4F43,2026-01-05T13:30:00,39.78333333333333,3.852,5.81,opportunity_fast_charge,4,57.14,11941.0,COMPLETED,False,1,US
VF8VNF_0056,19_102_260_1636_2019-08-15 18:37:48.991479,VG_STA_0019_office1,06,2026-01-05T21:00:00,363.6666666666667,11.577,1.91,overnight_deep_charge,5,44.98,35889.0,COMPLETED,False,0,US
VF8VNF_0056,1_1_191_808_2019-01-30 15:44:10.190745,VG_STA_0001_JPL,AG-4F35,2026-01-06T13:49:00,58.85,0.813,0.83,opportunity_fast_charge,5,40.02,2520.0,COMPLETED,False,1,US
VF8VNF_0056,19_102_260_1634_2019-08-23 16:35:20.926005,VG_STA_0019_office1,03,2026-01-06T19:03:00,469.8,26.559,3.39,overnight_deep_charge,6,59.88,82333.0,COMPLETED,False,0,US
VF8VNF_0056,19_102_260_1634_2019-08-29 15:19:59.155295,VG_STA_0019_office1,03,2026-01-07T19:03:00,193.1,20.255,6.29,overnight_deep_charge,7,55.87,62790.0,COMPLETED,False,0,US
VF8VNF_0056,1_1_179_790_2019-02-01 17:31:20.549735,VG_STA_0001_JPL,AG-3F19,2026-01-08T11:49:00,85.7,9.038,6.33,opportunity_fast_charge,7,38.39,28018.0,COMPLETED,False,1,US
VF8VNF_0056,19_102_260_1633_2019-09-04 16:13:02.656889,VG_STA_0019_office1,02,2026-01-08T18:20:00,544.6666666666666,6.1,0.67,overnight_deep_charge,8,38.12,18910.0,COMPLETED,False,0,US
VF8VNF_0056,19_102_260_1633_2019-09-05 15:40:00.418715,VG_STA_0019_office1,02,2026-01-09T19:02:00,650.2833333333333,5.911,0.55,overnight_deep_charge,9,27.69,18324.0,COMPLETED,False,0,US
VF8VNF_0056,19_102_260_1638_2019-09-09 19:50:50.120613,VG_STA_0019_office1,04,2026-01-10T21:35:00,155.13333333333333,16.368,6.33,overnight_deep_charge,10,39.53,50741.0,COMPLETED,False,0,US
VF8VNF_0056,19_102_260_1636_2019-09-11 18:33:34.892916,VG_STA_0019_office1,06,2026-01-11T19:41:00,389.6666666666667,9.627,1.48,overnight_deep_charge,11,36.21,29844.0,COMPLETED,False,0,US
VF8VNF_0056,1_1_179_815_2019-02-01 17:53:09.235790,VG_STA_0001_JPL,AG-3F33,2026-01-12T11:57:00,61.483333333333334,2.673,2.61,opportunity_fast_charge,11,31.88,8286.0,COMPLETED,False,1,US
VF8VNF_0056,19_102_260_1638_2019-09-20 14:56:00.079185,VG_STA_0019_office1,04,2026-01-12T21:07:00,394.26666666666665,5.9,0.9,overnight_deep_charge,12,54.12,18290.0,COMPLETED,False,0,US
VF8VNF_0056,1_1_194_826_2019-02-04 12:34:43.593723,VG_STA_0001_JPL,AG-1F11,2026-01-13T10:55:00,86.48333333333333,2.999,2.08,opportunity_fast_charge,12,40.8,9297.0,COMPLETED,False,1,US
VF8VNF_0056,19_102_260_1633_2019-09-24 14:48:53.956440,VG_STA_0019_office1,02,2026-01-13T21:20:00,495.73333333333335,46.018,5.57,overnight_deep_charge,13,43.93,142656.0,COMPLETED,False,0,US
VF8VNF_0056,1_1_193_820_2019-02-05 01:08:30.579834,VG_STA_0001_JPL,AG-1F04,2026-01-14T14:25:00,74.01666666666667,6.959,5.64,opportunity_fast_charge,13,50.6,21573.0,COMPLETED,False,1,US
VF8VNF_0056,19_102_260_1635_2019-09-26 14:16:06.438683,VG_STA_0019_office1,01,2026-01-14T18:48:00,552.95,33.009,3.58,overnight_deep_charge,14,33.77,102328.0,COMPLETED,False,0,US
VF8VNF_0056,1_1_179_787_2019-02-07 00:40:55.286005,VG_STA_0001_JPL,AG-3F16,2026-01-15T14:17:00,65.08333333333333,6.933,6.39,opportunity_fast_charge,14,50.08,21492.0,COMPLETED,False,1,US
VF8VNF_0057,19_102_260_1635_2019-10-02 13:53:18.414659,VG_STA_0019_office1,01,2025-12-31T20:25:00,596.2333333333333,30.624,3.08,overnight_deep_charge,0,46.71,94934.0,COMPLETED,False,0,US
VF8VNF_0057,1_1_179_815_2019-02-08 00:03:32.314844,VG_STA_0001_JPL,AG-3F33,2026-01-01T13:53:00,60.68333333333333,4.432,4.38,opportunity_fast_charge,0,42.47,13739.0,COMPLETED,False,1,US
VF8VNF_0057,19_102_260_1640_2019-10-04 17:02:54.325203,VG_STA_0019_office1,08,2026-01-01T19:33:00,511.5,5.861,0.69,overnight_deep_charge,1,65.0,18169.0,COMPLETED,False,0,US
VF8VNF_0057,19_102_260_1638_2019-10-04 21:31:58.858610,VG_STA_0019_office1,04,2026-01-02T19:49:00,170.83333333333334,7.274,2.55,overnight_deep_charge,2,39.97,22549.0,COMPLETED,False,0,US
VF8VNF_0057,19_102_260_1640_2019-10-07 17:28:55.907908,VG_STA_0019_office1,08,2026-01-03T21:03:00,424.93333333333334,19.002,2.68,overnight_deep_charge,3,37.6,58906.0,COMPLETED,False,0,US
VF8VNF_0057,1_1_193_820_2019-02-08 22:52:23.370108,VG_STA_0001_JPL,AG-1F04,2026-01-04T10:57:00,79.41666666666667,4.789,3.62,opportunity_fast_charge,3,59.64,14846.0,COMPLETED,False,1,US
VF8VNF_0057,19_102_260_1640_2019-10-14 20:29:14.691847,VG_STA_0019_office1,08,2026-01-04T18:01:00,452.25,24.409,3.24,overnight_deep_charge,4,41.15,75668.0,COMPLETED,False,0,US
VF8VNF_0057,1_1_193_819_2019-02-08 23:23:35.342209,VG_STA_0001_JPL,AG-1F06,2026-01-05T10:45:00,45.38333333333333,4.517,5.97,opportunity_fast_charge,4,36.8,14003.0,COMPLETED,False,1,US
VF8VNF_0057,19_102_260_1634_2019-10-22 15:59:10.049581,VG_STA_0019_office1,03,2026-01-05T21:46:00,145.41666666666666,13.533,5.58,overnight_deep_charge,5,34.48,41952.0,COMPLETED,False,0,US
VF8VNF_0057,19_102_260_1633_2019-10-23 14:52:57.114090,VG_STA_0019_office1,02,2026-01-06T19:24:00,377.65,5.976,0.95,overnight_deep_charge,6,43.02,18526.0,COMPLETED,False,0,US
VF8VNF_0057,19_102_260_1634_2019-10-24 19:28:54.701520,VG_STA_0019_office1,03,2026-01-07T19:51:00,217.45,2.797,0.77,overnight_deep_charge,7,49.11,8671.0,COMPLETED,False,0,US
VF8VNF_0057,1_1_191_804_2019-02-11 23:41:26.127746,VG_STA_0001_JPL,AG-4F34,2026-01-08T11:32:00,89.71666666666667,8.087,5.41,opportunity_fast_charge,7,46.62,25070.0,COMPLETED,False,1,US
VF8VNF_0057,19_102_260_1640_2019-11-06 22:03:57.630124,VG_STA_0019_office1,08,2026-01-08T18:37:00,430.65,21.974,3.06,overnight_deep_charge,8,45.61,68119.0,COMPLETED,False,0,US
VF8VNF_0057,1_1_194_821_2019-02-12 00:20:35.645445,VG_STA_0001_JPL,AG-1F13,2026-01-09T10:39:00,74.35,6.489,5.24,opportunity_fast_charge,8,55.44,20116.0,COMPLETED,False,1,US
VF8VNF_0057,19_102_260_1635_2019-11-13 20:41:29.739972,VG_STA_0019_office1,01,2026-01-09T21:11:00,147.38333333333333,1.189,0.48,overnight_deep_charge,9,51.78,3686.0,COMPLETED,False,0,US
VF8VNF_0057,19_102_260_1633_2019-11-19 15:42:26.787966,VG_STA_0019_office1,02,2026-01-10T20:38:00,283.8,3.628,0.77,overnight_deep_charge,10,46.08,11247.0,COMPLETED,False,0,US
VF8VNF_0057,19_102_260_1639_2019-11-22 17:34:03.812353,VG_STA_0019_office1,05,2026-01-11T20:55:00,461.31666666666666,31.641,4.12,overnight_deep_charge,11,48.93,98087.0,COMPLETED,False,0,US
VF8VNF_0057,19_102_260_1635_2019-12-03 15:01:40.169842,VG_STA_0019_office1,01,2026-01-12T21:30:00,513.4166666666666,26.258,3.07,overnight_deep_charge,12,34.97,81400.0,COMPLETED,False,0,US
VF8VNF_0057,19_102_260_1633_2019-12-05 15:29:49.469867,VG_STA_0019_office1,02,2026-01-13T20:17:00,514.6666666666666,25.556,2.98,overnight_deep_charge,13,38.83,79224.0,COMPLETED,False,0,US
VF8VNF_0057,19_102_260_1635_2019-12-06 14:56:21.666048,VG_STA_0019_office1,01,2026-01-14T18:25:00,538.8833333333333,29.264,3.26,overnight_deep_charge,14,42.03,90718.0,COMPLETED,False,0,US
VF8VNF_0057,1_1_178_817_2019-02-12 19:46:31.672004,VG_STA_0001_JPL,AG-1F09,2026-01-15T14:25:00,89.01666666666667,4.154,2.8,opportunity_fast_charge,14,40.55,12877.0,COMPLETED,False,1,US
VF8VNF_0058,19_102_260_1640_2019-12-09 21:03:58.302963,VG_STA_0019_office1,08,2025-12-31T18:33:00,467.43333333333334,26.07,3.35,overnight_deep_charge,0,39.57,80817.0,COMPLETED,False,0,US
VF8VNF_0058,19_102_260_1636_2019-12-16 19:22:16.119844,VG_STA_0019_office1,06,2026-01-01T20:46:00,390.78333333333336,28.418,4.36,overnight_deep_charge,1,62.19,88096.0,COMPLETED,False,0,US
VF8VNF_0058,19_102_260_1633_2019-12-18 16:34:28.105259,VG_STA_0019_office1,02,2026-01-02T21:00:00,593.2166666666667,6.086,0.62,overnight_deep_charge,2,53.82,18867.0,COMPLETED,False,0,US
VF8VNF_0058,19_102_260_1640_2019-12-20 21:01:29.401966,VG_STA_0019_office1,08,2026-01-03T18:45:00,125.25,13.025,6.24,overnight_deep_charge,3,60.88,40378.0,COMPLETED,False,0,US
VF8VNF_0058,1_1_194_821_2019-02-13 00:27:09.233275,VG_STA_0001_JPL,AG-1F13,2026-01-04T13:29:00,50.65,4.126,4.89,opportunity_fast_charge,3,61.48,12791.0,COMPLETED,False,1,US
VF8VNF_0058,19_102_260_1634_2019-12-27 17:55:58.245506,VG_STA_0019_office1,03,2026-01-04T19:49:00,186.4,20.195,6.5,overnight_deep_charge,4,35.34,62604.0,COMPLETED,False,0,US
VF8VNF_0058,1_1_179_800_2019-02-14 23:09:19.649275,VG_STA_0001_JPL,AG-3F32,2026-01-05T14:02:00,83.26666666666667,0.846,0.61,opportunity_fast_charge,4,48.43,2623.0,COMPLETED,False,1,US
VF8VNF_0058,19_102_260_1640_2019-12-27 21:29:44.344250,VG_STA_0019_office1,08,2026-01-05T20:39:00,415.28333333333336,20.594,2.98,overnight_deep_charge,5,50.52,63841.0,COMPLETED,False,0,US
VF8VNF_0058,1_1_193_827_2019-02-19 20:23:41.143156,VG_STA_0001_JPL,AG-1F02,2026-01-06T14:06:00,35.95,0.886,1.48,opportunity_fast_charge,5,47.79,2747.0,COMPLETED,False,1,US
VF8VNF_0058,19_102_260_1640_2019-12-30 21:35:55.413076,VG_STA_0019_office1,08,2026-01-06T21:57:00,138.0,10.551,4.59,overnight_deep_charge,6,28.62,32708.0,COMPLETED,False,0,US
VF8VNF_0058,19_102_260_1640_2020-01-07 19:17:39.700636,VG_STA_0019_office1,08,2026-01-07T18:26:00,423.95,25.736,3.64,overnight_deep_charge,7,52.58,79782.0,COMPLETED,False,0,US
VF8VNF_0058,19_102_260_1640_2020-01-09 17:56:22.978154,VG_STA_0019_office1,08,2026-01-08T19:53:00,125.96666666666667,13.555,6.46,overnight_deep_charge,8,52.23,42020.0,COMPLETED,False,0,US
VF8VNF_0058,19_102_260_1636_2020-01-22 18:34:39.912681,VG_STA_0019_office1,06,2026-01-09T18:43:00,353.21666666666664,4.805,0.82,overnight_deep_charge,9,52.26,14896.0,COMPLETED,False,0,US
VF8VNF_0058,19_102_260_1635_2020-01-23 14:59:01.876057,VG_STA_0019_office1,01,2026-01-10T18:50:00,576.5833333333334,14.329,1.49,overnight_deep_charge,10,54.4,44420.0,COMPLETED,False,0,US
VF8VNF_0058,19_102_260_1640_2020-01-24 16:52:08.724177,VG_STA_0019_office1,08,2026-01-11T19:24:00,479.6333333333333,5.763,0.72,overnight_deep_charge,11,43.25,17865.0,COMPLETED,False,0,US
VF8VNF_0058,19_102_260_1633_2020-01-27 15:46:06.094468,VG_STA_0019_office1,02,2026-01-12T18:08:00,293.18333333333334,4.478,0.92,overnight_deep_charge,12,35.12,13882.0,COMPLETED,False,0,US
VF8VNF_0058,1_1_178_828_2019-02-20 23:15:15.221469,VG_STA_0001_JPL,AG-1F10,2026-01-13T10:48:00,89.61666666666666,3.074,2.06,opportunity_fast_charge,12,34.2,9529.0,COMPLETED,False,1,US
VF8VNF_0058,19_102_260_1639_2020-01-30 20:02:18.711195,VG_STA_0019_office1,05,2026-01-13T19:59:00,313.8,10.868,2.08,overnight_deep_charge,13,49.21,33691.0,COMPLETED,False,0,US
VF8VNF_0058,19_102_260_1637_2020-01-31 18:50:48.180807,VG_STA_0019_office1,07,2026-01-14T21:32:00,450.3,30.13,4.01,overnight_deep_charge,14,50.08,93403.0,COMPLETED,False,0,US
VF8VNF_0059,19_102_260_1640_2020-02-04 21:03:41.691196,VG_STA_0019_office1,08,2025-12-31T18:32:00,410.48333333333335,20.537,3.0,overnight_deep_charge,0,45.49,63665.0,COMPLETED,False,0,US
VF8VNF_0059,19_102_260_1640_2020-02-10 20:54:47.381201,VG_STA_0019_office1,08,2026-01-01T20:38:00,470.65,26.221,3.34,overnight_deep_charge,1,51.9,81285.0,COMPLETED,False,0,US
VF8VNF_0059,1_1_179_813_2019-02-22 22:05:22.837019,VG_STA_0001_JPL,AG-3F15,2026-01-02T14:05:00,19.966666666666665,1.996,6.0,opportunity_fast_charge,1,49.49,6188.0,COMPLETED,False,1,US
VF8VNF_0059,19_102_260_1634_2020-02-14 19:26:56.955256,VG_STA_0019_office1,03,2026-01-02T20:23:00,357.1666666666667,26.823,4.51,overnight_deep_charge,2,37.23,83151.0,COMPLETED,False,0,US
VF8VNF_0059,1_1_193_819_2019-02-28 23:34:08.200714,VG_STA_0001_JPL,AG-1F06,2026-01-03T11:27:00,80.2,4.33,3.24,opportunity_fast_charge,2,47.11,13423.0,COMPLETED,False,1,US
VF8VNF_0059,19_102_260_1634_2020-02-26 21:12:14.382877,VG_STA_0019_office1,03,2026-01-03T20:29:00,338.18333333333334,3.429,0.61,overnight_deep_charge,3,46.14,10630.0,COMPLETED,False,0,US
VF8VNF_0059,1_1_193_827_2019-03-01 15:39:10.759104,VG_STA_0001_JPL,AG-1F02,2026-01-04T12:34:00,32.05,1.494,2.8,opportunity_fast_charge,3,38.69,4631.0,COMPLETED,False,1,US
VF8VNF_0059,19_102_260_1636_2020-03-05 19:43:15.522300,VG_STA_0019_office1,06,2026-01-04T19:12:00,336.96666666666664,11.713,2.09,overnight_deep_charge,4,65.0,36310.0,COMPLETED,False,0,US
VF8VNF_0059,19_102_260_1635_2020-03-13 13:53:30.031152,VG_STA_0019_office1,01,2026-01-05T18:39:00,391.31666666666666,19.49,2.99,overnight_deep_charge,5,50.25,60419.0,COMPLETED,False,0,US
VF8VNF_0059,19_102_260_1634_2020-03-23 20:49:27.597652,VG_STA_0019_office1,03,2026-01-06T19:21:00,202.48333333333332,12.082,3.58,overnight_deep_charge,6,53.69,37454.0,COMPLETED,False,0,US
VF8VNF_0059,19_102_260_1634_2020-05-22 15:20:14.065859,VG_STA_0019_office1,03,2026-01-07T19:19:00,511.56666666666666,35.066,4.11,overnight_deep_charge,7,42.2,108705.0,COMPLETED,False,0,US
VF8VNF_0059,19_102_260_1635_2020-05-28 15:46:31.398049,VG_STA_0019_office1,01,2026-01-08T20:32:00,301.25,14.35,2.86,overnight_deep_charge,8,39.12,44485.0,COMPLETED,False,0,US
VF8VNF_0059,19_102_260_1639_2020-10-13 17:33:13.906170,VG_STA_0019_office1,05,2026-01-09T20:31:00,426.98333333333335,27.806,3.91,overnight_deep_charge,9,30.11,86199.0,COMPLETED,False,0,US
VF8VNF_0059,19_102_260_1639_2020-10-15 15:21:33.224450,VG_STA_0019_office1,05,2026-01-10T21:16:00,524.5166666666667,36.626,4.19,overnight_deep_charge,10,36.18,113541.0,COMPLETED,False,0,US
VF8VNF_0059,19_102_260_1639_2020-10-22 16:25:05.454670,VG_STA_0019_office1,05,2026-01-11T20:44:00,481.8833333333333,13.319,1.66,overnight_deep_charge,11,43.26,41289.0,COMPLETED,False,0,US
VF8VNF_0059,1_1_179_783_2019-03-01 17:09:20.033932,VG_STA_0001_JPL,AG-3F29,2026-01-12T13:28:00,61.083333333333336,3.13,3.07,opportunity_fast_charge,11,34.46,9703.0,COMPLETED,False,1,US
VF8VNF_0059,19_102_260_1639_2020-11-13 17:20:12.526375,VG_STA_0019_office1,05,2026-01-12T20:40:00,470.1166666666667,31.819,4.06,overnight_deep_charge,12,42.85,98639.0,COMPLETED,False,0,US
VF8VNF_0059,19_102_260_1639_2020-12-01 17:17:49.482966,VG_STA_0019_office1,05,2026-01-13T21:59:00,215.43333333333334,16.417,4.57,overnight_deep_charge,13,37.22,50893.0,COMPLETED,False,0,US
VF8VNF_0059,1_1_178_828_2019-03-04 23:55:23.769324,VG_STA_0001_JPL,AG-1F10,2026-01-14T13:32:00,47.28333333333333,4.884,6.2,opportunity_fast_charge,13,42.24,15140.0,COMPLETED,False,1,US
VF8VNF_0059,19_102_260_1639_2020-12-29 18:52:32.555547,VG_STA_0019_office1,05,2026-01-14T18:00:00,371.15,25.214,4.08,overnight_deep_charge,14,40.46,78163.0,COMPLETED,False,0,US
VF8VNF_0059,1_1_191_778_2019-03-07 19:41:59.896125,VG_STA_0001_JPL,AG-4F43,2026-01-15T12:57:00,30.016666666666666,2.879,5.75,opportunity_fast_charge,14,39.39,8925.0,COMPLETED,False,1,US
VF8VNF_0060,19_102_260_1634_2021-01-04 18:34:49.199124,VG_STA_0019_office1,03,2025-12-31T21:30:00,410.5,27.801,4.06,overnight_deep_charge,0,47.66,86183.0,COMPLETED,False,0,US
VF8VNF_0060,1_1_193_819_2019-03-08 14:09:35.646135,VG_STA_0001_JPL,AG-1F06,2026-01-01T14:06:00,54.05,2.097,2.33,opportunity_fast_charge,0,35.09,6501.0,COMPLETED,False,1,US
VF8VNF_0060,19_102_260_1639_2021-01-15 17:15:38.240210,VG_STA_0019_office1,05,2026-01-01T19:38:00,512.3,17.182,2.01,overnight_deep_charge,1,54.15,53264.0,COMPLETED,False,0,US
VF8VNF_0060,1_1_191_786_2019-03-11 22:53:50.028106,VG_STA_0001_JPL,AG-4F36,2026-01-02T14:10:00,76.71666666666667,4.105,3.21,opportunity_fast_charge,1,38.61,12726.0,COMPLETED,False,1,US
VF8VNF_0060,19_102_260_1633_2021-03-03 16:47:08.952334,VG_STA_0019_office1,02,2026-01-02T20:45:00,523.9166666666666,9.478,1.09,overnight_deep_charge,2,53.67,29382.0,COMPLETED,False,0,US
VF8VNF_0060,19_102_260_1635_2021-03-03 18:11:17.471917,VG_STA_0019_office1,01,2026-01-03T20:57:00,444.05,11.702,1.58,overnight_deep_charge,3,38.8,36276.0,COMPLETED,False,0,US
VF8VNF_0060,19_102_260_1634_2021-04-15 17:04:57.285519,VG_STA_0019_office1,03,2026-01-04T20:56:00,446.93333333333334,31.482,4.23,overnight_deep_charge,4,43.47,97594.0,COMPLETED,False,0,US
VF8VNF_0060,19_102_260_1633_2021-05-07 15:55:24.335461,VG_STA_0019_office1,02,2026-01-05T21:33:00,531.4,5.782,0.65,overnight_deep_charge,5,36.44,17924.0,COMPLETED,False,0,US
VF8VNF_0060,19_102_260_1640_2021-05-07 21:20:15.700159,VG_STA_0019_office1,08,2026-01-06T21:32:00,237.48333333333332,15.53,3.92,overnight_deep_charge,6,53.39,48143.0,COMPLETED,False,0,US
VF8VNF_0060,19_102_260_1634_2021-05-18 15:03:08.015766,VG_STA_0019_office1,03,2026-01-07T21:33:00,338.56666666666666,26.336,4.67,overnight_deep_charge,7,34.05,81642.0,COMPLETED,False,0,US
VF8VNF_0060,19_102_260_1633_2021-05-19 19:40:17.583404,VG_STA_0019_office1,02,2026-01-08T19:26:00,288.51666666666665,12.06,2.51,overnight_deep_charge,8,51.42,37386.0,COMPLETED,False,0,US
VF8VNF_0060,19_102_260_1640_2021-06-09 20:41:20.702545,VG_STA_0019_office1,08,2026-01-09T20:32:00,387.43333333333334,26.786,4.15,overnight_deep_charge,9,38.4,83037.0,COMPLETED,False,0,US
VF8VNF_0060,1_1_178_828_2019-03-12 01:10:29.916065,VG_STA_0001_JPL,AG-1F10,2026-01-10T12:36:00,22.066666666666666,1.689,4.59,opportunity_fast_charge,9,51.3,5236.0,COMPLETED,False,1,US
VF8VNF_0060,19_102_260_1633_2021-06-15 14:39:21.637299,VG_STA_0019_office1,02,2026-01-10T20:35:00,484.51666666666665,4.598,0.57,overnight_deep_charge,10,47.98,14254.0,COMPLETED,False,0,US
VF8VNF_0060,19_102_260_1640_2021-07-02 20:51:37.422603,VG_STA_0019_office1,08,2026-01-11T21:00:00,375.28333333333336,11.341,1.81,overnight_deep_charge,11,32.88,35157.0,COMPLETED,False,0,US
VF8VNF_0060,19_102_260_1638_2019-04-18 23:40:52.635959,VG_STA_0019_office1,04,2026-01-12T14:21:00,30.533333333333335,3.177,6.24,opportunity_fast_charge,11,45.23,9849.0,COMPLETED,False,1,US
VF8VNF_0060,19_102_260_1634_2021-07-12 19:27:05.531474,VG_STA_0019_office1,03,2026-01-12T19:59:00,304.75,17.653,3.48,overnight_deep_charge,12,65.0,54724.0,COMPLETED,False,0,US
VF8VNF_0060,19_102_260_1633_2021-07-27 17:40:57.510411,VG_STA_0019_office1,02,2026-01-13T20:54:00,394.3333333333333,26.703,4.06,overnight_deep_charge,13,30.86,82779.0,COMPLETED,False,0,US
VF8VNF_0060,19_102_260_1639_2021-08-16 15:20:57.222318,VG_STA_0019_office1,05,2026-01-14T18:02:00,585.3,38.977,4.0,overnight_deep_charge,14,46.73,120829.0,COMPLETED,False,0,US
