event_id,timestamp,source_system,actor_user_id,session_id,operation,object_type,object_name,trip_id,vehicle_vin,rows_affected,success,client_app,ip_class
DBE_000001,2026-01-01T10:36:37,POSTGRES_DEMO,USR_0037,SES-35068,SELECT,TABLE,trips,XANH_TRIP_7012,VF8VNF_0025,263,true,DataTrustOS,CORP_NET
DBE_000002,2026-01-01T07:31:31,POSTGRES_DEMO,USR_0017,SES-80239,SELECT,TABLE,drivers,XANH_TRIP_1143,VF8VNF_0011,3962,true,Metabase,CORP_NET
DBE_000003,2026-01-05T11:46:25,POSTGRES_DEMO,USR_0007,SES-10228,GRANT,TABLE,user_privileges,,,35,true,DBeaver,VPN
DBE_000004,2026-01-10T12:22:58,POSTGRES_DEMO,USR_0012,SES-61859,SELECT,TABLE,user_privileges,XANH_TRIP_3252,,4257,true,psql,CORP_NET
DBE_000005,2026-01-12T21:11:40,POSTGRES_DEMO,USR_0056,SES-15356,SELECT,TABLE,user_privileges,XANH_TRIP_8104,VF8VNF_0030,2256,true,Airflow,UNKNOWN
DBE_000006,2026-01-07T00:22:17,POSTGRES_DEMO,USR_0057,SES-98907,GRANT,TABLE,customers,,,47,true,DataTrustOS,UNKNOWN
DBE_000007,2026-01-03T17:40:07,POSTGRES_DEMO,USR_0023,SES-23662,SELECT,TABLE,user_privileges,,,3687,true,Metabase,UNKNOWN
DBE_000008,2026-01-11T20:05:40,POSTGRES_DEMO,USR_0023,SES-17141,EXPORT,TABLE,trips,XANH_TRIP_10225,VF8VNF_0042,3210,true,Metabase,UNKNOWN
DBE_000009,2026-01-14T14:40:09,POSTGRES_DEMO,USR_0005,SES-43087,SELECT,TABLE,customers,XANH_TRIP_6241,,4360,true,DataTrustOS,VPN
DBE_000010,2026-01-02T15:49:05,POSTGRES_DEMO,USR_0019,SES-32229,UPDATE,TABLE,user_privileges,,,21,true,DataTrustOS,VPN
DBE_000011,2026-01-06T09:14:25,POSTGRES_DEMO,USR_0004,SES-50812,UPDATE,TABLE,trips,,,6,true,Airflow,VPN
DBE_000012,2026-01-09T18:32:44,POSTGRES_DEMO,USR_0055,SES-22795,SELECT,TABLE,trips,XANH_TRIP_5946,,398,true,DataTrustOS,CORP_NET
DBE_000013,2026-01-06T00:20:57,POSTGRES_DEMO,USR_0017,SES-24947,SELECT,TABLE,drivers,XANH_TRIP_1010,,728,true,psql,VPN
DBE_000014,2026-01-05T17:37:47,POSTGRES_DEMO,USR_0037,SES-67416,UPDATE,TABLE,trips,XANH_TRIP_2206,VF8VNF_0049,2,true,psql,VPN
DBE_000015,2026-01-06T20:12:34,POSTGRES_DEMO,USR_0021,SES-64996,SELECT,TABLE,customers,XANH_TRIP_7752,VF8VNF_0046,3942,true,Metabase,VPN
DBE_000016,2026-01-04T15:29:29,POSTGRES_DEMO,USR_0008,SES-13914,EXPORT,TABLE,trips,,,2225,true,DBeaver,UNKNOWN
DBE_000017,2026-01-01T18:48:04,POSTGRES_DEMO,USR_0021,SES-67871,GRANT,TABLE,drivers,,,3,true,Metabase,CORP_NET
DBE_000018,2026-01-10T20:16:02,POSTGRES_DEMO,USR_0026,SES-31380,SELECT,TABLE,trips,XANH_TRIP_4109,VF8VNF_0004,1679,true,DBeaver,UNKNOWN
DBE_000019,2026-01-08T20:35:09,POSTGRES_DEMO,USR_0045,SES-26953,SELECT,TABLE,drivers,,,4224,true,psql,UNKNOWN
DBE_000020,2026-01-04T05:41:04,POSTGRES_DEMO,USR_0024,SES-26496,SELECT,TABLE,trips,XANH_TRIP_0256,VF8VNF_0029,4079,true,DataTrustOS,UNKNOWN
DBE_000021,2026-01-08T05:58:50,POSTGRES_DEMO,USR_0023,SES-36250,REVOKE,TABLE,trips,,,16,true,psql,UNKNOWN
DBE_000022,2026-01-01T06:49:38,POSTGRES_DEMO,USR_0052,SES-99518,SELECT,TABLE,user_privileges,XANH_TRIP_3996,VF8VNF_0060,3751,true,Metabase,VPN
DBE_000023,2026-01-15T10:28:28,POSTGRES_DEMO,USR_0034,SES-31569,EXPORT,TABLE,user_privileges,XANH_TRIP_4171,,1504,true,psql,CORP_NET
DBE_000024,2026-01-06T18:00:12,POSTGRES_DEMO,USR_0041,SES-52356,SELECT,TABLE,trips,,,1701,true,DBeaver,CORP_NET
DBE_000025,2026-01-12T23:11:18,POSTGRES_DEMO,USR_0059,SES-43973,SELECT,TABLE,drivers,XANH_TRIP_5919,,2129,true,DBeaver,CORP_NET
DBE_000026,2026-01-14T00:38:24,POSTGRES_DEMO,USR_0038,SES-80104,GRANT,TABLE,user_privileges,,,36,true,DBeaver,UNKNOWN
DBE_000027,2026-01-10T06:35:53,POSTGRES_DEMO,USR_0021,SES-23772,SELECT,TABLE,user_privileges,XANH_TRIP_3356,,831,true,DBeaver,VPN
DBE_000028,2026-01-07T13:49:46,POSTGRES_DEMO,USR_0048,SES-70127,UPDATE,TABLE,drivers,XANH_TRIP_9519,VF8VNF_0031,8,true,psql,UNKNOWN
DBE_000029,2026-01-09T22:10:51,POSTGRES_DEMO,USR_0019,SES-85752,UPDATE,TABLE,drivers,XANH_TRIP_0980,VF8VNF_0038,13,true,DBeaver,VPN
DBE_000030,2026-01-14T17:05:06,POSTGRES_DEMO,USR_0032,SES-92520,SELECT,TABLE,user_privileges,XANH_TRIP_3613,VF8VNF_0047,4743,true,psql,VPN
DBE_000031,2026-01-15T14:20:41,POSTGRES_DEMO,USR_0002,SES-81688,GRANT,TABLE,drivers,,,39,true,Metabase,CORP_NET
DBE_000032,2026-01-01T15:20:16,POSTGRES_DEMO,USR_0022,SES-16518,SELECT,TABLE,drivers,XANH_TRIP_7520,VF8VNF_0021,2546,true,psql,UNKNOWN
DBE_000033,2026-01-06T04:21:39,POSTGRES_DEMO,USR_0049,SES-96891,REVOKE,TABLE,user_privileges,,,34,true,Airflow,CORP_NET
DBE_000034,2026-01-09T00:26:19,POSTGRES_DEMO,USR_0020,SES-92082,EXPORT,TABLE,drivers,XANH_TRIP_3462,VF8VNF_0020,666,true,psql,VPN
DBE_000035,2026-01-07T03:18:59,POSTGRES_DEMO,USR_0039,SES-78922,EXPORT,TABLE,drivers,XANH_TRIP_1680,VF8VNF_0029,4341,true,DBeaver,UNKNOWN
DBE_000036,2026-01-14T11:37:18,POSTGRES_DEMO,USR_0016,SES-93727,SELECT,TABLE,trips,XANH_TRIP_8660,VF8VNF_0045,4959,true,Metabase,CORP_NET
DBE_000037,2026-01-07T23:38:26,POSTGRES_DEMO,USR_0019,SES-58728,REVOKE,TABLE,drivers,,,45,true,DBeaver,UNKNOWN
DBE_000038,2026-01-10T20:22:33,POSTGRES_DEMO,USR_0043,SES-46296,UPDATE,TABLE,user_privileges,XANH_TRIP_5308,VF8VNF_0003,46,true,DBeaver,UNKNOWN
DBE_000039,2026-01-09T15:34:08,POSTGRES_DEMO,USR_0039,SES-99246,SELECT,TABLE,customers,XANH_TRIP_2888,,4762,true,DBeaver,CORP_NET
DBE_000040,2026-01-06T08:14:13,POSTGRES_DEMO,USR_0028,SES-25860,EXPORT,TABLE,user_privileges,XANH_TRIP_1272,,4802,true,DBeaver,UNKNOWN
DBE_000041,2026-01-11T01:07:54,POSTGRES_DEMO,USR_0006,SES-63869,SELECT,TABLE,trips,XANH_TRIP_7548,,477,true,Metabase,UNKNOWN
DBE_000042,2026-01-06T03:50:54,POSTGRES_DEMO,USR_0047,SES-33177,UPDATE,TABLE,customers,XANH_TRIP_2742,,1,true,Airflow,VPN
DBE_000043,2026-01-10T04:42:49,POSTGRES_DEMO,USR_0056,SES-51325,GRANT,TABLE,trips,,,28,true,Airflow,VPN
DBE_000044,2026-01-15T11:13:29,POSTGRES_DEMO,USR_0056,SES-85648,EXPORT,TABLE,drivers,XANH_TRIP_5985,VF8VNF_0013,4214,true,psql,CORP_NET
DBE_000045,2026-01-04T00:59:02,POSTGRES_DEMO,USR_0005,SES-99757,EXPORT,TABLE,user_privileges,XANH_TRIP_8688,VF8VNF_0059,3713,true,psql,CORP_NET
DBE_000046,2026-01-10T12:14:41,POSTGRES_DEMO,USR_0024,SES-28090,UPDATE,TABLE,drivers,,,50,true,psql,VPN
DBE_000047,2026-01-04T13:22:02,POSTGRES_DEMO,USR_0031,SES-95124,GRANT,TABLE,user_privileges,,,27,true,DBeaver,VPN
DBE_000048,2026-01-11T16:47:32,POSTGRES_DEMO,USR_0005,SES-37269,UPDATE,TABLE,customers,XANH_TRIP_0223,VF8VNF_0042,13,true,Metabase,CORP_NET
DBE_000049,2026-01-05T00:11:31,POSTGRES_DEMO,USR_0041,SES-35823,REVOKE,TABLE,drivers,,,2,true,Airflow,UNKNOWN
DBE_000050,2026-01-02T01:29:04,POSTGRES_DEMO,USR_0021,SES-83073,REVOKE,TABLE,user_privileges,,,6,true,DBeaver,VPN
DBE_000051,2026-01-02T12:58:05,POSTGRES_DEMO,USR_0033,SES-21502,SELECT,TABLE,drivers,XANH_TRIP_9174,,1936,true,DataTrustOS,CORP_NET
DBE_000052,2026-01-02T23:05:21,POSTGRES_DEMO,USR_0030,SES-37648,EXPORT,TABLE,customers,XANH_TRIP_3989,VF8VNF_0026,1598,true,Airflow,UNKNOWN
DBE_000053,2026-01-12T02:01:55,POSTGRES_DEMO,USR_0040,SES-93375,REVOKE,TABLE,user_privileges,,,16,true,psql,CORP_NET
DBE_000054,2026-01-01T09:27:21,POSTGRES_DEMO,USR_0039,SES-61941,EXPORT,TABLE,user_privileges,XANH_TRIP_5199,,161,true,Metabase,UNKNOWN
DBE_000055,2026-01-09T10:40:18,POSTGRES_DEMO,USR_0055,SES-99878,SELECT,TABLE,customers,XANH_TRIP_9209,VF8VNF_0020,2082,true,Metabase,UNKNOWN
DBE_000056,2026-01-02T12:26:53,POSTGRES_DEMO,USR_0060,SES-55190,UPDATE,TABLE,drivers,,,39,true,DataTrustOS,CORP_NET
DBE_000057,2026-01-03T04:05:05,POSTGRES_DEMO,USR_0052,SES-88060,SELECT,TABLE,customers,XANH_TRIP_8012,VF8VNF_0014,1275,true,Metabase,UNKNOWN
DBE_000058,2026-01-04T15:57:20,POSTGRES_DEMO,USR_0013,SES-39146,GRANT,TABLE,customers,,,43,true,DBeaver,UNKNOWN
DBE_000059,2026-01-03T04:01:26,POSTGRES_DEMO,USR_0021,SES-30742,UPDATE,TABLE,drivers,,,28,true,Metabase,CORP_NET
DBE_000060,2026-01-09T06:12:02,POSTGRES_DEMO,USR_0055,SES-62703,UPDATE,TABLE,drivers,XANH_TRIP_9953,,10,true,Metabase,UNKNOWN
DBE_000061,2026-01-13T08:10:28,POSTGRES_DEMO,USR_0038,SES-66562,REVOKE,TABLE,customers,,,33,true,DBeaver,UNKNOWN
DBE_000062,2026-01-11T14:27:18,POSTGRES_DEMO,USR_0015,SES-34870,SELECT,TABLE,user_privileges,XANH_TRIP_7250,,4155,true,DataTrustOS,UNKNOWN
DBE_000063,2026-01-04T22:53:39,POSTGRES_DEMO,USR_0048,SES-56992,REVOKE,TABLE,trips,,,49,false,psql,CORP_NET
DBE_000064,2026-01-12T05:55:00,POSTGRES_DEMO,USR_0015,SES-33984,GRANT,TABLE,customers,,,32,true,Metabase,CORP_NET
DBE_000065,2026-01-04T21:09:23,POSTGRES_DEMO,USR_0002,SES-39360,GRANT,TABLE,user_privileges,,,26,true,DBeaver,CORP_NET
DBE_000066,2026-01-09T16:06:36,POSTGRES_DEMO,USR_0020,SES-60611,EXPORT,TABLE,trips,XANH_TRIP_0447,VF8VNF_0036,1990,true,DataTrustOS,CORP_NET
DBE_000067,2026-01-10T17:59:00,POSTGRES_DEMO,USR_0043,SES-40503,REVOKE,TABLE,drivers,,,6,true,DBeaver,VPN
DBE_000068,2026-01-13T15:33:32,POSTGRES_DEMO,USR_0059,SES-40152,GRANT,TABLE,customers,,,48,true,Metabase,VPN
DBE_000069,2026-01-14T19:18:05,POSTGRES_DEMO,USR_0023,SES-65149,SELECT,TABLE,drivers,XANH_TRIP_8261,VF8VNF_0058,3382,true,DBeaver,CORP_NET
DBE_000070,2026-01-14T10:23:21,POSTGRES_DEMO,USR_0059,SES-86402,UPDATE,TABLE,customers,XANH_TRIP_3459,VF8VNF_0037,37,true,DBeaver,CORP_NET
DBE_000071,2026-01-08T22:55:10,POSTGRES_DEMO,USR_0035,SES-23800,SELECT,TABLE,drivers,XANH_TRIP_3111,VF8VNF_0059,3903,true,Metabase,VPN
DBE_000072,2026-01-12T14:08:48,POSTGRES_DEMO,USR_0019,SES-18267,SELECT,TABLE,user_privileges,,,2186,true,psql,CORP_NET
DBE_000073,2026-01-14T22:21:25,POSTGRES_DEMO,USR_0031,SES-35203,GRANT,TABLE,customers,,,50,true,Airflow,CORP_NET
DBE_000074,2026-01-04T06:52:37,POSTGRES_DEMO,USR_0029,SES-90725,UPDATE,TABLE,trips,XANH_TRIP_6087,,4,true,Metabase,UNKNOWN
DBE_000075,2026-01-11T19:15:13,POSTGRES_DEMO,USR_0010,SES-30483,GRANT,TABLE,customers,,,7,true,Airflow,CORP_NET
DBE_000076,2026-01-04T00:32:59,POSTGRES_DEMO,USR_0001,SES-76082,GRANT,TABLE,trips,,,2,true,psql,CORP_NET
DBE_000077,2026-01-01T17:31:43,POSTGRES_DEMO,USR_0026,SES-96517,SELECT,TABLE,customers,,,916,true,DataTrustOS,UNKNOWN
DBE_000078,2026-01-01T19:01:09,POSTGRES_DEMO,USR_0025,SES-86474,SELECT,TABLE,user_privileges,,,1041,true,Airflow,VPN
DBE_000079,2026-01-05T22:12:38,POSTGRES_DEMO,USR_0005,SES-20501,REVOKE,TABLE,drivers,,,47,true,Metabase,UNKNOWN
DBE_000080,2026-01-15T05:11:46,POSTGRES_DEMO,USR_0040,SES-57534,SELECT,TABLE,customers,XANH_TRIP_2117,VF8VNF_0040,4968,true,DBeaver,VPN
DBE_000081,2026-01-03T16:43:53,POSTGRES_DEMO,USR_0017,SES-91504,GRANT,TABLE,trips,,,50,false,psql,CORP_NET
DBE_000082,2026-01-11T11:02:27,POSTGRES_DEMO,USR_0032,SES-33241,UPDATE,TABLE,customers,XANH_TRIP_7440,,23,true,Metabase,UNKNOWN
DBE_000083,2026-01-09T08:11:43,POSTGRES_DEMO,USR_0024,SES-11398,GRANT,TABLE,user_privileges,,,49,true,Airflow,CORP_NET
DBE_000084,2026-01-05T14:01:51,POSTGRES_DEMO,USR_0017,SES-30623,UPDATE,TABLE,trips,XANH_TRIP_4658,VF8VNF_0050,21,true,psql,VPN
DBE_000085,2026-01-11T15:38:11,POSTGRES_DEMO,USR_0048,SES-14481,EXPORT,TABLE,user_privileges,XANH_TRIP_4706,VF8VNF_0005,3416,true,DataTrustOS,CORP_NET
DBE_000086,2026-01-10T05:41:07,POSTGRES_DEMO,USR_0014,SES-21262,EXPORT,TABLE,user_privileges,XANH_TRIP_0356,,3569,true,DataTrustOS,UNKNOWN
DBE_000087,2026-01-07T00:17:59,POSTGRES_DEMO,USR_0025,SES-34631,REVOKE,TABLE,user_privileges,,,30,true,Airflow,CORP_NET
DBE_000088,2026-01-09T03:27:17,POSTGRES_DEMO,USR_0054,SES-11690,SELECT,TABLE,trips,,,3203,true,Airflow,VPN
DBE_000089,2026-01-04T15:42:03,POSTGRES_DEMO,USR_0002,SES-62161,EXPORT,TABLE,trips,XANH_TRIP_2072,VF8VNF_0054,4707,true,Metabase,VPN
DBE_000090,2026-01-12T05:26:26,POSTGRES_DEMO,USR_0011,SES-74230,GRANT,TABLE,user_privileges,,,50,true,DataTrustOS,UNKNOWN
DBE_000091,2026-01-13T01:51:31,POSTGRES_DEMO,USR_0060,SES-23918,UPDATE,TABLE,drivers,XANH_TRIP_3554,,30,true,DBeaver,UNKNOWN
DBE_000092,2026-01-05T02:59:06,POSTGRES_DEMO,USR_0001,SES-60465,SELECT,TABLE,drivers,XANH_TRIP_6645,,1025,true,DataTrustOS,VPN
DBE_000093,2026-01-03T21:21:16,POSTGRES_DEMO,USR_0002,SES-97915,UPDATE,TABLE,trips,XANH_TRIP_1817,,29,true,DataTrustOS,CORP_NET
DBE_000094,2026-01-06T02:45:04,POSTGRES_DEMO,USR_0013,SES-44248,SELECT,TABLE,drivers,XANH_TRIP_7376,VF8VNF_0017,1343,true,psql,VPN
DBE_000095,2026-01-05T13:12:40,POSTGRES_DEMO,USR_0020,SES-40028,SELECT,TABLE,user_privileges,XANH_TRIP_6092,,1895,true,Airflow,CORP_NET
DBE_000096,2026-01-05T23:40:59,POSTGRES_DEMO,USR_0014,SES-71509,SELECT,TABLE,user_privileges,XANH_TRIP_0402,,3793,true,DataTrustOS,CORP_NET
DBE_000097,2026-01-14T04:49:59,POSTGRES_DEMO,USR_0028,SES-24985,GRANT,TABLE,trips,,,43,true,DBeaver,UNKNOWN
DBE_000098,2026-01-13T05:53:07,POSTGRES_DEMO,USR_0059,SES-98766,REVOKE,TABLE,user_privileges,,,41,true,Airflow,CORP_NET
DBE_000099,2026-01-10T08:24:11,POSTGRES_DEMO,USR_0007,SES-56850,REVOKE,TABLE,trips,,,12,true,psql,VPN
DBE_000100,2026-01-03T20:04:18,POSTGRES_DEMO,USR_0003,SES-84063,SELECT,TABLE,user_privileges,XANH_TRIP_4488,VF8VNF_0006,4354,true,DBeaver,CORP_NET
DBE_000101,2026-01-03T13:23:14,POSTGRES_DEMO,USR_0033,SES-77521,UPDATE,TABLE,drivers,XANH_TRIP_4581,VF8VNF_0018,21,true,Metabase,CORP_NET
DBE_000102,2026-01-02T16:17:32,POSTGRES_DEMO,USR_0014,SES-65908,GRANT,TABLE,drivers,,,9,true,DataTrustOS,UNKNOWN
DBE_000103,2026-01-02T23:40:25,POSTGRES_DEMO,USR_0012,SES-48169,SELECT,TABLE,drivers,XANH_TRIP_9809,,816,true,DBeaver,UNKNOWN
DBE_000104,2026-01-08T17:57:15,POSTGRES_DEMO,USR_0056,SES-14415,REVOKE,TABLE,drivers,,,40,true,Airflow,CORP_NET
DBE_000105,2026-01-04T12:58:44,POSTGRES_DEMO,USR_0054,SES-78422,SELECT,TABLE,user_privileges,,,3118,true,Metabase,VPN
DBE_000106,2026-01-13T11:57:12,POSTGRES_DEMO,USR_0035,SES-11877,SELECT,TABLE,user_privileges,XANH_TRIP_10117,VF8VNF_0046,1343,true,DBeaver,UNKNOWN
DBE_000107,2026-01-10T23:24:25,POSTGRES_DEMO,USR_0007,SES-33893,UPDATE,TABLE,customers,,,32,true,DBeaver,VPN
DBE_000108,2026-01-07T21:18:06,POSTGRES_DEMO,USR_0029,SES-21309,SELECT,TABLE,drivers,XANH_TRIP_4561,VF8VNF_0024,2008,true,Metabase,VPN
DBE_000109,2026-01-12T10:19:04,POSTGRES_DEMO,USR_0049,SES-67164,GRANT,TABLE,drivers,,,26,true,Metabase,CORP_NET
DBE_000110,2026-01-02T05:07:39,POSTGRES_DEMO,USR_0020,SES-84635,REVOKE,TABLE,trips,,,32,true,psql,UNKNOWN
DBE_000111,2026-01-01T16:55:41,POSTGRES_DEMO,USR_0014,SES-93375,UPDATE,TABLE,drivers,,,39,true,psql,VPN
DBE_000112,2026-01-03T01:01:11,POSTGRES_DEMO,USR_0013,SES-85090,SELECT,TABLE,customers,XANH_TRIP_3156,,2877,true,DBeaver,UNKNOWN
DBE_000113,2026-01-09T08:28:11,POSTGRES_DEMO,USR_0058,SES-12418,GRANT,TABLE,drivers,,,24,true,DataTrustOS,VPN
DBE_000114,2026-01-06T05:48:38,POSTGRES_DEMO,USR_0012,SES-47441,SELECT,TABLE,user_privileges,XANH_TRIP_3010,VF8VNF_0013,4176,true,psql,CORP_NET
DBE_000115,2026-01-07T06:47:45,POSTGRES_DEMO,USR_0029,SES-48837,SELECT,TABLE,trips,XANH_TRIP_4954,VF8VNF_0050,2179,true,DataTrustOS,VPN
DBE_000116,2026-01-04T06:25:10,POSTGRES_DEMO,USR_0037,SES-23586,EXPORT,TABLE,customers,XANH_TRIP_0676,VF8VNF_0044,4012,true,Metabase,VPN
DBE_000117,2026-01-07T13:52:39,POSTGRES_DEMO,USR_0020,SES-22985,GRANT,TABLE,drivers,,,24,true,psql,VPN
DBE_000118,2026-01-14T17:22:32,POSTGRES_DEMO,USR_0031,SES-95310,EXPORT,TABLE,drivers,XANH_TRIP_1284,,1948,true,DataTrustOS,UNKNOWN
DBE_000119,2026-01-01T10:06:35,POSTGRES_DEMO,USR_0024,SES-41386,SELECT,TABLE,trips,XANH_TRIP_2285,VF8VNF_0010,3069,true,psql,UNKNOWN
DBE_000120,2026-01-06T12:43:40,POSTGRES_DEMO,USR_0050,SES-41377,UPDATE,TABLE,drivers,XANH_TRIP_0206,VF8VNF_0011,8,true,DataTrustOS,VPN
DBE_000121,2026-01-01T21:03:25,POSTGRES_DEMO,USR_0029,SES-22058,SELECT,TABLE,drivers,,,4778,true,Metabase,CORP_NET
DBE_000122,2026-01-02T22:44:49,POSTGRES_DEMO,USR_0054,SES-28483,SELECT,TABLE,trips,XANH_TRIP_0043,,2677,true,psql,VPN
DBE_000123,2026-01-14T17:17:13,POSTGRES_DEMO,USR_0007,SES-20661,SELECT,TABLE,trips,XANH_TRIP_8452,VF8VNF_0009,1866,true,Metabase,UNKNOWN
DBE_000124,2026-01-11T19:50:07,POSTGRES_DEMO,USR_0025,SES-38268,SELECT,TABLE,trips,,,2010,true,Airflow,VPN
DBE_000125,2026-01-09T01:44:20,POSTGRES_DEMO,USR_0002,SES-14715,SELECT,TABLE,customers,XANH_TRIP_8448,VF8VNF_0027,729,true,DataTrustOS,CORP_NET
DBE_000126,2026-01-01T06:05:33,POSTGRES_DEMO,USR_0008,SES-23501,REVOKE,TABLE,trips,,,38,true,DBeaver,UNKNOWN
DBE_000127,2026-01-09T21:55:23,POSTGRES_DEMO,USR_0047,SES-38400,SELECT,TABLE,customers,,,2903,true,DBeaver,UNKNOWN
DBE_000128,2026-01-07T15:54:11,POSTGRES_DEMO,USR_0037,SES-82224,UPDATE,TABLE,customers,,,17,true,DBeaver,UNKNOWN
DBE_000129,2026-01-02T11:56:46,POSTGRES_DEMO,USR_0026,SES-49186,SELECT,TABLE,trips,XANH_TRIP_3213,VF8VNF_0039,3251,true,Metabase,VPN
DBE_000130,2026-01-05T22:53:41,POSTGRES_DEMO,USR_0037,SES-34690,GRANT,TABLE,drivers,,,48,true,Airflow,UNKNOWN
DBE_000131,2026-01-03T07:30:14,POSTGRES_DEMO,USR_0036,SES-78019,SELECT,TABLE,user_privileges,XANH_TRIP_8645,VF8VNF_0036,1391,true,Metabase,VPN
DBE_000132,2026-01-04T10:35:34,POSTGRES_DEMO,USR_0059,SES-99820,UPDATE,TABLE,trips,XANH_TRIP_7266,,23,true,Metabase,UNKNOWN
DBE_000133,2026-01-15T10:52:55,POSTGRES_DEMO,USR_0012,SES-51978,UPDATE,TABLE,trips,,,30,true,Metabase,UNKNOWN
DBE_000134,2026-01-05T22:40:36,POSTGRES_DEMO,USR_0001,SES-58576,UPDATE,TABLE,drivers,XANH_TRIP_1628,VF8VNF_0023,8,true,DBeaver,CORP_NET
DBE_000135,2026-01-04T05:55:20,POSTGRES_DEMO,USR_0031,SES-19080,SELECT,TABLE,user_privileges,,,1082,true,Airflow,VPN
DBE_000136,2026-01-07T18:54:11,POSTGRES_DEMO,USR_0017,SES-61701,SELECT,TABLE,user_privileges,XANH_TRIP_0745,VF8VNF_0028,4931,true,Metabase,UNKNOWN
DBE_000137,2026-01-05T20:31:59,POSTGRES_DEMO,USR_0032,SES-78161,SELECT,TABLE,drivers,XANH_TRIP_2337,VF8VNF_0047,1514,true,Metabase,CORP_NET
DBE_000138,2026-01-04T05:09:39,POSTGRES_DEMO,USR_0030,SES-96230,EXPORT,TABLE,trips,XANH_TRIP_5917,,2271,true,Metabase,UNKNOWN
DBE_000139,2026-01-04T01:46:43,POSTGRES_DEMO,USR_0036,SES-80034,EXPORT,TABLE,drivers,XANH_TRIP_9017,VF8VNF_0027,3468,true,Metabase,VPN
DBE_000140,2026-01-12T15:08:05,POSTGRES_DEMO,USR_0053,SES-85932,GRANT,TABLE,customers,,,22,true,DataTrustOS,UNKNOWN
DBE_000141,2026-01-06T05:04:21,POSTGRES_DEMO,USR_0032,SES-43033,UPDATE,TABLE,trips,XANH_TRIP_5927,VF8VNF_0051,48,true,DataTrustOS,VPN
DBE_000142,2026-01-02T15:41:50,POSTGRES_DEMO,USR_0020,SES-30814,EXPORT,TABLE,drivers,XANH_TRIP_4851,,275,true,DataTrustOS,CORP_NET
DBE_000143,2026-01-01T11:48:17,POSTGRES_DEMO,USR_0019,SES-39913,UPDATE,TABLE,trips,XANH_TRIP_1589,,11,true,Airflow,VPN
DBE_000144,2026-01-06T20:28:47,POSTGRES_DEMO,USR_0052,SES-43707,SELECT,TABLE,drivers,,,3088,true,DBeaver,VPN
DBE_000145,2026-01-04T12:34:40,POSTGRES_DEMO,USR_0013,SES-29335,SELECT,TABLE,drivers,,,2162,true,Metabase,CORP_NET
DBE_000146,2026-01-09T23:02:45,POSTGRES_DEMO,USR_0056,SES-45359,UPDATE,TABLE,customers,XANH_TRIP_8610,VF8VNF_0011,30,true,Airflow,VPN
DBE_000147,2026-01-09T05:23:29,POSTGRES_DEMO,USR_0040,SES-81012,SELECT,TABLE,trips,XANH_TRIP_0997,VF8VNF_0057,480,true,DBeaver,CORP_NET
DBE_000148,2026-01-11T05:53:49,POSTGRES_DEMO,USR_0051,SES-84644,GRANT,TABLE,customers,,,34,true,DBeaver,UNKNOWN
DBE_000149,2026-01-02T18:34:46,POSTGRES_DEMO,USR_0028,SES-59247,SELECT,TABLE,trips,XANH_TRIP_3976,VF8VNF_0010,4947,true,DBeaver,VPN
DBE_000150,2026-01-15T02:58:16,POSTGRES_DEMO,USR_0011,SES-83150,REVOKE,TABLE,drivers,,,5,true,psql,CORP_NET
DBE_000151,2026-01-15T15:50:10,POSTGRES_DEMO,USR_0010,SES-76863,EXPORT,TABLE,drivers,XANH_TRIP_10185,VF8VNF_0016,4196,true,psql,UNKNOWN
DBE_000152,2026-01-13T22:46:20,POSTGRES_DEMO,USR_0039,SES-19809,EXPORT,TABLE,drivers,,,1580,true,psql,VPN
DBE_000153,2026-01-03T20:36:50,POSTGRES_DEMO,USR_0041,SES-35376,SELECT,TABLE,drivers,XANH_TRIP_5038,,1725,true,DataTrustOS,VPN
DBE_000154,2026-01-07T01:41:48,POSTGRES_DEMO,USR_0016,SES-58399,GRANT,TABLE,user_privileges,,,22,true,psql,VPN
DBE_000155,2026-01-01T08:00:49,POSTGRES_DEMO,USR_0055,SES-87409,SELECT,TABLE,customers,,,2293,true,DataTrustOS,UNKNOWN
DBE_000156,2026-01-06T22:50:16,POSTGRES_DEMO,USR_0002,SES-47767,EXPORT,TABLE,trips,XANH_TRIP_8277,VF8VNF_0060,4238,true,Airflow,UNKNOWN
DBE_000157,2026-01-09T10:12:22,POSTGRES_DEMO,USR_0045,SES-68487,UPDATE,TABLE,trips,XANH_TRIP_2057,,50,true,psql,UNKNOWN
DBE_000158,2026-01-13T09:49:27,POSTGRES_DEMO,USR_0021,SES-21113,UPDATE,TABLE,trips,XANH_TRIP_0769,,7,true,DataTrustOS,VPN
DBE_000159,2026-01-12T21:34:07,POSTGRES_DEMO,USR_0040,SES-35071,SELECT,TABLE,trips,,,3633,true,psql,VPN
DBE_000160,2026-01-15T15:47:56,POSTGRES_DEMO,USR_0003,SES-71291,SELECT,TABLE,customers,XANH_TRIP_6731,VF8VNF_0054,1339,true,DataTrustOS,CORP_NET
DBE_000161,2026-01-04T13:06:26,POSTGRES_DEMO,USR_0017,SES-99066,SELECT,TABLE,drivers,XANH_TRIP_2885,,1479,true,Metabase,UNKNOWN
DBE_000162,2026-01-02T13:29:00,POSTGRES_DEMO,USR_0055,SES-49268,SELECT,TABLE,drivers,,,2549,true,Metabase,VPN
DBE_000163,2026-01-04T11:58:35,POSTGRES_DEMO,USR_0059,SES-89243,EXPORT,TABLE,drivers,XANH_TRIP_6214,VF8VNF_0036,1666,true,psql,UNKNOWN
DBE_000164,2026-01-13T22:57:19,POSTGRES_DEMO,USR_0019,SES-87713,EXPORT,TABLE,trips,XANH_TRIP_6627,VF8VNF_0035,3832,true,Airflow,VPN
DBE_000165,2026-01-06T11:26:04,POSTGRES_DEMO,USR_0005,SES-81754,REVOKE,TABLE,user_privileges,,,5,true,DBeaver,CORP_NET
DBE_000166,2026-01-01T13:47:29,POSTGRES_DEMO,USR_0043,SES-36494,GRANT,TABLE,user_privileges,,,15,true,Metabase,UNKNOWN
DBE_000167,2026-01-14T11:22:24,POSTGRES_DEMO,USR_0046,SES-74314,REVOKE,TABLE,trips,,,14,true,Metabase,UNKNOWN
DBE_000168,2026-01-08T10:47:20,POSTGRES_DEMO,USR_0052,SES-48439,EXPORT,TABLE,user_privileges,,,3499,true,DataTrustOS,VPN
DBE_000169,2026-01-11T12:36:01,POSTGRES_DEMO,USR_0025,SES-56866,SELECT,TABLE,user_privileges,,,3146,true,DataTrustOS,CORP_NET
DBE_000170,2026-01-05T04:06:55,POSTGRES_DEMO,USR_0010,SES-29499,SELECT,TABLE,user_privileges,XANH_TRIP_9493,,3046,true,psql,CORP_NET
DBE_000171,2026-01-10T10:14:44,POSTGRES_DEMO,USR_0039,SES-52939,UPDATE,TABLE,user_privileges,,,33,true,Metabase,VPN
DBE_000172,2026-01-12T18:40:12,POSTGRES_DEMO,USR_0046,SES-45844,SELECT,TABLE,trips,XANH_TRIP_3573,VF8VNF_0041,3198,true,psql,UNKNOWN
DBE_000173,2026-01-14T09:12:17,POSTGRES_DEMO,USR_0014,SES-62421,SELECT,TABLE,trips,,,4678,true,Airflow,VPN
DBE_000174,2026-01-06T22:19:11,POSTGRES_DEMO,USR_0010,SES-26519,REVOKE,TABLE,trips,,,11,true,DBeaver,VPN
DBE_000175,2026-01-04T22:57:45,POSTGRES_DEMO,USR_0035,SES-52898,EXPORT,TABLE,user_privileges,XANH_TRIP_2680,,1851,true,Airflow,CORP_NET
DBE_000176,2026-01-02T04:25:04,POSTGRES_DEMO,USR_0046,SES-44898,UPDATE,TABLE,customers,XANH_TRIP_8546,,1,true,psql,CORP_NET
DBE_000177,2026-01-15T04:14:48,POSTGRES_DEMO,USR_0033,SES-66645,UPDATE,TABLE,drivers,XANH_TRIP_5783,VF8VNF_0032,35,true,DBeaver,UNKNOWN
DBE_000178,2026-01-10T17:55:53,POSTGRES_DEMO,USR_0024,SES-55157,SELECT,TABLE,user_privileges,XANH_TRIP_7160,,1175,true,DBeaver,VPN
DBE_000179,2026-01-14T13:07:11,POSTGRES_DEMO,USR_0031,SES-76025,UPDATE,TABLE,trips,XANH_TRIP_6550,,17,true,Metabase,UNKNOWN
DBE_000180,2026-01-11T18:54:23,POSTGRES_DEMO,USR_0004,SES-48752,SELECT,TABLE,drivers,,,4502,true,DataTrustOS,CORP_NET
DBE_000181,2026-01-14T08:31:39,POSTGRES_DEMO,USR_0003,SES-88155,UPDATE,TABLE,trips,XANH_TRIP_2514,VF8VNF_0048,21,true,DataTrustOS,CORP_NET
DBE_000182,2026-01-11T17:55:04,POSTGRES_DEMO,USR_0052,SES-73213,SELECT,TABLE,trips,,,1896,true,psql,UNKNOWN
DBE_000183,2026-01-07T02:32:14,POSTGRES_DEMO,USR_0013,SES-30351,GRANT,TABLE,drivers,,,11,true,DBeaver,VPN
DBE_000184,2026-01-09T19:53:42,POSTGRES_DEMO,USR_0028,SES-74791,SELECT,TABLE,drivers,XANH_TRIP_8818,VF8VNF_0057,1429,true,DataTrustOS,VPN
DBE_000185,2026-01-10T08:51:40,POSTGRES_DEMO,USR_0011,SES-47537,EXPORT,TABLE,drivers,,,982,true,DBeaver,CORP_NET
DBE_000186,2026-01-10T14:47:23,POSTGRES_DEMO,USR_0011,SES-43529,SELECT,TABLE,user_privileges,,,188,true,Metabase,UNKNOWN
DBE_000187,2026-01-12T09:17:53,POSTGRES_DEMO,USR_0015,SES-36893,GRANT,TABLE,customers,,,23,true,Metabase,UNKNOWN
DBE_000188,2026-01-08T21:04:08,POSTGRES_DEMO,USR_0007,SES-88941,REVOKE,TABLE,drivers,,,15,true,psql,UNKNOWN
DBE_000189,2026-01-02T16:35:23,POSTGRES_DEMO,USR_0013,SES-36335,SELECT,TABLE,trips,XANH_TRIP_7311,VF8VNF_0034,4183,true,Airflow,UNKNOWN
DBE_000190,2026-01-13T17:41:36,POSTGRES_DEMO,USR_0059,SES-78575,GRANT,TABLE,user_privileges,,,10,true,DataTrustOS,CORP_NET
DBE_000191,2026-01-05T18:15:08,POSTGRES_DEMO,USR_0043,SES-22513,REVOKE,TABLE,trips,,,43,true,DataTrustOS,CORP_NET
DBE_000192,2026-01-13T20:57:52,POSTGRES_DEMO,USR_0037,SES-48380,EXPORT,TABLE,trips,,,502,true,DBeaver,VPN
DBE_000193,2026-01-01T11:10:26,POSTGRES_DEMO,USR_0038,SES-86847,SELECT,TABLE,user_privileges,XANH_TRIP_2089,,4300,true,DataTrustOS,CORP_NET
DBE_000194,2026-01-09T10:12:15,POSTGRES_DEMO,USR_0057,SES-72043,SELECT,TABLE,drivers,,,4252,true,DataTrustOS,VPN
DBE_000195,2026-01-07T11:28:26,POSTGRES_DEMO,USR_0052,SES-82074,SELECT,TABLE,drivers,XANH_TRIP_6882,VF8VNF_0060,1404,true,psql,CORP_NET
DBE_000196,2026-01-05T20:36:32,POSTGRES_DEMO,USR_0057,SES-38443,EXPORT,TABLE,user_privileges,,,496,true,DBeaver,UNKNOWN
DBE_000197,2026-01-08T21:34:58,POSTGRES_DEMO,USR_0029,SES-11427,SELECT,TABLE,customers,,,3705,true,psql,CORP_NET
DBE_000198,2026-01-13T14:14:13,POSTGRES_DEMO,USR_0034,SES-91845,SELECT,TABLE,user_privileges,,,4333,true,Airflow,UNKNOWN
DBE_000199,2026-01-08T01:05:13,POSTGRES_DEMO,USR_0041,SES-11740,UPDATE,TABLE,drivers,XANH_TRIP_9876,VF8VNF_0001,13,true,DBeaver,CORP_NET
DBE_000200,2026-01-11T20:37:47,POSTGRES_DEMO,USR_0036,SES-93895,GRANT,TABLE,trips,,,48,true,DBeaver,CORP_NET
DBE_000201,2026-01-15T15:34:56,POSTGRES_DEMO,USR_0008,SES-57266,REVOKE,TABLE,customers,,,32,true,Metabase,UNKNOWN
DBE_000202,2026-01-07T03:13:45,POSTGRES_DEMO,USR_0029,SES-86738,UPDATE,TABLE,trips,XANH_TRIP_1522,VF8VNF_0050,34,true,Airflow,CORP_NET
DBE_000203,2026-01-14T13:07:38,POSTGRES_DEMO,USR_0008,SES-10522,EXPORT,TABLE,trips,,,3497,true,Airflow,CORP_NET
DBE_000204,2026-01-15T02:31:01,POSTGRES_DEMO,USR_0019,SES-29369,GRANT,TABLE,user_privileges,,,24,true,DataTrustOS,UNKNOWN
DBE_000205,2026-01-03T22:34:39,POSTGRES_DEMO,USR_0049,SES-44195,SELECT,TABLE,customers,XANH_TRIP_3830,VF8VNF_0021,3603,true,Airflow,VPN
DBE_000206,2026-01-10T22:46:01,POSTGRES_DEMO,USR_0005,SES-37608,SELECT,TABLE,customers,XANH_TRIP_5718,,4850,false,psql,VPN
DBE_000207,2026-01-12T17:09:19,POSTGRES_DEMO,USR_0017,SES-18904,SELECT,TABLE,trips,,,2606,true,DataTrustOS,UNKNOWN
DBE_000208,2026-01-14T13:20:52,POSTGRES_DEMO,USR_0029,SES-48065,EXPORT,TABLE,customers,XANH_TRIP_2325,VF8VNF_0018,2767,true,Metabase,VPN
DBE_000209,2026-01-02T20:29:42,POSTGRES_DEMO,USR_0002,SES-68217,GRANT,TABLE,customers,,,40,true,DataTrustOS,CORP_NET
DBE_000210,2026-01-11T07:08:16,POSTGRES_DEMO,USR_0052,SES-87417,SELECT,TABLE,customers,XANH_TRIP_7113,,4038,true,DBeaver,CORP_NET
DBE_000211,2026-01-09T03:31:24,POSTGRES_DEMO,USR_0003,SES-49080,REVOKE,TABLE,drivers,,,45,true,psql,UNKNOWN
DBE_000212,2026-01-01T15:47:00,POSTGRES_DEMO,USR_0024,SES-71826,EXPORT,TABLE,user_privileges,XANH_TRIP_6094,,2798,false,Airflow,CORP_NET
DBE_000213,2026-01-07T03:46:08,POSTGRES_DEMO,USR_0036,SES-78170,REVOKE,TABLE,trips,,,4,true,psql,CORP_NET
DBE_000214,2026-01-04T04:14:45,POSTGRES_DEMO,USR_0015,SES-82365,REVOKE,TABLE,user_privileges,,,47,true,DBeaver,UNKNOWN
DBE_000215,2026-01-09T15:09:44,POSTGRES_DEMO,USR_0035,SES-95151,EXPORT,TABLE,trips,XANH_TRIP_1899,VF8VNF_0032,4736,true,Airflow,UNKNOWN
DBE_000216,2026-01-03T21:48:13,POSTGRES_DEMO,USR_0021,SES-56147,SELECT,TABLE,user_privileges,XANH_TRIP_8832,,3446,true,Metabase,CORP_NET
DBE_000217,2026-01-13T16:56:55,POSTGRES_DEMO,USR_0008,SES-52633,EXPORT,TABLE,user_privileges,XANH_TRIP_2955,VF8VNF_0030,4523,true,Metabase,CORP_NET
DBE_000218,2026-01-13T15:38:50,POSTGRES_DEMO,USR_0032,SES-51422,EXPORT,TABLE,user_privileges,XANH_TRIP_6265,,2077,true,psql,CORP_NET
DBE_000219,2026-01-01T13:24:03,POSTGRES_DEMO,USR_0022,SES-54779,UPDATE,TABLE,trips,XANH_TRIP_0289,VF8VNF_0058,33,true,DataTrustOS,CORP_NET
DBE_000220,2026-01-10T17:55:26,POSTGRES_DEMO,USR_0046,SES-74601,REVOKE,TABLE,customers,,,45,true,DataTrustOS,UNKNOWN
DBE_000221,2026-01-13T13:25:10,POSTGRES_DEMO,USR_0010,SES-26702,GRANT,TABLE,customers,,,35,true,Airflow,VPN
DBE_000222,2026-01-11T19:20:38,POSTGRES_DEMO,USR_0021,SES-83461,EXPORT,TABLE,user_privileges,XANH_TRIP_1421,VF8VNF_0010,411,true,Metabase,UNKNOWN
DBE_000223,2026-01-06T20:00:39,POSTGRES_DEMO,USR_0008,SES-35895,SELECT,TABLE,trips,XANH_TRIP_3663,,3125,true,Metabase,VPN
DBE_000224,2026-01-11T00:57:15,POSTGRES_DEMO,USR_0060,SES-26931,UPDATE,TABLE,drivers,XANH_TRIP_6803,VF8VNF_0016,2,true,DBeaver,VPN
DBE_000225,2026-01-04T17:06:17,POSTGRES_DEMO,USR_0031,SES-46133,SELECT,TABLE,drivers,XANH_TRIP_5990,,4405,true,psql,VPN
DBE_000226,2026-01-11T17:24:15,POSTGRES_DEMO,USR_0021,SES-71403,SELECT,TABLE,user_privileges,XANH_TRIP_0221,,4344,true,DBeaver,UNKNOWN
DBE_000227,2026-01-05T21:20:14,POSTGRES_DEMO,USR_0034,SES-74823,SELECT,TABLE,trips,,,3166,true,Airflow,UNKNOWN
DBE_000228,2026-01-09T11:40:58,POSTGRES_DEMO,USR_0022,SES-66141,GRANT,TABLE,customers,,,12,true,DBeaver,VPN
DBE_000229,2026-01-02T07:00:57,POSTGRES_DEMO,USR_0004,SES-49155,SELECT,TABLE,customers,XANH_TRIP_2512,VF8VNF_0031,801,true,DBeaver,UNKNOWN
DBE_000230,2026-01-07T11:33:01,POSTGRES_DEMO,USR_0031,SES-36095,REVOKE,TABLE,trips,,,39,true,Airflow,VPN
DBE_000231,2026-01-09T06:14:20,POSTGRES_DEMO,USR_0023,SES-46381,SELECT,TABLE,trips,XANH_TRIP_6148,VF8VNF_0007,4723,true,DataTrustOS,VPN
DBE_000232,2026-01-08T14:02:21,POSTGRES_DEMO,USR_0036,SES-70919,SELECT,TABLE,customers,,,1860,true,Metabase,UNKNOWN
DBE_000233,2026-01-01T13:33:18,POSTGRES_DEMO,USR_0039,SES-20711,REVOKE,TABLE,trips,,,42,true,DBeaver,VPN
DBE_000234,2026-01-03T13:43:07,POSTGRES_DEMO,USR_0020,SES-67332,GRANT,TABLE,drivers,,,12,true,DataTrustOS,VPN
DBE_000235,2026-01-10T14:16:16,POSTGRES_DEMO,USR_0051,SES-36461,EXPORT,TABLE,trips,XANH_TRIP_8258,,1756,true,psql,CORP_NET
DBE_000236,2026-01-12T08:43:58,POSTGRES_DEMO,USR_0049,SES-64517,SELECT,TABLE,drivers,,,519,true,Metabase,VPN
DBE_000237,2026-01-03T08:02:35,POSTGRES_DEMO,USR_0001,SES-37655,GRANT,TABLE,trips,,,5,true,DataTrustOS,VPN
DBE_000238,2026-01-04T15:39:01,POSTGRES_DEMO,USR_0017,SES-12363,SELECT,TABLE,user_privileges,XANH_TRIP_7839,,3868,true,Airflow,VPN
DBE_000239,2026-01-06T09:46:27,POSTGRES_DEMO,USR_0003,SES-50491,SELECT,TABLE,drivers,XANH_TRIP_2309,VF8VNF_0030,3137,true,DBeaver,UNKNOWN
DBE_000240,2026-01-05T16:34:20,POSTGRES_DEMO,USR_0036,SES-70134,SELECT,TABLE,user_privileges,XANH_TRIP_3772,,1486,true,Metabase,CORP_NET
DBE_000241,2026-01-04T14:18:28,POSTGRES_DEMO,USR_0016,SES-24273,GRANT,TABLE,drivers,,,31,true,DataTrustOS,CORP_NET
DBE_000242,2026-01-06T18:03:33,POSTGRES_DEMO,USR_0034,SES-14778,GRANT,TABLE,trips,,,8,true,Metabase,VPN
DBE_000243,2026-01-15T11:55:35,POSTGRES_DEMO,USR_0002,SES-87768,REVOKE,TABLE,customers,,,22,true,Airflow,VPN
DBE_000244,2026-01-07T15:06:33,POSTGRES_DEMO,USR_0015,SES-57696,EXPORT,TABLE,customers,XANH_TRIP_3304,,4840,true,psql,UNKNOWN
DBE_000245,2026-01-11T05:15:27,POSTGRES_DEMO,USR_0038,SES-45683,SELECT,TABLE,trips,XANH_TRIP_1168,,2496,true,DBeaver,CORP_NET
DBE_000246,2026-01-10T12:00:07,POSTGRES_DEMO,USR_0019,SES-90335,SELECT,TABLE,drivers,XANH_TRIP_0581,VF8VNF_0030,3667,true,DBeaver,VPN
DBE_000247,2026-01-05T15:14:18,POSTGRES_DEMO,USR_0005,SES-31577,SELECT,TABLE,customers,XANH_TRIP_10093,VF8VNF_0029,3696,true,Airflow,UNKNOWN
DBE_000248,2026-01-04T04:58:48,POSTGRES_DEMO,USR_0001,SES-50963,SELECT,TABLE,drivers,XANH_TRIP_10288,VF8VNF_0032,2862,true,psql,VPN
DBE_000249,2026-01-05T06:50:30,POSTGRES_DEMO,USR_0024,SES-62418,EXPORT,TABLE,customers,XANH_TRIP_8529,,2193,true,psql,VPN
DBE_000250,2026-01-11T18:16:38,POSTGRES_DEMO,USR_0052,SES-19449,EXPORT,TABLE,trips,XANH_TRIP_6820,,2073,true,DataTrustOS,UNKNOWN
DBE_000251,2026-01-15T01:56:24,POSTGRES_DEMO,USR_0034,SES-72686,REVOKE,TABLE,customers,,,12,true,Metabase,UNKNOWN
DBE_000252,2026-01-06T06:35:12,POSTGRES_DEMO,USR_0019,SES-52753,SELECT,TABLE,user_privileges,XANH_TRIP_6559,,1378,false,Metabase,UNKNOWN
DBE_000253,2026-01-02T19:32:20,POSTGRES_DEMO,USR_0012,SES-87599,SELECT,TABLE,user_privileges,,,640,true,DBeaver,VPN
DBE_000254,2026-01-02T02:01:27,POSTGRES_DEMO,USR_0052,SES-80398,SELECT,TABLE,trips,XANH_TRIP_5848,VF8VNF_0046,2185,true,DataTrustOS,CORP_NET
DBE_000255,2026-01-09T05:39:55,POSTGRES_DEMO,USR_0060,SES-65331,REVOKE,TABLE,customers,,,39,true,DBeaver,UNKNOWN
DBE_000256,2026-01-06T06:28:33,POSTGRES_DEMO,USR_0038,SES-31805,SELECT,TABLE,drivers,XANH_TRIP_9593,VF8VNF_0032,679,true,Metabase,CORP_NET
DBE_000257,2026-01-15T09:26:11,POSTGRES_DEMO,USR_0059,SES-41405,REVOKE,TABLE,customers,,,10,true,psql,VPN
DBE_000258,2026-01-08T12:10:46,POSTGRES_DEMO,USR_0003,SES-99084,REVOKE,TABLE,trips,,,3,true,Airflow,UNKNOWN
DBE_000259,2026-01-10T12:27:22,POSTGRES_DEMO,USR_0042,SES-81931,SELECT,TABLE,customers,XANH_TRIP_4890,,4049,true,DataTrustOS,CORP_NET
DBE_000260,2026-01-10T10:12:55,POSTGRES_DEMO,USR_0043,SES-25913,EXPORT,TABLE,customers,XANH_TRIP_8120,VF8VNF_0047,4120,true,DataTrustOS,CORP_NET
DBE_000261,2026-01-10T20:52:28,POSTGRES_DEMO,USR_0024,SES-20974,REVOKE,TABLE,user_privileges,,,49,true,Metabase,UNKNOWN
DBE_000262,2026-01-10T23:35:05,POSTGRES_DEMO,USR_0053,SES-74131,GRANT,TABLE,customers,,,10,true,Metabase,UNKNOWN
DBE_000263,2026-01-03T01:15:37,POSTGRES_DEMO,USR_0033,SES-66235,EXPORT,TABLE,user_privileges,XANH_TRIP_8669,VF8VNF_0050,1651,true,Airflow,UNKNOWN
DBE_000264,2026-01-14T12:34:22,POSTGRES_DEMO,USR_0042,SES-73727,GRANT,TABLE,user_privileges,,,11,true,psql,CORP_NET
DBE_000265,2026-01-03T11:25:18,POSTGRES_DEMO,USR_0007,SES-21481,EXPORT,TABLE,user_privileges,,,4368,true,DataTrustOS,VPN
DBE_000266,2026-01-12T13:37:05,POSTGRES_DEMO,USR_0056,SES-76695,SELECT,TABLE,customers,XANH_TRIP_7946,,4327,true,psql,VPN
DBE_000267,2026-01-09T05:50:25,POSTGRES_DEMO,USR_0057,SES-22063,SELECT,TABLE,user_privileges,XANH_TRIP_7226,VF8VNF_0052,2123,true,DBeaver,UNKNOWN
DBE_000268,2026-01-01T09:01:29,POSTGRES_DEMO,USR_0040,SES-76016,REVOKE,TABLE,user_privileges,,,2,true,DataTrustOS,CORP_NET
DBE_000269,2026-01-13T11:37:21,POSTGRES_DEMO,USR_0039,SES-87034,GRANT,TABLE,drivers,,,37,true,Metabase,VPN
DBE_000270,2026-01-01T12:17:26,POSTGRES_DEMO,USR_0052,SES-89815,SELECT,TABLE,customers,XANH_TRIP_5686,VF8VNF_0030,1217,true,DBeaver,CORP_NET
DBE_000271,2026-01-10T23:02:30,POSTGRES_DEMO,USR_0049,SES-46331,GRANT,TABLE,user_privileges,,,3,true,DataTrustOS,CORP_NET
DBE_000272,2026-01-01T16:11:18,POSTGRES_DEMO,USR_0019,SES-28182,SELECT,TABLE,trips,XANH_TRIP_8443,VF8VNF_0013,2470,true,DBeaver,CORP_NET
DBE_000273,2026-01-06T00:35:09,POSTGRES_DEMO,USR_0041,SES-82891,EXPORT,TABLE,user_privileges,XANH_TRIP_1497,VF8VNF_0002,3502,true,DBeaver,UNKNOWN
DBE_000274,2026-01-15T07:52:34,POSTGRES_DEMO,USR_0045,SES-51584,SELECT,TABLE,drivers,,,2972,true,Airflow,CORP_NET
DBE_000275,2026-01-13T17:40:25,POSTGRES_DEMO,USR_0053,SES-39949,EXPORT,TABLE,trips,XANH_TRIP_4969,VF8VNF_0048,1584,true,Metabase,CORP_NET
DBE_000276,2026-01-12T15:34:05,POSTGRES_DEMO,USR_0034,SES-97164,REVOKE,TABLE,user_privileges,,,26,true,Metabase,CORP_NET
DBE_000277,2026-01-06T06:25:04,POSTGRES_DEMO,USR_0020,SES-43520,SELECT,TABLE,customers,XANH_TRIP_3426,,4661,true,psql,VPN
DBE_000278,2026-01-13T17:49:23,POSTGRES_DEMO,USR_0032,SES-75716,UPDATE,TABLE,drivers,XANH_TRIP_3852,,31,true,psql,CORP_NET
DBE_000279,2026-01-15T10:32:04,POSTGRES_DEMO,USR_0003,SES-96701,EXPORT,TABLE,trips,XANH_TRIP_2515,VF8VNF_0040,1467,true,DataTrustOS,VPN
DBE_000280,2026-01-11T07:32:01,POSTGRES_DEMO,USR_0003,SES-68258,REVOKE,TABLE,drivers,,,26,true,psql,VPN
DBE_000281,2026-01-06T07:42:51,POSTGRES_DEMO,USR_0033,SES-24939,SELECT,TABLE,trips,XANH_TRIP_0751,VF8VNF_0013,3508,true,psql,UNKNOWN
DBE_000282,2026-01-09T02:58:51,POSTGRES_DEMO,USR_0042,SES-76470,SELECT,TABLE,trips,XANH_TRIP_9099,,4788,false,Metabase,UNKNOWN
DBE_000283,2026-01-13T21:53:03,POSTGRES_DEMO,USR_0021,SES-91489,EXPORT,TABLE,user_privileges,,,1937,true,DataTrustOS,UNKNOWN
DBE_000284,2026-01-04T17:51:11,POSTGRES_DEMO,USR_0047,SES-62445,REVOKE,TABLE,drivers,,,19,true,DataTrustOS,UNKNOWN
DBE_000285,2026-01-03T11:14:56,POSTGRES_DEMO,USR_0034,SES-58442,EXPORT,TABLE,trips,,,4831,true,Metabase,VPN
DBE_000286,2026-01-08T15:37:28,POSTGRES_DEMO,USR_0051,SES-68621,SELECT,TABLE,drivers,XANH_TRIP_6966,,936,false,DataTrustOS,CORP_NET
DBE_000287,2026-01-03T22:36:42,POSTGRES_DEMO,USR_0012,SES-72314,GRANT,TABLE,customers,,,45,true,psql,UNKNOWN
DBE_000288,2026-01-02T01:31:45,POSTGRES_DEMO,USR_0030,SES-64881,EXPORT,TABLE,user_privileges,XANH_TRIP_3944,VF8VNF_0043,661,true,Airflow,UNKNOWN
DBE_000289,2026-01-12T11:15:17,POSTGRES_DEMO,USR_0011,SES-41616,SELECT,TABLE,user_privileges,XANH_TRIP_8745,VF8VNF_0030,1870,true,Metabase,UNKNOWN
DBE_000290,2026-01-08T07:31:41,POSTGRES_DEMO,USR_0010,SES-81354,SELECT,TABLE,trips,,,2746,true,DataTrustOS,VPN
DBE_000291,2026-01-08T23:27:25,POSTGRES_DEMO,USR_0011,SES-69202,SELECT,TABLE,customers,,,2977,true,psql,CORP_NET
DBE_000292,2026-01-07T00:36:28,POSTGRES_DEMO,USR_0043,SES-87318,GRANT,TABLE,customers,,,25,true,psql,CORP_NET
DBE_000293,2026-01-04T09:18:57,POSTGRES_DEMO,USR_0021,SES-58683,UPDATE,TABLE,trips,XANH_TRIP_4170,,28,true,Metabase,UNKNOWN
DBE_000294,2026-01-09T14:48:45,POSTGRES_DEMO,USR_0017,SES-35016,SELECT,TABLE,customers,XANH_TRIP_2946,VF8VNF_0041,4839,true,Metabase,CORP_NET
DBE_000295,2026-01-11T10:01:09,POSTGRES_DEMO,USR_0005,SES-65718,SELECT,TABLE,user_privileges,XANH_TRIP_5754,VF8VNF_0058,4392,true,Metabase,VPN
DBE_000296,2026-01-02T03:28:08,POSTGRES_DEMO,USR_0006,SES-99200,SELECT,TABLE,user_privileges,XANH_TRIP_3850,VF8VNF_0006,4285,true,Metabase,VPN
DBE_000297,2026-01-03T00:09:18,POSTGRES_DEMO,USR_0056,SES-82193,SELECT,TABLE,customers,XANH_TRIP_2945,,1227,true,DBeaver,UNKNOWN
DBE_000298,2026-01-08T23:13:17,POSTGRES_DEMO,USR_0008,SES-65547,EXPORT,TABLE,user_privileges,,,3166,true,DBeaver,VPN
DBE_000299,2026-01-14T18:05:55,POSTGRES_DEMO,USR_0024,SES-93184,EXPORT,TABLE,user_privileges,XANH_TRIP_8947,VF8VNF_0015,3766,true,Airflow,UNKNOWN
DBE_000300,2026-01-09T02:45:10,POSTGRES_DEMO,USR_0025,SES-38900,SELECT,TABLE,drivers,XANH_TRIP_7294,,640,true,Airflow,VPN
DBE_000301,2026-01-06T02:55:52,POSTGRES_DEMO,USR_0051,SES-61786,UPDATE,TABLE,drivers,XANH_TRIP_5002,,10,true,psql,VPN
DBE_000302,2026-01-04T16:24:26,POSTGRES_DEMO,USR_0019,SES-67977,SELECT,TABLE,trips,XANH_TRIP_2365,VF8VNF_0010,3797,true,psql,UNKNOWN
DBE_000303,2026-01-08T07:02:25,POSTGRES_DEMO,USR_0034,SES-83557,EXPORT,TABLE,drivers,XANH_TRIP_6942,VF8VNF_0009,2896,true,Metabase,UNKNOWN
DBE_000304,2026-01-14T00:56:04,POSTGRES_DEMO,USR_0048,SES-63073,REVOKE,TABLE,trips,,,25,true,DBeaver,VPN
DBE_000305,2026-01-08T18:42:36,POSTGRES_DEMO,USR_0019,SES-98837,UPDATE,TABLE,customers,XANH_TRIP_9284,VF8VNF_0005,35,true,DBeaver,VPN
DBE_000306,2026-01-02T23:37:20,POSTGRES_DEMO,USR_0056,SES-11305,SELECT,TABLE,customers,,,4273,true,DBeaver,VPN
DBE_000307,2026-01-09T19:00:57,POSTGRES_DEMO,USR_0060,SES-58869,GRANT,TABLE,customers,,,36,true,Airflow,UNKNOWN
DBE_000308,2026-01-03T17:19:29,POSTGRES_DEMO,USR_0048,SES-25567,SELECT,TABLE,user_privileges,XANH_TRIP_7879,VF8VNF_0056,170,true,DataTrustOS,VPN
DBE_000309,2026-01-03T00:40:20,POSTGRES_DEMO,USR_0019,SES-41704,EXPORT,TABLE,customers,,,4880,true,Metabase,CORP_NET
DBE_000310,2026-01-12T16:55:44,POSTGRES_DEMO,USR_0029,SES-92531,SELECT,TABLE,trips,,,3901,true,DataTrustOS,VPN
DBE_000311,2026-01-06T21:51:55,POSTGRES_DEMO,USR_0051,SES-17397,SELECT,TABLE,drivers,,,1602,true,DataTrustOS,UNKNOWN
DBE_000312,2026-01-12T07:18:22,POSTGRES_DEMO,USR_0038,SES-47226,SELECT,TABLE,drivers,XANH_TRIP_8649,,3297,true,DataTrustOS,VPN
DBE_000313,2026-01-05T18:14:41,POSTGRES_DEMO,USR_0019,SES-59296,GRANT,TABLE,user_privileges,,,2,true,Metabase,VPN
DBE_000314,2026-01-07T02:33:07,POSTGRES_DEMO,USR_0030,SES-48152,UPDATE,TABLE,trips,XANH_TRIP_0716,,25,true,DBeaver,CORP_NET
DBE_000315,2026-01-15T05:15:27,POSTGRES_DEMO,USR_0051,SES-78969,SELECT,TABLE,drivers,,,934,true,DBeaver,CORP_NET
DBE_000316,2026-01-03T05:45:54,POSTGRES_DEMO,USR_0007,SES-56708,SELECT,TABLE,user_privileges,,,3960,true,Airflow,UNKNOWN
DBE_000317,2026-01-12T13:25:40,POSTGRES_DEMO,USR_0043,SES-62333,GRANT,TABLE,customers,,,43,true,Airflow,VPN
DBE_000318,2026-01-14T03:31:55,POSTGRES_DEMO,USR_0004,SES-86959,SELECT,TABLE,trips,XANH_TRIP_4257,VF8VNF_0042,4593,true,DBeaver,CORP_NET
DBE_000319,2026-01-12T05:17:56,POSTGRES_DEMO,USR_0008,SES-17439,SELECT,TABLE,customers,,,1924,true,psql,UNKNOWN
DBE_000320,2026-01-10T22:57:23,POSTGRES_DEMO,USR_0023,SES-78749,SELECT,TABLE,drivers,,,1880,true,Airflow,UNKNOWN
DBE_000321,2026-01-01T22:31:30,POSTGRES_DEMO,USR_0013,SES-63878,SELECT,TABLE,drivers,XANH_TRIP_3027,,1194,true,Airflow,UNKNOWN
DBE_000322,2026-01-14T00:45:06,POSTGRES_DEMO,USR_0020,SES-63127,REVOKE,TABLE,user_privileges,,,50,true,DBeaver,CORP_NET
DBE_000323,2026-01-02T22:50:53,POSTGRES_DEMO,USR_0024,SES-66786,SELECT,TABLE,drivers,XANH_TRIP_8887,VF8VNF_0026,4210,true,DBeaver,VPN
DBE_000324,2026-01-03T03:08:43,POSTGRES_DEMO,USR_0015,SES-61963,SELECT,TABLE,customers,,,3756,true,Airflow,VPN
DBE_000325,2026-01-06T10:03:34,POSTGRES_DEMO,USR_0031,SES-77016,SELECT,TABLE,user_privileges,XANH_TRIP_0749,VF8VNF_0022,1229,true,Metabase,UNKNOWN
DBE_000326,2026-01-01T13:39:51,POSTGRES_DEMO,USR_0013,SES-57147,SELECT,TABLE,customers,XANH_TRIP_7019,VF8VNF_0028,2246,true,Airflow,UNKNOWN
DBE_000327,2026-01-03T23:12:14,POSTGRES_DEMO,USR_0054,SES-12581,SELECT,TABLE,customers,XANH_TRIP_2173,VF8VNF_0013,2580,true,psql,CORP_NET
DBE_000328,2026-01-02T22:32:13,POSTGRES_DEMO,USR_0032,SES-95340,REVOKE,TABLE,customers,,,16,true,Metabase,UNKNOWN
DBE_000329,2026-01-09T15:39:02,POSTGRES_DEMO,USR_0048,SES-60335,SELECT,TABLE,customers,XANH_TRIP_1966,VF8VNF_0047,670,true,DBeaver,UNKNOWN
DBE_000330,2026-01-14T03:31:43,POSTGRES_DEMO,USR_0054,SES-62122,REVOKE,TABLE,customers,,,50,true,DBeaver,UNKNOWN
DBE_000331,2026-01-14T09:22:59,POSTGRES_DEMO,USR_0020,SES-86391,UPDATE,TABLE,customers,XANH_TRIP_8693,VF8VNF_0041,20,true,Metabase,CORP_NET
DBE_000332,2026-01-03T00:23:52,POSTGRES_DEMO,USR_0019,SES-92080,UPDATE,TABLE,drivers,XANH_TRIP_7197,,15,true,DBeaver,CORP_NET
DBE_000333,2026-01-01T11:19:26,POSTGRES_DEMO,USR_0008,SES-56443,GRANT,TABLE,customers,,,9,true,Airflow,CORP_NET
DBE_000334,2026-01-13T12:17:07,POSTGRES_DEMO,USR_0023,SES-67894,EXPORT,TABLE,drivers,XANH_TRIP_4538,VF8VNF_0003,319,true,DBeaver,CORP_NET
DBE_000335,2026-01-04T08:38:11,POSTGRES_DEMO,USR_0040,SES-36897,SELECT,TABLE,drivers,XANH_TRIP_6600,,2490,true,Metabase,VPN
DBE_000336,2026-01-12T12:47:53,POSTGRES_DEMO,USR_0015,SES-73584,UPDATE,TABLE,trips,XANH_TRIP_3033,VF8VNF_0050,33,true,DBeaver,CORP_NET
DBE_000337,2026-01-09T23:27:17,POSTGRES_DEMO,USR_0011,SES-22974,GRANT,TABLE,customers,,,31,true,DataTrustOS,UNKNOWN
DBE_000338,2026-01-09T00:34:15,POSTGRES_DEMO,USR_0021,SES-69652,EXPORT,TABLE,user_privileges,XANH_TRIP_0154,VF8VNF_0019,1726,true,Metabase,VPN
DBE_000339,2026-01-15T15:24:46,POSTGRES_DEMO,USR_0045,SES-91096,EXPORT,TABLE,trips,XANH_TRIP_5206,,1238,true,DataTrustOS,VPN
DBE_000340,2026-01-01T18:19:19,POSTGRES_DEMO,USR_0006,SES-84962,UPDATE,TABLE,drivers,XANH_TRIP_3007,VF8VNF_0056,28,true,DataTrustOS,UNKNOWN
DBE_000341,2026-01-02T23:59:33,POSTGRES_DEMO,USR_0001,SES-53152,SELECT,TABLE,customers,XANH_TRIP_4232,,597,true,DBeaver,UNKNOWN
DBE_000342,2026-01-13T14:02:18,POSTGRES_DEMO,USR_0007,SES-86802,GRANT,TABLE,drivers,,,14,true,DataTrustOS,VPN
DBE_000343,2026-01-01T20:54:49,POSTGRES_DEMO,USR_0057,SES-77207,GRANT,TABLE,drivers,,,23,true,DBeaver,CORP_NET
DBE_000344,2026-01-06T12:29:29,POSTGRES_DEMO,USR_0051,SES-11121,SELECT,TABLE,drivers,XANH_TRIP_2973,,485,true,DataTrustOS,CORP_NET
DBE_000345,2026-01-07T10:29:00,POSTGRES_DEMO,USR_0046,SES-24897,GRANT,TABLE,customers,,,49,true,DataTrustOS,CORP_NET
DBE_000346,2026-01-04T16:57:59,POSTGRES_DEMO,USR_0052,SES-44315,GRANT,TABLE,trips,,,40,true,DataTrustOS,VPN
DBE_000347,2026-01-12T11:31:13,POSTGRES_DEMO,USR_0021,SES-78679,SELECT,TABLE,user_privileges,XANH_TRIP_10054,,3173,true,Airflow,UNKNOWN
DBE_000348,2026-01-06T21:47:08,POSTGRES_DEMO,USR_0006,SES-97730,GRANT,TABLE,drivers,,,21,true,Airflow,CORP_NET
DBE_000349,2026-01-15T05:42:03,POSTGRES_DEMO,USR_0019,SES-29294,SELECT,TABLE,trips,XANH_TRIP_8010,VF8VNF_0059,4987,true,DataTrustOS,UNKNOWN
DBE_000350,2026-01-06T09:48:36,POSTGRES_DEMO,USR_0023,SES-17763,UPDATE,TABLE,drivers,XANH_TRIP_4525,,20,true,Airflow,VPN
DBE_000351,2026-01-02T20:33:46,POSTGRES_DEMO,USR_0001,SES-30003,GRANT,TABLE,user_privileges,,,32,true,DataTrustOS,UNKNOWN
DBE_000352,2026-01-10T16:17:56,POSTGRES_DEMO,USR_0033,SES-23628,SELECT,TABLE,customers,,,4138,true,Metabase,UNKNOWN
DBE_000353,2026-01-02T02:15:35,POSTGRES_DEMO,USR_0019,SES-90464,SELECT,TABLE,customers,XANH_TRIP_9834,,3285,true,psql,VPN
DBE_000354,2026-01-10T09:08:52,POSTGRES_DEMO,USR_0055,SES-31764,SELECT,TABLE,trips,XANH_TRIP_3023,,2763,true,DataTrustOS,VPN
DBE_000355,2026-01-10T01:52:51,POSTGRES_DEMO,USR_0021,SES-19324,SELECT,TABLE,user_privileges,XANH_TRIP_2728,,4351,true,DataTrustOS,VPN
DBE_000356,2026-01-12T00:59:22,POSTGRES_DEMO,USR_0056,SES-71950,REVOKE,TABLE,customers,,,20,true,DataTrustOS,UNKNOWN
DBE_000357,2026-01-13T08:48:13,POSTGRES_DEMO,USR_0022,SES-72903,EXPORT,TABLE,user_privileges,XANH_TRIP_9372,VF8VNF_0021,2015,false,Metabase,VPN
DBE_000358,2026-01-08T06:49:01,POSTGRES_DEMO,USR_0022,SES-21872,GRANT,TABLE,customers,,,50,true,DBeaver,VPN
DBE_000359,2026-01-12T17:24:58,POSTGRES_DEMO,USR_0008,SES-93792,SELECT,TABLE,drivers,,,1721,true,Metabase,CORP_NET
DBE_000360,2026-01-04T05:41:55,POSTGRES_DEMO,USR_0021,SES-55706,EXPORT,TABLE,trips,XANH_TRIP_7743,VF8VNF_0029,1218,true,DBeaver,CORP_NET
DBE_000361,2026-01-10T09:07:33,POSTGRES_DEMO,USR_0041,SES-94267,EXPORT,TABLE,user_privileges,XANH_TRIP_7116,,3894,true,DBeaver,VPN
DBE_000362,2026-01-15T02:15:57,POSTGRES_DEMO,USR_0003,SES-35267,SELECT,TABLE,trips,XANH_TRIP_0124,VF8VNF_0011,1960,true,Airflow,UNKNOWN
DBE_000363,2026-01-02T22:08:16,POSTGRES_DEMO,USR_0026,SES-20892,REVOKE,TABLE,trips,,,41,true,DataTrustOS,CORP_NET
DBE_000364,2026-01-11T06:03:10,POSTGRES_DEMO,USR_0036,SES-26678,SELECT,TABLE,trips,XANH_TRIP_4611,VF8VNF_0052,3149,true,psql,VPN
DBE_000365,2026-01-01T14:59:30,POSTGRES_DEMO,USR_0035,SES-66671,SELECT,TABLE,drivers,,,4588,true,DataTrustOS,UNKNOWN
DBE_000366,2026-01-15T09:57:32,POSTGRES_DEMO,USR_0007,SES-56995,SELECT,TABLE,customers,XANH_TRIP_0208,VF8VNF_0007,1823,true,DBeaver,CORP_NET
DBE_000367,2026-01-09T16:32:46,POSTGRES_DEMO,USR_0036,SES-99714,SELECT,TABLE,user_privileges,XANH_TRIP_5235,,1186,true,Metabase,UNKNOWN
DBE_000368,2026-01-13T21:20:52,POSTGRES_DEMO,USR_0037,SES-17768,SELECT,TABLE,user_privileges,XANH_TRIP_7043,VF8VNF_0024,557,true,DBeaver,UNKNOWN
DBE_000369,2026-01-08T13:58:39,POSTGRES_DEMO,USR_0038,SES-50826,UPDATE,TABLE,drivers,XANH_TRIP_9585,VF8VNF_0025,2,false,psql,VPN
DBE_000370,2026-01-05T18:49:41,POSTGRES_DEMO,USR_0021,SES-73974,UPDATE,TABLE,drivers,XANH_TRIP_8475,,39,true,Airflow,UNKNOWN
DBE_000371,2026-01-08T05:34:42,POSTGRES_DEMO,USR_0032,SES-34516,EXPORT,TABLE,trips,XANH_TRIP_7608,VF8VNF_0047,961,true,psql,VPN
DBE_000372,2026-01-04T10:01:00,POSTGRES_DEMO,USR_0004,SES-88774,EXPORT,TABLE,user_privileges,XANH_TRIP_5973,,3791,true,psql,VPN
DBE_000373,2026-01-08T04:10:50,POSTGRES_DEMO,USR_0003,SES-15741,GRANT,TABLE,drivers,,,13,true,psql,UNKNOWN
DBE_000374,2026-01-15T12:55:03,POSTGRES_DEMO,USR_0013,SES-11920,SELECT,TABLE,customers,XANH_TRIP_8505,,3579,true,Metabase,UNKNOWN
DBE_000375,2026-01-05T02:00:20,POSTGRES_DEMO,USR_0035,SES-96717,REVOKE,TABLE,drivers,,,22,true,DBeaver,UNKNOWN
DBE_000376,2026-01-06T21:25:54,POSTGRES_DEMO,USR_0020,SES-69099,SELECT,TABLE,customers,XANH_TRIP_6593,VF8VNF_0029,489,true,Metabase,VPN
DBE_000377,2026-01-14T01:52:04,POSTGRES_DEMO,USR_0006,SES-93725,GRANT,TABLE,trips,,,20,true,DBeaver,VPN
DBE_000378,2026-01-11T11:52:00,POSTGRES_DEMO,USR_0012,SES-74526,SELECT,TABLE,drivers,XANH_TRIP_3832,VF8VNF_0006,3629,true,Metabase,CORP_NET
DBE_000379,2026-01-08T00:51:18,POSTGRES_DEMO,USR_0004,SES-37260,GRANT,TABLE,customers,,,42,true,DataTrustOS,VPN
DBE_000380,2026-01-12T08:40:12,POSTGRES_DEMO,USR_0024,SES-65963,EXPORT,TABLE,user_privileges,XANH_TRIP_4222,VF8VNF_0043,4087,true,Metabase,UNKNOWN
DBE_000381,2026-01-11T01:15:21,POSTGRES_DEMO,USR_0051,SES-86900,EXPORT,TABLE,drivers,,,4547,true,DataTrustOS,VPN
DBE_000382,2026-01-03T18:14:36,POSTGRES_DEMO,USR_0021,SES-14502,SELECT,TABLE,drivers,XANH_TRIP_9734,VF8VNF_0057,509,true,DBeaver,CORP_NET
DBE_000383,2026-01-01T13:56:39,POSTGRES_DEMO,USR_0025,SES-58110,GRANT,TABLE,customers,,,30,true,Airflow,VPN
DBE_000384,2026-01-01T18:00:52,POSTGRES_DEMO,USR_0059,SES-94745,SELECT,TABLE,trips,,,3271,true,DBeaver,CORP_NET
DBE_000385,2026-01-08T17:33:17,POSTGRES_DEMO,USR_0033,SES-96647,EXPORT,TABLE,customers,XANH_TRIP_1137,VF8VNF_0052,849,true,Airflow,CORP_NET
DBE_000386,2026-01-06T09:09:40,POSTGRES_DEMO,USR_0031,SES-68361,SELECT,TABLE,user_privileges,XANH_TRIP_3988,VF8VNF_0002,613,false,DBeaver,CORP_NET
DBE_000387,2026-01-10T00:25:03,POSTGRES_DEMO,USR_0016,SES-60042,EXPORT,TABLE,user_privileges,XANH_TRIP_5004,VF8VNF_0010,2810,true,Metabase,VPN
DBE_000388,2026-01-06T20:10:02,POSTGRES_DEMO,USR_0030,SES-29306,UPDATE,TABLE,drivers,,,21,true,DBeaver,VPN
DBE_000389,2026-01-07T17:29:35,POSTGRES_DEMO,USR_0023,SES-52700,EXPORT,TABLE,user_privileges,XANH_TRIP_10160,VF8VNF_0022,4829,true,psql,CORP_NET
DBE_000390,2026-01-09T10:48:18,POSTGRES_DEMO,USR_0024,SES-45721,SELECT,TABLE,drivers,,,2825,true,DataTrustOS,CORP_NET
DBE_000391,2026-01-10T18:57:27,POSTGRES_DEMO,USR_0022,SES-36340,SELECT,TABLE,user_privileges,XANH_TRIP_3247,,1165,true,DBeaver,CORP_NET
DBE_000392,2026-01-14T18:24:29,POSTGRES_DEMO,USR_0036,SES-44606,SELECT,TABLE,customers,XANH_TRIP_3533,VF8VNF_0021,1086,true,DataTrustOS,CORP_NET
DBE_000393,2026-01-04T17:37:44,POSTGRES_DEMO,USR_0049,SES-21709,REVOKE,TABLE,trips,,,24,true,Airflow,UNKNOWN
DBE_000394,2026-01-15T11:02:37,POSTGRES_DEMO,USR_0038,SES-34191,SELECT,TABLE,drivers,XANH_TRIP_7821,VF8VNF_0039,2590,true,Metabase,VPN
DBE_000395,2026-01-02T07:14:20,POSTGRES_DEMO,USR_0006,SES-80734,SELECT,TABLE,customers,,,2678,true,DBeaver,VPN
DBE_000396,2026-01-04T07:10:27,POSTGRES_DEMO,USR_0038,SES-73270,SELECT,TABLE,user_privileges,XANH_TRIP_1099,VF8VNF_0033,2028,true,Airflow,CORP_NET
DBE_000397,2026-01-04T08:42:57,POSTGRES_DEMO,USR_0034,SES-74457,GRANT,TABLE,trips,,,45,true,Airflow,UNKNOWN
DBE_000398,2026-01-11T15:43:51,POSTGRES_DEMO,USR_0051,SES-92430,SELECT,TABLE,trips,XANH_TRIP_4479,VF8VNF_0053,2690,true,Airflow,UNKNOWN
DBE_000399,2026-01-08T04:24:01,POSTGRES_DEMO,USR_0028,SES-49749,REVOKE,TABLE,drivers,,,7,true,psql,CORP_NET
DBE_000400,2026-01-13T18:53:19,POSTGRES_DEMO,USR_0041,SES-93022,REVOKE,TABLE,customers,,,49,true,psql,UNKNOWN
DBE_000401,2026-01-06T18:57:14,POSTGRES_DEMO,USR_0045,SES-30298,SELECT,TABLE,trips,XANH_TRIP_6001,VF8VNF_0035,2352,true,DataTrustOS,CORP_NET
DBE_000402,2026-01-07T10:59:28,POSTGRES_DEMO,USR_0041,SES-14912,SELECT,TABLE,drivers,XANH_TRIP_1223,VF8VNF_0001,1126,true,Airflow,UNKNOWN
DBE_000403,2026-01-10T17:50:57,POSTGRES_DEMO,USR_0049,SES-57108,REVOKE,TABLE,customers,,,27,true,DBeaver,CORP_NET
DBE_000404,2026-01-06T21:03:15,POSTGRES_DEMO,USR_0020,SES-40359,GRANT,TABLE,drivers,,,32,true,Metabase,VPN
DBE_000405,2026-01-04T12:07:39,POSTGRES_DEMO,USR_0020,SES-73995,GRANT,TABLE,user_privileges,,,46,true,DataTrustOS,VPN
DBE_000406,2026-01-04T08:47:33,POSTGRES_DEMO,USR_0007,SES-59621,UPDATE,TABLE,drivers,,,28,true,Metabase,CORP_NET
DBE_000407,2026-01-05T04:29:31,POSTGRES_DEMO,USR_0008,SES-59455,SELECT,TABLE,user_privileges,XANH_TRIP_9620,VF8VNF_0008,3963,true,psql,VPN
DBE_000408,2026-01-03T13:12:15,POSTGRES_DEMO,USR_0012,SES-26081,REVOKE,TABLE,drivers,,,49,true,psql,UNKNOWN
DBE_000409,2026-01-15T09:07:04,POSTGRES_DEMO,USR_0030,SES-72091,SELECT,TABLE,customers,XANH_TRIP_5072,VF8VNF_0019,4421,true,DBeaver,CORP_NET
DBE_000410,2026-01-09T07:47:08,POSTGRES_DEMO,USR_0051,SES-70942,SELECT,TABLE,user_privileges,XANH_TRIP_4843,,940,true,DBeaver,UNKNOWN
DBE_000411,2026-01-15T08:43:13,POSTGRES_DEMO,USR_0003,SES-90735,SELECT,TABLE,user_privileges,XANH_TRIP_2789,VF8VNF_0042,4451,true,DBeaver,CORP_NET
DBE_000412,2026-01-12T08:54:32,POSTGRES_DEMO,USR_0059,SES-45000,EXPORT,TABLE,trips,XANH_TRIP_10256,VF8VNF_0038,1963,true,Airflow,VPN
DBE_000413,2026-01-06T08:59:03,POSTGRES_DEMO,USR_0029,SES-80697,GRANT,TABLE,customers,,,4,true,Metabase,CORP_NET
DBE_000414,2026-01-15T06:20:40,POSTGRES_DEMO,USR_0048,SES-36768,UPDATE,TABLE,drivers,,,8,true,Airflow,VPN
DBE_000415,2026-01-02T21:31:34,POSTGRES_DEMO,USR_0013,SES-95961,SELECT,TABLE,trips,XANH_TRIP_5564,,3621,true,DataTrustOS,UNKNOWN
DBE_000416,2026-01-06T14:13:47,POSTGRES_DEMO,USR_0053,SES-54285,UPDATE,TABLE,customers,,,30,true,Airflow,UNKNOWN
DBE_000417,2026-01-08T04:22:30,POSTGRES_DEMO,USR_0029,SES-83812,GRANT,TABLE,trips,,,21,true,Airflow,VPN
DBE_000418,2026-01-08T15:04:06,POSTGRES_DEMO,USR_0015,SES-71453,SELECT,TABLE,drivers,,,3618,true,DBeaver,UNKNOWN
DBE_000419,2026-01-14T10:49:26,POSTGRES_DEMO,USR_0035,SES-23931,EXPORT,TABLE,user_privileges,XANH_TRIP_9442,VF8VNF_0027,1417,false,Airflow,UNKNOWN
DBE_000420,2026-01-11T02:33:27,POSTGRES_DEMO,USR_0057,SES-44846,UPDATE,TABLE,drivers,XANH_TRIP_0778,VF8VNF_0043,45,true,Airflow,VPN
DBE_000421,2026-01-03T04:32:05,POSTGRES_DEMO,USR_0012,SES-21679,SELECT,TABLE,drivers,XANH_TRIP_1737,,2370,true,psql,CORP_NET
DBE_000422,2026-01-12T12:58:20,POSTGRES_DEMO,USR_0042,SES-89643,SELECT,TABLE,user_privileges,XANH_TRIP_3524,,1713,true,DataTrustOS,CORP_NET
DBE_000423,2026-01-13T04:26:30,POSTGRES_DEMO,USR_0055,SES-77400,UPDATE,TABLE,trips,XANH_TRIP_4977,,41,false,DataTrustOS,VPN
DBE_000424,2026-01-12T09:56:42,POSTGRES_DEMO,USR_0043,SES-55020,UPDATE,TABLE,user_privileges,XANH_TRIP_5133,VF8VNF_0037,26,true,DBeaver,CORP_NET
DBE_000425,2026-01-06T01:02:37,POSTGRES_DEMO,USR_0006,SES-59299,REVOKE,TABLE,drivers,,,12,true,Metabase,VPN
DBE_000426,2026-01-10T01:10:25,POSTGRES_DEMO,USR_0020,SES-36934,REVOKE,TABLE,trips,,,22,true,psql,VPN
DBE_000427,2026-01-10T23:15:44,POSTGRES_DEMO,USR_0040,SES-94694,SELECT,TABLE,drivers,XANH_TRIP_7754,,3002,true,DBeaver,UNKNOWN
DBE_000428,2026-01-07T23:27:58,POSTGRES_DEMO,USR_0007,SES-81635,REVOKE,TABLE,drivers,,,23,true,psql,UNKNOWN
DBE_000429,2026-01-08T03:11:24,POSTGRES_DEMO,USR_0051,SES-69951,EXPORT,TABLE,trips,,,4536,true,DataTrustOS,UNKNOWN
DBE_000430,2026-01-07T14:13:43,POSTGRES_DEMO,USR_0012,SES-81158,REVOKE,TABLE,customers,,,39,true,psql,UNKNOWN
DBE_000431,2026-01-04T01:57:35,POSTGRES_DEMO,USR_0048,SES-63968,GRANT,TABLE,customers,,,25,true,Metabase,VPN
DBE_000432,2026-01-11T14:15:19,POSTGRES_DEMO,USR_0032,SES-41451,SELECT,TABLE,user_privileges,XANH_TRIP_2102,,2987,true,DBeaver,UNKNOWN
DBE_000433,2026-01-14T05:42:20,POSTGRES_DEMO,USR_0025,SES-12486,SELECT,TABLE,drivers,,,1344,true,Metabase,CORP_NET
DBE_000434,2026-01-09T02:33:49,POSTGRES_DEMO,USR_0021,SES-90520,SELECT,TABLE,drivers,,,3741,true,Airflow,VPN
DBE_000435,2026-01-04T21:09:17,POSTGRES_DEMO,USR_0051,SES-89489,GRANT,TABLE,customers,,,44,true,DataTrustOS,VPN
DBE_000436,2026-01-11T22:00:22,POSTGRES_DEMO,USR_0043,SES-27181,SELECT,TABLE,user_privileges,XANH_TRIP_8473,,3176,true,DataTrustOS,CORP_NET
DBE_000437,2026-01-09T15:56:56,POSTGRES_DEMO,USR_0007,SES-12604,EXPORT,TABLE,user_privileges,,,2974,true,DataTrustOS,VPN
DBE_000438,2026-01-08T02:24:43,POSTGRES_DEMO,USR_0055,SES-31742,REVOKE,TABLE,customers,,,11,true,Airflow,UNKNOWN
DBE_000439,2026-01-06T04:59:38,POSTGRES_DEMO,USR_0051,SES-68360,EXPORT,TABLE,drivers,,,3076,true,psql,VPN
DBE_000440,2026-01-02T16:12:50,POSTGRES_DEMO,USR_0046,SES-26854,SELECT,TABLE,trips,,,3241,true,DBeaver,UNKNOWN
DBE_000441,2026-01-15T02:46:41,POSTGRES_DEMO,USR_0001,SES-70129,GRANT,TABLE,user_privileges,,,37,true,DataTrustOS,UNKNOWN
DBE_000442,2026-01-12T21:07:30,POSTGRES_DEMO,USR_0039,SES-32914,GRANT,TABLE,drivers,,,39,true,Airflow,CORP_NET
DBE_000443,2026-01-07T06:58:49,POSTGRES_DEMO,USR_0014,SES-32317,SELECT,TABLE,trips,XANH_TRIP_3371,,4694,true,Metabase,VPN
DBE_000444,2026-01-08T11:15:11,POSTGRES_DEMO,USR_0024,SES-38117,EXPORT,TABLE,drivers,XANH_TRIP_6774,VF8VNF_0012,1402,true,psql,VPN
DBE_000445,2026-01-12T20:00:01,POSTGRES_DEMO,USR_0059,SES-52014,SELECT,TABLE,user_privileges,,,2383,true,DataTrustOS,UNKNOWN
DBE_000446,2026-01-02T21:00:43,POSTGRES_DEMO,USR_0033,SES-93614,EXPORT,TABLE,trips,,,17,true,DBeaver,UNKNOWN
DBE_000447,2026-01-12T15:21:18,POSTGRES_DEMO,USR_0055,SES-31796,GRANT,TABLE,drivers,,,35,true,Metabase,CORP_NET
DBE_000448,2026-01-09T09:56:12,POSTGRES_DEMO,USR_0053,SES-25526,UPDATE,TABLE,drivers,XANH_TRIP_7167,VF8VNF_0045,4,true,Metabase,CORP_NET
DBE_000449,2026-01-11T08:42:14,POSTGRES_DEMO,USR_0011,SES-64074,SELECT,TABLE,user_privileges,XANH_TRIP_8886,VF8VNF_0001,2022,true,Airflow,UNKNOWN
DBE_000450,2026-01-02T15:24:26,POSTGRES_DEMO,USR_0045,SES-41022,SELECT,TABLE,drivers,,,3342,true,Airflow,VPN
DBE_000451,2026-01-10T00:35:51,POSTGRES_DEMO,USR_0010,SES-13846,UPDATE,TABLE,user_privileges,XANH_TRIP_6818,VF8VNF_0037,2,true,psql,CORP_NET
DBE_000452,2026-01-11T17:55:01,POSTGRES_DEMO,USR_0022,SES-95047,REVOKE,TABLE,user_privileges,,,27,true,DBeaver,CORP_NET
DBE_000453,2026-01-14T03:55:50,POSTGRES_DEMO,USR_0001,SES-38046,REVOKE,TABLE,drivers,,,13,true,psql,VPN
DBE_000454,2026-01-03T00:53:19,POSTGRES_DEMO,USR_0037,SES-27945,SELECT,TABLE,customers,XANH_TRIP_2425,,2913,true,Metabase,VPN
DBE_000455,2026-01-03T03:07:30,POSTGRES_DEMO,USR_0024,SES-22868,SELECT,TABLE,customers,XANH_TRIP_8078,VF8VNF_0003,1105,true,DataTrustOS,CORP_NET
DBE_000456,2026-01-13T09:44:59,POSTGRES_DEMO,USR_0045,SES-53876,GRANT,TABLE,customers,,,36,true,DBeaver,CORP_NET
DBE_000457,2026-01-09T07:39:31,POSTGRES_DEMO,USR_0028,SES-60211,EXPORT,TABLE,user_privileges,XANH_TRIP_4021,VF8VNF_0048,4981,true,DataTrustOS,VPN
DBE_000458,2026-01-12T05:47:32,POSTGRES_DEMO,USR_0008,SES-20346,GRANT,TABLE,customers,,,6,true,psql,CORP_NET
DBE_000459,2026-01-11T11:57:49,POSTGRES_DEMO,USR_0053,SES-20859,UPDATE,TABLE,user_privileges,XANH_TRIP_3973,,20,true,psql,VPN
DBE_000460,2026-01-06T05:36:20,POSTGRES_DEMO,USR_0060,SES-34686,SELECT,TABLE,customers,,,1320,true,Metabase,VPN
DBE_000461,2026-01-02T09:32:54,POSTGRES_DEMO,USR_0046,SES-10959,SELECT,TABLE,customers,,,4931,true,Metabase,CORP_NET
DBE_000462,2026-01-03T01:18:13,POSTGRES_DEMO,USR_0011,SES-98564,SELECT,TABLE,user_privileges,,,952,true,Airflow,VPN
DBE_000463,2026-01-10T19:15:06,POSTGRES_DEMO,USR_0050,SES-21046,EXPORT,TABLE,trips,XANH_TRIP_1149,,1009,true,DBeaver,CORP_NET
DBE_000464,2026-01-03T21:10:40,POSTGRES_DEMO,USR_0001,SES-96695,SELECT,TABLE,customers,XANH_TRIP_5336,,3532,true,DBeaver,VPN
DBE_000465,2026-01-14T15:09:28,POSTGRES_DEMO,USR_0017,SES-10121,SELECT,TABLE,customers,XANH_TRIP_1047,VF8VNF_0033,536,true,DBeaver,CORP_NET
DBE_000466,2026-01-15T14:08:57,POSTGRES_DEMO,USR_0005,SES-77955,EXPORT,TABLE,customers,XANH_TRIP_5401,,1832,true,DataTrustOS,UNKNOWN
DBE_000467,2026-01-13T01:25:52,POSTGRES_DEMO,USR_0017,SES-59666,UPDATE,TABLE,customers,XANH_TRIP_3782,VF8VNF_0018,2,true,psql,CORP_NET
DBE_000468,2026-01-10T05:42:44,POSTGRES_DEMO,USR_0035,SES-93956,UPDATE,TABLE,user_privileges,XANH_TRIP_2800,,26,true,Airflow,VPN
DBE_000469,2026-01-03T13:30:55,POSTGRES_DEMO,USR_0015,SES-28733,EXPORT,TABLE,drivers,XANH_TRIP_2105,VF8VNF_0029,4940,true,DataTrustOS,CORP_NET
DBE_000470,2026-01-11T05:12:45,POSTGRES_DEMO,USR_0019,SES-36650,EXPORT,TABLE,drivers,XANH_TRIP_5003,VF8VNF_0033,1547,true,Metabase,CORP_NET
DBE_000471,2026-01-08T19:18:33,POSTGRES_DEMO,USR_0042,SES-56122,UPDATE,TABLE,customers,XANH_TRIP_6202,,9,true,Airflow,UNKNOWN
DBE_000472,2026-01-15T10:19:55,POSTGRES_DEMO,USR_0006,SES-75318,SELECT,TABLE,user_privileges,XANH_TRIP_8903,VF8VNF_0022,3436,true,psql,CORP_NET
DBE_000473,2026-01-04T15:13:36,POSTGRES_DEMO,USR_0036,SES-10916,SELECT,TABLE,drivers,XANH_TRIP_9260,VF8VNF_0055,2377,true,Metabase,UNKNOWN
DBE_000474,2026-01-12T16:33:45,POSTGRES_DEMO,USR_0059,SES-45479,SELECT,TABLE,trips,,,3749,true,Airflow,VPN
DBE_000475,2026-01-09T18:06:04,POSTGRES_DEMO,USR_0032,SES-36688,EXPORT,TABLE,user_privileges,XANH_TRIP_5080,VF8VNF_0017,1744,true,Metabase,UNKNOWN
DBE_000476,2026-01-02T08:01:07,POSTGRES_DEMO,USR_0045,SES-69000,SELECT,TABLE,trips,XANH_TRIP_6611,,2027,true,DataTrustOS,UNKNOWN
DBE_000477,2026-01-08T16:39:56,POSTGRES_DEMO,USR_0022,SES-21027,REVOKE,TABLE,trips,,,14,true,psql,VPN
DBE_000478,2026-01-04T17:42:35,POSTGRES_DEMO,USR_0053,SES-84961,REVOKE,TABLE,trips,,,5,true,Airflow,VPN
DBE_000479,2026-01-04T02:53:37,POSTGRES_DEMO,USR_0036,SES-98234,SELECT,TABLE,drivers,XANH_TRIP_7862,,4395,true,DataTrustOS,VPN
DBE_000480,2026-01-15T17:37:13,POSTGRES_DEMO,USR_0049,SES-41491,GRANT,TABLE,trips,,,21,true,Metabase,UNKNOWN
DBE_000481,2026-01-06T16:26:47,POSTGRES_DEMO,USR_0055,SES-27744,EXPORT,TABLE,customers,,,1587,true,Airflow,UNKNOWN
DBE_000482,2026-01-11T09:50:19,POSTGRES_DEMO,USR_0052,SES-29360,SELECT,TABLE,customers,XANH_TRIP_2775,,4931,false,DataTrustOS,UNKNOWN
DBE_000483,2026-01-05T07:42:25,POSTGRES_DEMO,USR_0025,SES-69674,UPDATE,TABLE,drivers,XANH_TRIP_4450,VF8VNF_0039,14,true,DataTrustOS,CORP_NET
DBE_000484,2026-01-10T22:30:54,POSTGRES_DEMO,USR_0053,SES-72031,SELECT,TABLE,trips,XANH_TRIP_6104,VF8VNF_0021,3937,true,psql,UNKNOWN
DBE_000485,2026-01-09T13:07:03,POSTGRES_DEMO,USR_0032,SES-17417,SELECT,TABLE,trips,XANH_TRIP_5583,VF8VNF_0010,4315,true,Metabase,UNKNOWN
DBE_000486,2026-01-10T11:42:04,POSTGRES_DEMO,USR_0024,SES-81417,SELECT,TABLE,customers,XANH_TRIP_0580,VF8VNF_0043,189,true,DBeaver,UNKNOWN
DBE_000487,2026-01-07T18:01:19,POSTGRES_DEMO,USR_0059,SES-96256,EXPORT,TABLE,drivers,XANH_TRIP_0385,,2474,true,Metabase,CORP_NET
DBE_000488,2026-01-08T01:30:33,POSTGRES_DEMO,USR_0029,SES-67949,REVOKE,TABLE,trips,,,2,true,Airflow,VPN
DBE_000489,2026-01-10T16:24:52,POSTGRES_DEMO,USR_0008,SES-74529,EXPORT,TABLE,user_privileges,XANH_TRIP_1712,VF8VNF_0004,2042,true,DataTrustOS,UNKNOWN
DBE_000490,2026-01-06T23:32:40,POSTGRES_DEMO,USR_0048,SES-20070,REVOKE,TABLE,drivers,,,46,true,Metabase,UNKNOWN
DBE_000491,2026-01-06T21:03:01,POSTGRES_DEMO,USR_0003,SES-50804,UPDATE,TABLE,user_privileges,XANH_TRIP_3141,VF8VNF_0050,44,true,DataTrustOS,VPN
DBE_000492,2026-01-08T10:08:51,POSTGRES_DEMO,USR_0051,SES-82745,UPDATE,TABLE,drivers,XANH_TRIP_9205,,49,true,DataTrustOS,VPN
DBE_000493,2026-01-03T07:35:07,POSTGRES_DEMO,USR_0030,SES-22853,EXPORT,TABLE,user_privileges,XANH_TRIP_8014,VF8VNF_0025,3670,true,DBeaver,VPN
DBE_000494,2026-01-04T21:31:59,POSTGRES_DEMO,USR_0048,SES-53860,SELECT,TABLE,user_privileges,XANH_TRIP_10270,VF8VNF_0015,4205,false,Airflow,UNKNOWN
DBE_000495,2026-01-11T07:31:47,POSTGRES_DEMO,USR_0021,SES-26579,SELECT,TABLE,user_privileges,XANH_TRIP_0458,,1410,true,psql,UNKNOWN
DBE_000496,2026-01-03T02:27:09,POSTGRES_DEMO,USR_0007,SES-66031,UPDATE,TABLE,user_privileges,XANH_TRIP_7295,,27,true,psql,VPN
DBE_000497,2026-01-14T01:47:08,POSTGRES_DEMO,USR_0006,SES-16021,GRANT,TABLE,trips,,,6,true,DBeaver,UNKNOWN
DBE_000498,2026-01-07T07:04:55,POSTGRES_DEMO,USR_0039,SES-48288,REVOKE,TABLE,drivers,,,13,true,DataTrustOS,VPN
DBE_000499,2026-01-03T08:03:25,POSTGRES_DEMO,USR_0028,SES-42212,GRANT,TABLE,customers,,,49,true,Metabase,CORP_NET
DBE_000500,2026-01-12T17:54:02,POSTGRES_DEMO,USR_0028,SES-46927,EXPORT,TABLE,user_privileges,XANH_TRIP_7698,,2416,true,psql,CORP_NET
DBE_000501,2026-01-05T12:08:55,POSTGRES_DEMO,USR_0008,SES-99157,SELECT,TABLE,customers,XANH_TRIP_2147,VF8VNF_0002,670,true,Metabase,VPN
DBE_000502,2026-01-01T21:51:43,POSTGRES_DEMO,USR_0031,SES-72038,SELECT,TABLE,trips,,,1233,true,Metabase,CORP_NET
DBE_000503,2026-01-09T15:14:14,POSTGRES_DEMO,USR_0026,SES-45001,SELECT,TABLE,user_privileges,XANH_TRIP_6453,VF8VNF_0021,2174,true,DBeaver,VPN
DBE_000504,2026-01-10T07:57:37,POSTGRES_DEMO,USR_0037,SES-29186,SELECT,TABLE,drivers,,,1659,true,Metabase,UNKNOWN
DBE_000505,2026-01-12T07:30:27,POSTGRES_DEMO,USR_0019,SES-22685,EXPORT,TABLE,user_privileges,XANH_TRIP_9431,VF8VNF_0027,1988,true,Airflow,VPN
DBE_000506,2026-01-10T18:20:50,POSTGRES_DEMO,USR_0043,SES-85021,SELECT,TABLE,drivers,XANH_TRIP_6080,VF8VNF_0034,3026,true,Metabase,VPN
DBE_000507,2026-01-14T22:02:19,POSTGRES_DEMO,USR_0031,SES-46618,SELECT,TABLE,customers,,,2384,true,DBeaver,CORP_NET
DBE_000508,2026-01-05T15:34:39,POSTGRES_DEMO,USR_0013,SES-76428,UPDATE,TABLE,trips,XANH_TRIP_10055,VF8VNF_0024,6,true,DBeaver,UNKNOWN
DBE_000509,2026-01-05T04:05:32,POSTGRES_DEMO,USR_0023,SES-34625,UPDATE,TABLE,trips,XANH_TRIP_2112,,23,true,Airflow,UNKNOWN
DBE_000510,2026-01-13T01:20:49,POSTGRES_DEMO,USR_0047,SES-20499,UPDATE,TABLE,customers,XANH_TRIP_6958,,45,true,DataTrustOS,UNKNOWN
DBE_000511,2026-01-05T03:30:26,POSTGRES_DEMO,USR_0017,SES-25848,UPDATE,TABLE,user_privileges,XANH_TRIP_4867,,48,true,DataTrustOS,VPN
DBE_000512,2026-01-02T07:43:01,POSTGRES_DEMO,USR_0026,SES-29428,REVOKE,TABLE,user_privileges,,,24,true,DataTrustOS,UNKNOWN
DBE_000513,2026-01-13T02:42:55,POSTGRES_DEMO,USR_0055,SES-64678,SELECT,TABLE,trips,XANH_TRIP_2151,,3817,true,DataTrustOS,CORP_NET
DBE_000514,2026-01-13T06:15:39,POSTGRES_DEMO,USR_0032,SES-14188,REVOKE,TABLE,customers,,,38,true,Metabase,CORP_NET
DBE_000515,2026-01-10T02:24:47,POSTGRES_DEMO,USR_0057,SES-74967,GRANT,TABLE,user_privileges,,,24,true,Airflow,CORP_NET
DBE_000516,2026-01-06T11:32:50,POSTGRES_DEMO,USR_0012,SES-42520,UPDATE,TABLE,customers,XANH_TRIP_1788,,37,true,Airflow,VPN
DBE_000517,2026-01-02T00:42:58,POSTGRES_DEMO,USR_0025,SES-83972,EXPORT,TABLE,trips,XANH_TRIP_8110,VF8VNF_0019,3905,true,psql,UNKNOWN
DBE_000518,2026-01-02T10:22:20,POSTGRES_DEMO,USR_0023,SES-18514,REVOKE,TABLE,drivers,,,1,true,Airflow,UNKNOWN
DBE_000519,2026-01-09T07:51:11,POSTGRES_DEMO,USR_0013,SES-91023,UPDATE,TABLE,drivers,XANH_TRIP_5945,VF8VNF_0020,14,true,DBeaver,CORP_NET
DBE_000520,2026-01-06T16:19:00,POSTGRES_DEMO,USR_0047,SES-16782,SELECT,TABLE,drivers,,,4436,true,DBeaver,CORP_NET
DBE_000521,2026-01-09T15:13:33,POSTGRES_DEMO,USR_0053,SES-86873,SELECT,TABLE,drivers,XANH_TRIP_9844,,2500,true,psql,VPN
DBE_000522,2026-01-10T20:54:37,POSTGRES_DEMO,USR_0053,SES-29903,REVOKE,TABLE,user_privileges,,,31,true,Airflow,CORP_NET
DBE_000523,2026-01-02T18:52:29,POSTGRES_DEMO,USR_0052,SES-99784,GRANT,TABLE,drivers,,,23,true,DataTrustOS,CORP_NET
DBE_000524,2026-01-05T00:54:52,POSTGRES_DEMO,USR_0004,SES-44679,REVOKE,TABLE,user_privileges,,,34,true,Metabase,CORP_NET
DBE_000525,2026-01-08T02:19:41,POSTGRES_DEMO,USR_0004,SES-34938,REVOKE,TABLE,customers,,,41,true,DataTrustOS,CORP_NET
DBE_000526,2026-01-04T07:31:57,POSTGRES_DEMO,USR_0050,SES-33021,SELECT,TABLE,customers,XANH_TRIP_10300,VF8VNF_0027,2389,true,psql,CORP_NET
DBE_000527,2026-01-08T15:22:45,POSTGRES_DEMO,USR_0013,SES-68747,SELECT,TABLE,user_privileges,XANH_TRIP_0365,,4625,true,Airflow,UNKNOWN
DBE_000528,2026-01-09T17:24:39,POSTGRES_DEMO,USR_0035,SES-52040,SELECT,TABLE,user_privileges,XANH_TRIP_5816,,2108,true,DataTrustOS,CORP_NET
DBE_000529,2026-01-07T20:15:41,POSTGRES_DEMO,USR_0053,SES-16809,EXPORT,TABLE,drivers,XANH_TRIP_2344,VF8VNF_0007,1625,true,Airflow,CORP_NET
DBE_000530,2026-01-01T10:34:01,POSTGRES_DEMO,USR_0017,SES-89198,REVOKE,TABLE,drivers,,,23,true,DBeaver,UNKNOWN
DBE_000531,2026-01-08T00:27:37,POSTGRES_DEMO,USR_0051,SES-25018,EXPORT,TABLE,user_privileges,XANH_TRIP_4473,VF8VNF_0049,3797,true,psql,CORP_NET
DBE_000532,2026-01-15T08:41:34,POSTGRES_DEMO,USR_0043,SES-51049,SELECT,TABLE,drivers,XANH_TRIP_9453,VF8VNF_0007,3643,true,DBeaver,CORP_NET
DBE_000533,2026-01-08T01:05:25,POSTGRES_DEMO,USR_0028,SES-38756,SELECT,TABLE,trips,,,2344,true,Metabase,CORP_NET
DBE_000534,2026-01-12T18:24:43,POSTGRES_DEMO,USR_0021,SES-83143,SELECT,TABLE,user_privileges,,,1840,true,Airflow,VPN
DBE_000535,2026-01-14T17:35:34,POSTGRES_DEMO,USR_0020,SES-45530,GRANT,TABLE,customers,,,40,true,Metabase,CORP_NET
DBE_000536,2026-01-09T05:08:02,POSTGRES_DEMO,USR_0033,SES-40053,UPDATE,TABLE,trips,,,6,true,DataTrustOS,UNKNOWN
DBE_000537,2026-01-07T02:08:50,POSTGRES_DEMO,USR_0020,SES-34156,SELECT,TABLE,trips,XANH_TRIP_1374,,4765,true,Metabase,UNKNOWN
DBE_000538,2026-01-05T15:43:32,POSTGRES_DEMO,USR_0032,SES-71990,SELECT,TABLE,trips,XANH_TRIP_1802,VF8VNF_0042,1676,true,Metabase,UNKNOWN
DBE_000539,2026-01-12T17:23:35,POSTGRES_DEMO,USR_0056,SES-50435,REVOKE,TABLE,drivers,,,32,true,Airflow,VPN
DBE_000540,2026-01-11T23:51:55,POSTGRES_DEMO,USR_0012,SES-19004,REVOKE,TABLE,customers,,,7,true,Metabase,UNKNOWN
DBE_000541,2026-01-15T06:26:33,POSTGRES_DEMO,USR_0001,SES-27216,SELECT,TABLE,customers,XANH_TRIP_5796,VF8VNF_0047,3741,true,psql,CORP_NET
DBE_000542,2026-01-06T11:15:28,POSTGRES_DEMO,USR_0008,SES-38583,SELECT,TABLE,customers,XANH_TRIP_3895,,1034,true,DataTrustOS,UNKNOWN
DBE_000543,2026-01-02T16:35:32,POSTGRES_DEMO,USR_0048,SES-59383,GRANT,TABLE,customers,,,47,true,psql,VPN
DBE_000544,2026-01-04T20:30:08,POSTGRES_DEMO,USR_0048,SES-50817,UPDATE,TABLE,customers,,,40,true,DataTrustOS,VPN
DBE_000545,2026-01-12T03:56:00,POSTGRES_DEMO,USR_0017,SES-52438,GRANT,TABLE,drivers,,,44,true,Airflow,CORP_NET
DBE_000546,2026-01-04T18:52:38,POSTGRES_DEMO,USR_0048,SES-69371,SELECT,TABLE,customers,,,3568,true,DBeaver,VPN
DBE_000547,2026-01-12T07:22:42,POSTGRES_DEMO,USR_0022,SES-79505,SELECT,TABLE,trips,XANH_TRIP_9788,VF8VNF_0051,3690,true,psql,CORP_NET
DBE_000548,2026-01-02T03:24:23,POSTGRES_DEMO,USR_0021,SES-63252,SELECT,TABLE,trips,,,4122,true,psql,VPN
DBE_000549,2026-01-03T17:09:11,POSTGRES_DEMO,USR_0019,SES-24012,EXPORT,TABLE,user_privileges,XANH_TRIP_4833,VF8VNF_0026,2497,true,Airflow,UNKNOWN
DBE_000550,2026-01-04T06:38:00,POSTGRES_DEMO,USR_0048,SES-46686,SELECT,TABLE,drivers,XANH_TRIP_3187,VF8VNF_0016,4937,true,psql,VPN
DBE_000551,2026-01-06T17:21:05,POSTGRES_DEMO,USR_0036,SES-93557,SELECT,TABLE,customers,XANH_TRIP_7795,VF8VNF_0003,2991,true,Metabase,CORP_NET
DBE_000552,2026-01-09T15:27:58,POSTGRES_DEMO,USR_0057,SES-88285,GRANT,TABLE,user_privileges,,,42,true,Airflow,CORP_NET
DBE_000553,2026-01-09T18:21:10,POSTGRES_DEMO,USR_0048,SES-44766,GRANT,TABLE,user_privileges,,,47,true,Airflow,CORP_NET
DBE_000554,2026-01-03T05:48:59,POSTGRES_DEMO,USR_0037,SES-26907,EXPORT,TABLE,trips,XANH_TRIP_4775,,4490,true,psql,VPN
DBE_000555,2026-01-11T07:20:44,POSTGRES_DEMO,USR_0036,SES-89417,SELECT,TABLE,customers,XANH_TRIP_4503,VF8VNF_0011,941,true,psql,VPN
DBE_000556,2026-01-08T17:12:34,POSTGRES_DEMO,USR_0031,SES-83877,SELECT,TABLE,drivers,XANH_TRIP_1862,VF8VNF_0003,4171,true,Airflow,VPN
DBE_000557,2026-01-03T14:14:45,POSTGRES_DEMO,USR_0056,SES-11397,SELECT,TABLE,drivers,,,2267,true,Metabase,CORP_NET
DBE_000558,2026-01-15T04:15:02,POSTGRES_DEMO,USR_0030,SES-57224,REVOKE,TABLE,user_privileges,,,44,true,DataTrustOS,CORP_NET
DBE_000559,2026-01-06T13:55:57,POSTGRES_DEMO,USR_0055,SES-70755,SELECT,TABLE,trips,XANH_TRIP_4056,VF8VNF_0012,4808,true,Airflow,UNKNOWN
DBE_000560,2026-01-08T05:31:58,POSTGRES_DEMO,USR_0028,SES-72548,GRANT,TABLE,drivers,,,11,true,Airflow,CORP_NET
DBE_000561,2026-01-05T12:36:04,POSTGRES_DEMO,USR_0006,SES-35654,SELECT,TABLE,drivers,XANH_TRIP_5548,VF8VNF_0019,2460,true,DataTrustOS,UNKNOWN
DBE_000562,2026-01-09T01:25:43,POSTGRES_DEMO,USR_0023,SES-31639,SELECT,TABLE,trips,,,2862,true,DBeaver,UNKNOWN
DBE_000563,2026-01-03T17:06:54,POSTGRES_DEMO,USR_0026,SES-64200,SELECT,TABLE,user_privileges,XANH_TRIP_7157,VF8VNF_0028,1748,true,DBeaver,CORP_NET
DBE_000564,2026-01-09T06:45:15,POSTGRES_DEMO,USR_0014,SES-41771,SELECT,TABLE,customers,XANH_TRIP_3382,,1236,true,Airflow,VPN
DBE_000565,2026-01-13T13:26:05,POSTGRES_DEMO,USR_0019,SES-37805,UPDATE,TABLE,user_privileges,,,1,true,Metabase,CORP_NET
DBE_000566,2026-01-03T14:54:24,POSTGRES_DEMO,USR_0049,SES-99296,SELECT,TABLE,trips,,,2484,true,Metabase,VPN
DBE_000567,2026-01-07T05:41:05,POSTGRES_DEMO,USR_0015,SES-63836,EXPORT,TABLE,drivers,XANH_TRIP_9499,,1120,true,Metabase,VPN
DBE_000568,2026-01-10T05:09:39,POSTGRES_DEMO,USR_0036,SES-40464,GRANT,TABLE,customers,,,3,true,DBeaver,UNKNOWN
DBE_000569,2026-01-13T09:50:29,POSTGRES_DEMO,USR_0051,SES-26330,REVOKE,TABLE,customers,,,4,true,DataTrustOS,UNKNOWN
DBE_000570,2026-01-01T14:16:25,POSTGRES_DEMO,USR_0030,SES-29810,SELECT,TABLE,user_privileges,XANH_TRIP_4111,VF8VNF_0056,3983,true,Airflow,CORP_NET
DBE_000571,2026-01-10T09:58:22,POSTGRES_DEMO,USR_0016,SES-52342,SELECT,TABLE,user_privileges,XANH_TRIP_9809,VF8VNF_0046,239,true,Airflow,CORP_NET
DBE_000572,2026-01-06T00:25:54,POSTGRES_DEMO,USR_0052,SES-27934,REVOKE,TABLE,user_privileges,,,17,true,psql,CORP_NET
DBE_000573,2026-01-11T03:36:30,POSTGRES_DEMO,USR_0008,SES-54015,EXPORT,TABLE,drivers,,,1260,true,Metabase,VPN
DBE_000574,2026-01-02T01:47:34,POSTGRES_DEMO,USR_0028,SES-78109,SELECT,TABLE,customers,XANH_TRIP_0371,,4462,true,DBeaver,UNKNOWN
DBE_000575,2026-01-10T22:18:30,POSTGRES_DEMO,USR_0026,SES-63280,EXPORT,TABLE,user_privileges,XANH_TRIP_3495,,4454,false,Airflow,CORP_NET
DBE_000576,2026-01-12T12:23:40,POSTGRES_DEMO,USR_0002,SES-28662,SELECT,TABLE,drivers,,,1332,true,Airflow,CORP_NET
DBE_000577,2026-01-05T13:25:33,POSTGRES_DEMO,USR_0059,SES-82089,SELECT,TABLE,trips,XANH_TRIP_1296,VF8VNF_0055,4835,false,psql,CORP_NET
DBE_000578,2026-01-06T18:12:08,POSTGRES_DEMO,USR_0015,SES-12149,UPDATE,TABLE,customers,XANH_TRIP_10100,,26,true,psql,CORP_NET
DBE_000579,2026-01-05T17:46:23,POSTGRES_DEMO,USR_0034,SES-88725,SELECT,TABLE,user_privileges,,,1981,true,Metabase,CORP_NET
DBE_000580,2026-01-15T08:03:30,POSTGRES_DEMO,USR_0041,SES-74989,SELECT,TABLE,customers,,,4164,true,Metabase,UNKNOWN
DBE_000581,2026-01-07T04:58:10,POSTGRES_DEMO,USR_0054,SES-40917,UPDATE,TABLE,drivers,XANH_TRIP_5574,,21,true,DataTrustOS,UNKNOWN
DBE_000582,2026-01-12T00:50:24,POSTGRES_DEMO,USR_0029,SES-66837,UPDATE,TABLE,trips,XANH_TRIP_6832,,21,true,Airflow,VPN
DBE_000583,2026-01-12T13:12:01,POSTGRES_DEMO,USR_0025,SES-49535,REVOKE,TABLE,drivers,,,41,true,Airflow,UNKNOWN
DBE_000584,2026-01-11T22:30:49,POSTGRES_DEMO,USR_0012,SES-62953,SELECT,TABLE,drivers,XANH_TRIP_7632,VF8VNF_0006,4627,true,Airflow,VPN
DBE_000585,2026-01-12T06:35:48,POSTGRES_DEMO,USR_0016,SES-84982,SELECT,TABLE,trips,,,878,true,Airflow,VPN
DBE_000586,2026-01-08T13:55:59,POSTGRES_DEMO,USR_0052,SES-11005,EXPORT,TABLE,user_privileges,XANH_TRIP_6223,VF8VNF_0017,3314,true,psql,CORP_NET
DBE_000587,2026-01-03T21:41:35,POSTGRES_DEMO,USR_0002,SES-65215,SELECT,TABLE,drivers,XANH_TRIP_6276,,4147,false,DataTrustOS,VPN
DBE_000588,2026-01-10T15:08:04,POSTGRES_DEMO,USR_0050,SES-84138,SELECT,TABLE,trips,XANH_TRIP_3443,VF8VNF_0026,2938,true,DBeaver,UNKNOWN
DBE_000589,2026-01-03T01:54:54,POSTGRES_DEMO,USR_0007,SES-84096,GRANT,TABLE,drivers,,,50,true,DataTrustOS,VPN
DBE_000590,2026-01-03T15:56:54,POSTGRES_DEMO,USR_0048,SES-89982,SELECT,TABLE,trips,XANH_TRIP_10141,VF8VNF_0054,675,true,DBeaver,UNKNOWN
DBE_000591,2026-01-01T22:08:41,POSTGRES_DEMO,USR_0056,SES-47005,REVOKE,TABLE,user_privileges,,,42,true,Metabase,UNKNOWN
DBE_000592,2026-01-13T11:36:14,POSTGRES_DEMO,USR_0047,SES-55950,SELECT,TABLE,trips,,,3505,false,Airflow,CORP_NET
DBE_000593,2026-01-09T16:40:34,POSTGRES_DEMO,USR_0023,SES-63031,SELECT,TABLE,trips,XANH_TRIP_1549,VF8VNF_0048,1829,true,DataTrustOS,CORP_NET
DBE_000594,2026-01-12T16:51:05,POSTGRES_DEMO,USR_0052,SES-30401,UPDATE,TABLE,customers,,,28,true,Metabase,VPN
DBE_000595,2026-01-02T07:07:56,POSTGRES_DEMO,USR_0008,SES-47309,REVOKE,TABLE,trips,,,18,true,DataTrustOS,CORP_NET
DBE_000596,2026-01-06T02:26:06,POSTGRES_DEMO,USR_0006,SES-79206,EXPORT,TABLE,trips,,,1224,true,psql,VPN
DBE_000597,2026-01-11T16:10:40,POSTGRES_DEMO,USR_0041,SES-16801,GRANT,TABLE,user_privileges,,,16,true,DataTrustOS,VPN
DBE_000598,2026-01-08T13:14:41,POSTGRES_DEMO,USR_0004,SES-72041,SELECT,TABLE,trips,XANH_TRIP_4910,,711,true,Airflow,UNKNOWN
DBE_000599,2026-01-06T10:23:05,POSTGRES_DEMO,USR_0003,SES-72438,SELECT,TABLE,customers,XANH_TRIP_2921,VF8VNF_0017,462,true,psql,VPN
DBE_000600,2026-01-10T07:31:53,POSTGRES_DEMO,USR_0042,SES-54553,UPDATE,TABLE,drivers,XANH_TRIP_9189,VF8VNF_0034,8,true,Airflow,CORP_NET
DBE_000601,2026-01-04T17:14:39,POSTGRES_DEMO,USR_0012,SES-47261,SELECT,TABLE,drivers,,,1246,true,DBeaver,CORP_NET
DBE_000602,2026-01-02T12:10:25,POSTGRES_DEMO,USR_0047,SES-11147,SELECT,TABLE,customers,XANH_TRIP_4229,VF8VNF_0036,881,true,psql,UNKNOWN
DBE_000603,2026-01-02T08:56:28,POSTGRES_DEMO,USR_0040,SES-45700,SELECT,TABLE,user_privileges,,,4209,true,DataTrustOS,CORP_NET
DBE_000604,2026-01-10T18:28:56,POSTGRES_DEMO,USR_0005,SES-95267,SELECT,TABLE,drivers,XANH_TRIP_8054,,2415,true,Airflow,UNKNOWN
DBE_000605,2026-01-15T14:01:45,POSTGRES_DEMO,USR_0042,SES-17052,SELECT,TABLE,user_privileges,XANH_TRIP_8593,,2613,true,DBeaver,CORP_NET
DBE_000606,2026-01-02T03:30:42,POSTGRES_DEMO,USR_0008,SES-82926,SELECT,TABLE,drivers,,,1362,true,Metabase,VPN
DBE_000607,2026-01-05T16:41:02,POSTGRES_DEMO,USR_0010,SES-18826,REVOKE,TABLE,user_privileges,,,31,true,Airflow,UNKNOWN
DBE_000608,2026-01-07T19:57:48,POSTGRES_DEMO,USR_0030,SES-54387,EXPORT,TABLE,user_privileges,XANH_TRIP_4646,VF8VNF_0040,710,true,Airflow,VPN
DBE_000609,2026-01-09T08:48:10,POSTGRES_DEMO,USR_0034,SES-72834,REVOKE,TABLE,trips,,,19,true,Metabase,CORP_NET
DBE_000610,2026-01-02T13:24:47,POSTGRES_DEMO,USR_0003,SES-79952,GRANT,TABLE,trips,,,24,true,psql,CORP_NET
DBE_000611,2026-01-11T06:45:27,POSTGRES_DEMO,USR_0024,SES-79131,EXPORT,TABLE,drivers,XANH_TRIP_1218,,3070,true,DataTrustOS,CORP_NET
DBE_000612,2026-01-04T05:23:36,POSTGRES_DEMO,USR_0054,SES-39169,EXPORT,TABLE,customers,,,1179,true,DataTrustOS,VPN
DBE_000613,2026-01-01T06:27:25,POSTGRES_DEMO,USR_0042,SES-75743,EXPORT,TABLE,trips,,,2299,true,psql,VPN
DBE_000614,2026-01-06T13:32:20,POSTGRES_DEMO,USR_0010,SES-37853,SELECT,TABLE,trips,XANH_TRIP_1238,VF8VNF_0036,2891,true,DBeaver,CORP_NET
DBE_000615,2026-01-12T22:08:36,POSTGRES_DEMO,USR_0045,SES-99294,REVOKE,TABLE,trips,,,28,false,Metabase,VPN
DBE_000616,2026-01-10T06:42:13,POSTGRES_DEMO,USR_0007,SES-92219,GRANT,TABLE,customers,,,35,true,Airflow,UNKNOWN
DBE_000617,2026-01-13T08:29:24,POSTGRES_DEMO,USR_0020,SES-57663,UPDATE,TABLE,drivers,XANH_TRIP_4759,VF8VNF_0038,23,true,psql,VPN
DBE_000618,2026-01-07T04:04:41,POSTGRES_DEMO,USR_0039,SES-23865,SELECT,TABLE,customers,XANH_TRIP_1892,VF8VNF_0008,4466,true,psql,UNKNOWN
DBE_000619,2026-01-07T07:19:51,POSTGRES_DEMO,USR_0037,SES-93274,SELECT,TABLE,trips,XANH_TRIP_10054,,1773,true,DBeaver,VPN
DBE_000620,2026-01-04T00:04:48,POSTGRES_DEMO,USR_0042,SES-45532,SELECT,TABLE,trips,,,1434,true,DataTrustOS,CORP_NET
DBE_000621,2026-01-11T21:49:00,POSTGRES_DEMO,USR_0008,SES-47301,EXPORT,TABLE,customers,XANH_TRIP_0267,,1032,true,DataTrustOS,VPN
DBE_000622,2026-01-10T13:47:49,POSTGRES_DEMO,USR_0059,SES-32991,GRANT,TABLE,drivers,,,27,true,DataTrustOS,CORP_NET
DBE_000623,2026-01-13T05:05:37,POSTGRES_DEMO,USR_0012,SES-41622,SELECT,TABLE,drivers,,,3272,true,psql,VPN
DBE_000624,2026-01-02T19:34:59,POSTGRES_DEMO,USR_0035,SES-54827,SELECT,TABLE,drivers,XANH_TRIP_1195,VF8VNF_0033,2594,true,Metabase,CORP_NET
DBE_000625,2026-01-10T23:41:50,POSTGRES_DEMO,USR_0057,SES-32957,UPDATE,TABLE,trips,XANH_TRIP_8102,VF8VNF_0028,5,true,psql,CORP_NET
DBE_000626,2026-01-05T07:02:45,POSTGRES_DEMO,USR_0029,SES-48376,UPDATE,TABLE,customers,,,41,true,psql,UNKNOWN
DBE_000627,2026-01-13T04:41:27,POSTGRES_DEMO,USR_0032,SES-85407,SELECT,TABLE,drivers,,,445,true,Metabase,CORP_NET
DBE_000628,2026-01-02T19:58:14,POSTGRES_DEMO,USR_0047,SES-86275,REVOKE,TABLE,user_privileges,,,10,true,DataTrustOS,UNKNOWN
DBE_000629,2026-01-07T17:17:06,POSTGRES_DEMO,USR_0038,SES-85635,UPDATE,TABLE,trips,XANH_TRIP_3413,VF8VNF_0046,2,true,psql,UNKNOWN
DBE_000630,2026-01-06T19:06:27,POSTGRES_DEMO,USR_0012,SES-68901,SELECT,TABLE,user_privileges,XANH_TRIP_1143,VF8VNF_0007,4454,true,psql,UNKNOWN
DBE_000631,2026-01-13T21:02:03,POSTGRES_DEMO,USR_0029,SES-95937,GRANT,TABLE,drivers,,,25,true,Metabase,VPN
DBE_000632,2026-01-01T09:42:51,POSTGRES_DEMO,USR_0051,SES-13824,GRANT,TABLE,user_privileges,,,2,true,Metabase,UNKNOWN
DBE_000633,2026-01-15T06:40:52,POSTGRES_DEMO,USR_0029,SES-89981,SELECT,TABLE,user_privileges,XANH_TRIP_1439,VF8VNF_0056,1367,true,DataTrustOS,CORP_NET
DBE_000634,2026-01-15T06:42:44,POSTGRES_DEMO,USR_0006,SES-16782,GRANT,TABLE,customers,,,10,true,Airflow,CORP_NET
DBE_000635,2026-01-08T20:18:12,POSTGRES_DEMO,USR_0053,SES-29743,SELECT,TABLE,drivers,XANH_TRIP_1906,VF8VNF_0009,1295,true,Airflow,UNKNOWN
DBE_000636,2026-01-14T01:33:58,POSTGRES_DEMO,USR_0001,SES-93308,GRANT,TABLE,user_privileges,,,25,true,DBeaver,VPN
DBE_000637,2026-01-15T16:56:05,POSTGRES_DEMO,USR_0033,SES-99500,SELECT,TABLE,trips,,,620,true,DBeaver,VPN
DBE_000638,2026-01-14T16:30:16,POSTGRES_DEMO,USR_0025,SES-90378,REVOKE,TABLE,user_privileges,,,35,true,DBeaver,VPN
DBE_000639,2026-01-07T17:07:28,POSTGRES_DEMO,USR_0047,SES-90055,REVOKE,TABLE,user_privileges,,,30,true,psql,CORP_NET
DBE_000640,2026-01-04T00:58:07,POSTGRES_DEMO,USR_0046,SES-18542,UPDATE,TABLE,customers,XANH_TRIP_0942,VF8VNF_0026,25,true,psql,CORP_NET
DBE_000641,2026-01-10T01:28:43,POSTGRES_DEMO,USR_0016,SES-75423,EXPORT,TABLE,user_privileges,XANH_TRIP_4417,,440,false,psql,VPN
DBE_000642,2026-01-03T04:01:29,POSTGRES_DEMO,USR_0019,SES-45538,SELECT,TABLE,trips,XANH_TRIP_5763,,4698,true,psql,CORP_NET
DBE_000643,2026-01-04T10:13:00,POSTGRES_DEMO,USR_0036,SES-61443,REVOKE,TABLE,user_privileges,,,31,true,psql,CORP_NET
DBE_000644,2026-01-04T23:52:55,POSTGRES_DEMO,USR_0029,SES-92114,UPDATE,TABLE,customers,,,28,true,Metabase,VPN
DBE_000645,2026-01-01T14:46:29,POSTGRES_DEMO,USR_0019,SES-33045,UPDATE,TABLE,drivers,XANH_TRIP_7617,VF8VNF_0048,5,true,psql,VPN
DBE_000646,2026-01-14T04:27:52,POSTGRES_DEMO,USR_0011,SES-41480,UPDATE,TABLE,customers,XANH_TRIP_3300,VF8VNF_0017,31,false,DBeaver,UNKNOWN
DBE_000647,2026-01-05T18:42:15,POSTGRES_DEMO,USR_0019,SES-75865,UPDATE,TABLE,customers,XANH_TRIP_9240,,6,true,DBeaver,CORP_NET
DBE_000648,2026-01-11T20:23:49,POSTGRES_DEMO,USR_0028,SES-56709,SELECT,TABLE,customers,XANH_TRIP_9337,,3598,true,DBeaver,UNKNOWN
DBE_000649,2026-01-05T19:31:18,POSTGRES_DEMO,USR_0032,SES-35718,SELECT,TABLE,trips,XANH_TRIP_7809,,4647,true,Airflow,UNKNOWN
DBE_000650,2026-01-10T17:49:41,POSTGRES_DEMO,USR_0043,SES-77343,EXPORT,TABLE,customers,XANH_TRIP_1428,VF8VNF_0038,1005,true,Airflow,VPN
DBE_000651,2026-01-02T09:51:43,POSTGRES_DEMO,USR_0022,SES-44088,EXPORT,TABLE,user_privileges,,,3017,true,Metabase,CORP_NET
DBE_000652,2026-01-06T21:43:11,POSTGRES_DEMO,USR_0041,SES-81906,SELECT,TABLE,drivers,XANH_TRIP_6252,,1963,true,Airflow,VPN
DBE_000653,2026-01-02T01:24:49,POSTGRES_DEMO,USR_0016,SES-84465,UPDATE,TABLE,trips,XANH_TRIP_7088,,40,true,psql,UNKNOWN
DBE_000654,2026-01-15T06:16:34,POSTGRES_DEMO,USR_0020,SES-80325,SELECT,TABLE,trips,XANH_TRIP_7115,,225,true,DBeaver,UNKNOWN
DBE_000655,2026-01-13T12:29:26,POSTGRES_DEMO,USR_0023,SES-93441,SELECT,TABLE,trips,XANH_TRIP_0060,VF8VNF_0045,802,true,Metabase,UNKNOWN
DBE_000656,2026-01-11T21:10:14,POSTGRES_DEMO,USR_0051,SES-68490,GRANT,TABLE,customers,,,13,true,Airflow,VPN
DBE_000657,2026-01-12T16:49:28,POSTGRES_DEMO,USR_0034,SES-53908,EXPORT,TABLE,trips,XANH_TRIP_9598,VF8VNF_0015,300,true,Airflow,UNKNOWN
DBE_000658,2026-01-04T08:11:27,POSTGRES_DEMO,USR_0026,SES-59189,GRANT,TABLE,customers,,,14,true,Airflow,UNKNOWN
DBE_000659,2026-01-04T01:26:56,POSTGRES_DEMO,USR_0007,SES-65987,UPDATE,TABLE,drivers,XANH_TRIP_6937,VF8VNF_0048,33,true,DBeaver,VPN
DBE_000660,2026-01-09T11:02:45,POSTGRES_DEMO,USR_0025,SES-43747,SELECT,TABLE,customers,,,86,true,psql,UNKNOWN
DBE_000661,2026-01-10T18:52:58,POSTGRES_DEMO,USR_0041,SES-95317,UPDATE,TABLE,drivers,XANH_TRIP_1365,VF8VNF_0015,39,true,psql,CORP_NET
DBE_000662,2026-01-08T10:54:15,POSTGRES_DEMO,USR_0048,SES-31203,SELECT,TABLE,user_privileges,XANH_TRIP_3607,VF8VNF_0018,3209,true,Metabase,CORP_NET
DBE_000663,2026-01-09T08:32:32,POSTGRES_DEMO,USR_0055,SES-58353,GRANT,TABLE,user_privileges,,,25,true,DataTrustOS,UNKNOWN
DBE_000664,2026-01-04T19:24:11,POSTGRES_DEMO,USR_0056,SES-88363,SELECT,TABLE,user_privileges,XANH_TRIP_6803,VF8VNF_0016,4940,true,psql,CORP_NET
DBE_000665,2026-01-09T04:40:10,POSTGRES_DEMO,USR_0028,SES-56696,GRANT,TABLE,user_privileges,,,28,true,Airflow,UNKNOWN
DBE_000666,2026-01-04T17:22:01,POSTGRES_DEMO,USR_0012,SES-47267,UPDATE,TABLE,drivers,XANH_TRIP_7299,,40,true,DataTrustOS,UNKNOWN
DBE_000667,2026-01-03T21:41:27,POSTGRES_DEMO,USR_0012,SES-33464,GRANT,TABLE,trips,,,35,true,psql,VPN
DBE_000668,2026-01-12T12:25:44,POSTGRES_DEMO,USR_0020,SES-37594,SELECT,TABLE,user_privileges,,,642,true,DataTrustOS,CORP_NET
DBE_000669,2026-01-04T07:49:59,POSTGRES_DEMO,USR_0057,SES-46150,SELECT,TABLE,user_privileges,,,3331,true,psql,VPN
DBE_000670,2026-01-14T12:55:01,POSTGRES_DEMO,USR_0010,SES-99070,SELECT,TABLE,drivers,,,2813,true,DBeaver,VPN
DBE_000671,2026-01-11T08:09:53,POSTGRES_DEMO,USR_0041,SES-10524,SELECT,TABLE,user_privileges,XANH_TRIP_1836,VF8VNF_0032,4654,true,Metabase,CORP_NET
DBE_000672,2026-01-13T17:01:56,POSTGRES_DEMO,USR_0032,SES-52534,GRANT,TABLE,user_privileges,,,41,true,DBeaver,VPN
DBE_000673,2026-01-04T11:53:24,POSTGRES_DEMO,USR_0050,SES-92304,UPDATE,TABLE,customers,XANH_TRIP_6007,VF8VNF_0011,7,true,psql,CORP_NET
DBE_000674,2026-01-08T11:26:32,POSTGRES_DEMO,USR_0037,SES-97493,SELECT,TABLE,drivers,,,3420,true,Airflow,UNKNOWN
DBE_000675,2026-01-12T15:19:14,POSTGRES_DEMO,USR_0051,SES-10322,EXPORT,TABLE,customers,XANH_TRIP_5700,VF8VNF_0013,4427,true,psql,UNKNOWN
DBE_000676,2026-01-14T21:16:45,POSTGRES_DEMO,USR_0002,SES-41566,EXPORT,TABLE,trips,XANH_TRIP_4217,,2277,true,DataTrustOS,VPN
DBE_000677,2026-01-05T08:51:59,POSTGRES_DEMO,USR_0008,SES-67163,UPDATE,TABLE,user_privileges,XANH_TRIP_1188,VF8VNF_0053,23,true,Airflow,UNKNOWN
DBE_000678,2026-01-04T06:02:34,POSTGRES_DEMO,USR_0050,SES-58918,GRANT,TABLE,drivers,,,28,true,DBeaver,CORP_NET
DBE_000679,2026-01-13T05:15:41,POSTGRES_DEMO,USR_0011,SES-49001,EXPORT,TABLE,user_privileges,,,4081,true,psql,CORP_NET
DBE_000680,2026-01-13T12:36:56,POSTGRES_DEMO,USR_0013,SES-78337,SELECT,TABLE,customers,XANH_TRIP_9682,VF8VNF_0030,3338,true,DataTrustOS,UNKNOWN
DBE_000681,2026-01-15T16:09:04,POSTGRES_DEMO,USR_0059,SES-22104,EXPORT,TABLE,customers,XANH_TRIP_10068,VF8VNF_0011,3195,true,DataTrustOS,UNKNOWN
DBE_000682,2026-01-07T07:37:31,POSTGRES_DEMO,USR_0046,SES-55356,SELECT,TABLE,trips,XANH_TRIP_8954,,3061,false,psql,VPN
DBE_000683,2026-01-10T06:12:52,POSTGRES_DEMO,USR_0026,SES-21721,SELECT,TABLE,customers,XANH_TRIP_6988,VF8VNF_0047,1962,true,Metabase,CORP_NET
DBE_000684,2026-01-06T20:32:32,POSTGRES_DEMO,USR_0050,SES-22437,UPDATE,TABLE,customers,XANH_TRIP_0179,,36,true,DataTrustOS,CORP_NET
DBE_000685,2026-01-14T20:46:40,POSTGRES_DEMO,USR_0013,SES-31982,REVOKE,TABLE,customers,,,20,true,Metabase,CORP_NET
DBE_000686,2026-01-04T20:01:43,POSTGRES_DEMO,USR_0014,SES-13408,SELECT,TABLE,user_privileges,XANH_TRIP_8584,,4121,true,Airflow,CORP_NET
DBE_000687,2026-01-13T23:59:53,POSTGRES_DEMO,USR_0047,SES-94116,EXPORT,TABLE,trips,XANH_TRIP_2023,VF8VNF_0028,497,true,Airflow,CORP_NET
DBE_000688,2026-01-06T18:39:37,POSTGRES_DEMO,USR_0040,SES-88727,UPDATE,TABLE,user_privileges,,,46,true,DBeaver,UNKNOWN
DBE_000689,2026-01-07T16:24:40,POSTGRES_DEMO,USR_0034,SES-22850,SELECT,TABLE,drivers,,,3407,true,DataTrustOS,UNKNOWN
DBE_000690,2026-01-06T18:37:16,POSTGRES_DEMO,USR_0007,SES-15421,SELECT,TABLE,customers,,,4494,true,Metabase,VPN
DBE_000691,2026-01-09T06:09:25,POSTGRES_DEMO,USR_0052,SES-78828,SELECT,TABLE,customers,XANH_TRIP_4652,,3441,false,Airflow,UNKNOWN
DBE_000692,2026-01-05T15:34:08,POSTGRES_DEMO,USR_0049,SES-39254,GRANT,TABLE,user_privileges,,,45,true,DBeaver,UNKNOWN
DBE_000693,2026-01-03T20:28:11,POSTGRES_DEMO,USR_0010,SES-54484,EXPORT,TABLE,customers,XANH_TRIP_4947,VF8VNF_0053,1465,true,DataTrustOS,CORP_NET
DBE_000694,2026-01-04T12:08:40,POSTGRES_DEMO,USR_0034,SES-81874,REVOKE,TABLE,drivers,,,32,true,psql,UNKNOWN
DBE_000695,2026-01-07T13:54:59,POSTGRES_DEMO,USR_0057,SES-64672,REVOKE,TABLE,user_privileges,,,25,true,DataTrustOS,VPN
DBE_000696,2026-01-14T01:15:04,POSTGRES_DEMO,USR_0037,SES-66974,GRANT,TABLE,user_privileges,,,4,true,DataTrustOS,CORP_NET
DBE_000697,2026-01-13T05:55:15,POSTGRES_DEMO,USR_0007,SES-62653,SELECT,TABLE,user_privileges,XANH_TRIP_10019,,820,true,DBeaver,VPN
DBE_000698,2026-01-08T21:17:18,POSTGRES_DEMO,USR_0010,SES-70769,UPDATE,TABLE,customers,XANH_TRIP_4277,,33,true,Airflow,UNKNOWN
DBE_000699,2026-01-04T10:34:38,POSTGRES_DEMO,USR_0033,SES-77078,GRANT,TABLE,customers,,,22,true,Airflow,CORP_NET
DBE_000700,2026-01-14T04:06:35,POSTGRES_DEMO,USR_0048,SES-72640,REVOKE,TABLE,customers,,,37,true,DBeaver,VPN
DBE_000701,2026-01-12T19:01:34,POSTGRES_DEMO,USR_0043,SES-34115,SELECT,TABLE,customers,XANH_TRIP_8471,,1649,true,DBeaver,CORP_NET
DBE_000702,2026-01-06T02:09:15,POSTGRES_DEMO,USR_0045,SES-68596,UPDATE,TABLE,drivers,XANH_TRIP_7260,,24,true,psql,UNKNOWN
DBE_000703,2026-01-06T10:30:20,POSTGRES_DEMO,USR_0049,SES-84796,UPDATE,TABLE,user_privileges,XANH_TRIP_0074,VF8VNF_0059,10,true,psql,UNKNOWN
DBE_000704,2026-01-14T17:41:07,POSTGRES_DEMO,USR_0001,SES-51539,REVOKE,TABLE,drivers,,,34,true,Metabase,UNKNOWN
DBE_000705,2026-01-12T05:29:56,POSTGRES_DEMO,USR_0002,SES-96107,SELECT,TABLE,trips,XANH_TRIP_8814,VF8VNF_0036,710,true,psql,UNKNOWN
DBE_000706,2026-01-11T04:13:32,POSTGRES_DEMO,USR_0025,SES-78246,SELECT,TABLE,customers,XANH_TRIP_1883,VF8VNF_0038,2504,true,DataTrustOS,VPN
DBE_000707,2026-01-02T02:34:44,POSTGRES_DEMO,USR_0043,SES-76809,GRANT,TABLE,drivers,,,16,true,DBeaver,VPN
DBE_000708,2026-01-08T06:41:12,POSTGRES_DEMO,USR_0045,SES-43310,EXPORT,TABLE,trips,,,2899,true,DBeaver,UNKNOWN
DBE_000709,2026-01-09T11:36:09,POSTGRES_DEMO,USR_0059,SES-96340,SELECT,TABLE,user_privileges,XANH_TRIP_4761,,941,true,psql,CORP_NET
DBE_000710,2026-01-15T10:39:05,POSTGRES_DEMO,USR_0042,SES-19685,GRANT,TABLE,user_privileges,,,12,true,Airflow,UNKNOWN
DBE_000711,2026-01-08T17:17:44,POSTGRES_DEMO,USR_0053,SES-93891,SELECT,TABLE,customers,,,36,true,Metabase,CORP_NET
DBE_000712,2026-01-04T18:03:03,POSTGRES_DEMO,USR_0047,SES-40397,UPDATE,TABLE,drivers,,,39,true,Metabase,VPN
DBE_000713,2026-01-06T21:05:31,POSTGRES_DEMO,USR_0040,SES-42316,SELECT,TABLE,user_privileges,XANH_TRIP_4342,,124,true,psql,VPN
DBE_000714,2026-01-08T10:14:29,POSTGRES_DEMO,USR_0034,SES-71756,REVOKE,TABLE,trips,,,35,true,Metabase,CORP_NET
DBE_000715,2026-01-01T16:57:12,POSTGRES_DEMO,USR_0010,SES-68203,REVOKE,TABLE,user_privileges,,,46,true,psql,CORP_NET
DBE_000716,2026-01-05T08:08:14,POSTGRES_DEMO,USR_0047,SES-51212,GRANT,TABLE,user_privileges,,,50,true,DataTrustOS,UNKNOWN
DBE_000717,2026-01-05T06:06:54,POSTGRES_DEMO,USR_0023,SES-43202,SELECT,TABLE,user_privileges,XANH_TRIP_6938,,836,true,DataTrustOS,VPN
DBE_000718,2026-01-05T06:17:22,POSTGRES_DEMO,USR_0055,SES-29061,UPDATE,TABLE,user_privileges,,,38,true,Metabase,VPN
DBE_000719,2026-01-02T00:48:04,POSTGRES_DEMO,USR_0012,SES-61720,GRANT,TABLE,drivers,,,8,true,DBeaver,CORP_NET
DBE_000720,2026-01-04T09:20:50,POSTGRES_DEMO,USR_0050,SES-34188,SELECT,TABLE,user_privileges,XANH_TRIP_7960,VF8VNF_0008,3918,true,DBeaver,UNKNOWN
DBE_000721,2026-01-12T14:01:55,POSTGRES_DEMO,USR_0059,SES-76272,SELECT,TABLE,trips,XANH_TRIP_6979,VF8VNF_0015,1668,true,Airflow,CORP_NET
DBE_000722,2026-01-04T09:00:28,POSTGRES_DEMO,USR_0001,SES-49640,REVOKE,TABLE,customers,,,13,true,psql,CORP_NET
DBE_000723,2026-01-13T20:51:00,POSTGRES_DEMO,USR_0057,SES-66927,REVOKE,TABLE,user_privileges,,,33,true,DBeaver,UNKNOWN
DBE_000724,2026-01-15T12:22:54,POSTGRES_DEMO,USR_0012,SES-33736,GRANT,TABLE,customers,,,28,true,Airflow,VPN
DBE_000725,2026-01-09T03:08:23,POSTGRES_DEMO,USR_0007,SES-52401,SELECT,TABLE,user_privileges,,,32,true,DBeaver,VPN
DBE_000726,2026-01-11T03:31:27,POSTGRES_DEMO,USR_0017,SES-76278,GRANT,TABLE,drivers,,,12,true,Metabase,CORP_NET
DBE_000727,2026-01-13T07:22:55,POSTGRES_DEMO,USR_0022,SES-80871,EXPORT,TABLE,drivers,,,1880,true,DataTrustOS,UNKNOWN
DBE_000728,2026-01-13T11:38:09,POSTGRES_DEMO,USR_0006,SES-23431,UPDATE,TABLE,customers,XANH_TRIP_3723,VF8VNF_0018,20,true,Metabase,VPN
DBE_000729,2026-01-02T12:15:59,POSTGRES_DEMO,USR_0037,SES-35484,SELECT,TABLE,customers,XANH_TRIP_4949,VF8VNF_0020,742,true,DBeaver,CORP_NET
DBE_000730,2026-01-06T04:17:40,POSTGRES_DEMO,USR_0048,SES-78036,SELECT,TABLE,user_privileges,XANH_TRIP_7933,VF8VNF_0022,3504,true,Airflow,UNKNOWN
DBE_000731,2026-01-13T01:41:38,POSTGRES_DEMO,USR_0031,SES-87424,EXPORT,TABLE,trips,,,4536,true,psql,UNKNOWN
DBE_000732,2026-01-03T03:00:52,POSTGRES_DEMO,USR_0054,SES-69263,SELECT,TABLE,trips,,,871,true,DataTrustOS,CORP_NET
DBE_000733,2026-01-10T11:09:03,POSTGRES_DEMO,USR_0006,SES-15726,GRANT,TABLE,customers,,,32,true,psql,CORP_NET
DBE_000734,2026-01-06T16:57:16,POSTGRES_DEMO,USR_0045,SES-92225,SELECT,TABLE,user_privileges,XANH_TRIP_8183,,1088,true,Airflow,CORP_NET
DBE_000735,2026-01-09T20:52:34,POSTGRES_DEMO,USR_0017,SES-48827,UPDATE,TABLE,drivers,,,5,true,DBeaver,UNKNOWN
DBE_000736,2026-01-01T06:25:00,POSTGRES_DEMO,USR_0045,SES-29734,EXPORT,TABLE,customers,XANH_TRIP_8429,VF8VNF_0045,4619,true,Airflow,VPN
DBE_000737,2026-01-10T02:04:50,POSTGRES_DEMO,USR_0032,SES-88817,SELECT,TABLE,trips,,,4280,true,psql,VPN
DBE_000738,2026-01-03T01:48:33,POSTGRES_DEMO,USR_0046,SES-13849,SELECT,TABLE,trips,XANH_TRIP_5560,VF8VNF_0036,2647,true,psql,CORP_NET
DBE_000739,2026-01-08T10:51:39,POSTGRES_DEMO,USR_0021,SES-40861,REVOKE,TABLE,drivers,,,17,true,psql,VPN
DBE_000740,2026-01-10T08:21:50,POSTGRES_DEMO,USR_0022,SES-73837,SELECT,TABLE,user_privileges,XANH_TRIP_4260,VF8VNF_0026,1401,true,psql,VPN
DBE_000741,2026-01-08T05:47:33,POSTGRES_DEMO,USR_0050,SES-50510,UPDATE,TABLE,drivers,XANH_TRIP_2903,VF8VNF_0031,24,true,psql,VPN
DBE_000742,2026-01-12T05:40:57,POSTGRES_DEMO,USR_0060,SES-23428,UPDATE,TABLE,drivers,XANH_TRIP_5887,,4,true,Airflow,CORP_NET
DBE_000743,2026-01-13T18:25:06,POSTGRES_DEMO,USR_0036,SES-55995,GRANT,TABLE,drivers,,,36,true,DBeaver,CORP_NET
DBE_000744,2026-01-07T00:37:38,POSTGRES_DEMO,USR_0055,SES-76599,UPDATE,TABLE,drivers,XANH_TRIP_4374,VF8VNF_0015,42,true,psql,CORP_NET
DBE_000745,2026-01-13T01:50:17,POSTGRES_DEMO,USR_0017,SES-95384,SELECT,TABLE,drivers,,,2303,true,Airflow,CORP_NET
DBE_000746,2026-01-06T01:09:18,POSTGRES_DEMO,USR_0032,SES-37282,SELECT,TABLE,trips,,,4247,true,DBeaver,UNKNOWN
DBE_000747,2026-01-13T07:44:06,POSTGRES_DEMO,USR_0028,SES-68872,GRANT,TABLE,trips,,,39,true,Metabase,UNKNOWN
DBE_000748,2026-01-08T07:46:01,POSTGRES_DEMO,USR_0049,SES-11536,SELECT,TABLE,trips,XANH_TRIP_5432,,4051,true,DBeaver,CORP_NET
DBE_000749,2026-01-02T23:34:39,POSTGRES_DEMO,USR_0056,SES-85246,SELECT,TABLE,trips,,,2704,true,psql,UNKNOWN
DBE_000750,2026-01-10T03:19:27,POSTGRES_DEMO,USR_0001,SES-94030,EXPORT,TABLE,trips,,,21,true,Metabase,CORP_NET
DBE_000751,2026-01-11T23:10:55,POSTGRES_DEMO,USR_0033,SES-65478,SELECT,TABLE,customers,XANH_TRIP_3660,,2811,true,psql,CORP_NET
DBE_000752,2026-01-05T18:08:38,POSTGRES_DEMO,USR_0030,SES-57120,SELECT,TABLE,drivers,XANH_TRIP_7597,,3426,true,Airflow,CORP_NET
DBE_000753,2026-01-11T08:31:22,POSTGRES_DEMO,USR_0053,SES-51868,EXPORT,TABLE,user_privileges,XANH_TRIP_0055,VF8VNF_0001,1248,true,psql,CORP_NET
DBE_000754,2026-01-11T22:53:36,POSTGRES_DEMO,USR_0001,SES-75898,SELECT,TABLE,trips,XANH_TRIP_9465,,4897,true,DataTrustOS,CORP_NET
DBE_000755,2026-01-13T10:14:42,POSTGRES_DEMO,USR_0019,SES-31870,SELECT,TABLE,drivers,XANH_TRIP_7562,VF8VNF_0020,1549,true,psql,CORP_NET
DBE_000756,2026-01-03T01:59:16,POSTGRES_DEMO,USR_0030,SES-87555,SELECT,TABLE,trips,XANH_TRIP_6440,,1267,true,Airflow,UNKNOWN
DBE_000757,2026-01-14T12:04:55,POSTGRES_DEMO,USR_0040,SES-39703,EXPORT,TABLE,drivers,XANH_TRIP_6446,,1278,true,DataTrustOS,CORP_NET
DBE_000758,2026-01-10T23:31:20,POSTGRES_DEMO,USR_0008,SES-14513,REVOKE,TABLE,trips,,,24,true,DBeaver,CORP_NET
DBE_000759,2026-01-15T14:38:52,POSTGRES_DEMO,USR_0035,SES-35232,SELECT,TABLE,drivers,XANH_TRIP_5870,VF8VNF_0054,1671,true,DataTrustOS,UNKNOWN
DBE_000760,2026-01-12T13:05:28,POSTGRES_DEMO,USR_0004,SES-84442,UPDATE,TABLE,drivers,XANH_TRIP_5797,,42,true,DataTrustOS,VPN
DBE_000761,2026-01-11T04:18:08,POSTGRES_DEMO,USR_0002,SES-27090,SELECT,TABLE,customers,XANH_TRIP_8890,,1509,true,DBeaver,VPN
DBE_000762,2026-01-11T22:24:47,POSTGRES_DEMO,USR_0036,SES-45967,SELECT,TABLE,customers,XANH_TRIP_8530,VF8VNF_0047,943,true,Metabase,VPN
DBE_000763,2026-01-01T21:21:19,POSTGRES_DEMO,USR_0026,SES-50810,SELECT,TABLE,trips,,,1821,true,Airflow,CORP_NET
DBE_000764,2026-01-06T12:59:15,POSTGRES_DEMO,USR_0047,SES-29559,GRANT,TABLE,customers,,,42,true,DBeaver,VPN
DBE_000765,2026-01-13T08:23:48,POSTGRES_DEMO,USR_0028,SES-46705,SELECT,TABLE,customers,XANH_TRIP_3069,VF8VNF_0018,1373,true,Airflow,UNKNOWN
DBE_000766,2026-01-05T15:05:51,POSTGRES_DEMO,USR_0017,SES-40112,SELECT,TABLE,drivers,XANH_TRIP_8900,,3460,true,Metabase,CORP_NET
DBE_000767,2026-01-06T01:33:33,POSTGRES_DEMO,USR_0043,SES-36883,EXPORT,TABLE,user_privileges,XANH_TRIP_2305,,3176,true,DBeaver,CORP_NET
DBE_000768,2026-01-12T02:14:33,POSTGRES_DEMO,USR_0048,SES-90143,GRANT,TABLE,drivers,,,14,true,Airflow,CORP_NET
DBE_000769,2026-01-12T12:31:50,POSTGRES_DEMO,USR_0054,SES-42794,SELECT,TABLE,drivers,XANH_TRIP_1927,,121,true,Metabase,CORP_NET
DBE_000770,2026-01-13T04:37:24,POSTGRES_DEMO,USR_0012,SES-34914,GRANT,TABLE,customers,,,26,true,Airflow,CORP_NET
DBE_000771,2026-01-03T19:30:26,POSTGRES_DEMO,USR_0059,SES-80518,SELECT,TABLE,trips,,,2725,true,Airflow,CORP_NET
DBE_000772,2026-01-13T08:58:32,POSTGRES_DEMO,USR_0053,SES-85353,GRANT,TABLE,user_privileges,,,29,true,Metabase,UNKNOWN
DBE_000773,2026-01-02T23:03:06,POSTGRES_DEMO,USR_0060,SES-41566,SELECT,TABLE,customers,XANH_TRIP_8338,,1027,true,DataTrustOS,VPN
DBE_000774,2026-01-02T00:47:34,POSTGRES_DEMO,USR_0050,SES-72303,SELECT,TABLE,customers,XANH_TRIP_4577,VF8VNF_0037,2996,true,DataTrustOS,UNKNOWN
DBE_000775,2026-01-03T08:35:19,POSTGRES_DEMO,USR_0003,SES-38203,GRANT,TABLE,user_privileges,,,15,true,DataTrustOS,CORP_NET
DBE_000776,2026-01-04T21:03:08,POSTGRES_DEMO,USR_0011,SES-75454,EXPORT,TABLE,user_privileges,XANH_TRIP_6001,,2404,true,DataTrustOS,UNKNOWN
DBE_000777,2026-01-13T21:36:34,POSTGRES_DEMO,USR_0002,SES-64953,REVOKE,TABLE,user_privileges,,,50,true,Airflow,CORP_NET
DBE_000778,2026-01-15T00:20:06,POSTGRES_DEMO,USR_0011,SES-84482,EXPORT,TABLE,customers,XANH_TRIP_7931,VF8VNF_0010,4847,true,Airflow,UNKNOWN
DBE_000779,2026-01-02T13:19:02,POSTGRES_DEMO,USR_0015,SES-99359,GRANT,TABLE,drivers,,,26,true,Metabase,UNKNOWN
DBE_000780,2026-01-13T13:05:55,POSTGRES_DEMO,USR_0005,SES-31391,UPDATE,TABLE,drivers,,,49,true,DataTrustOS,VPN
DBE_000781,2026-01-03T14:42:10,POSTGRES_DEMO,USR_0049,SES-84380,GRANT,TABLE,customers,,,13,true,Metabase,CORP_NET
DBE_000782,2026-01-13T13:33:54,POSTGRES_DEMO,USR_0028,SES-77024,SELECT,TABLE,customers,XANH_TRIP_4395,VF8VNF_0057,3752,true,DBeaver,CORP_NET
DBE_000783,2026-01-10T23:00:39,POSTGRES_DEMO,USR_0025,SES-78574,SELECT,TABLE,user_privileges,,,1474,true,Airflow,UNKNOWN
DBE_000784,2026-01-11T16:03:08,POSTGRES_DEMO,USR_0060,SES-77176,EXPORT,TABLE,user_privileges,XANH_TRIP_8016,VF8VNF_0050,2523,true,DataTrustOS,UNKNOWN
DBE_000785,2026-01-07T03:36:53,POSTGRES_DEMO,USR_0043,SES-82074,GRANT,TABLE,customers,,,16,true,Airflow,VPN
DBE_000786,2026-01-03T05:04:31,POSTGRES_DEMO,USR_0003,SES-32852,GRANT,TABLE,user_privileges,,,15,true,Metabase,VPN
DBE_000787,2026-01-11T16:26:59,POSTGRES_DEMO,USR_0039,SES-46681,EXPORT,TABLE,customers,XANH_TRIP_9869,VF8VNF_0016,3125,true,DataTrustOS,VPN
DBE_000788,2026-01-08T15:50:44,POSTGRES_DEMO,USR_0005,SES-57362,EXPORT,TABLE,trips,XANH_TRIP_4723,,1978,true,Airflow,CORP_NET
DBE_000789,2026-01-05T10:02:47,POSTGRES_DEMO,USR_0054,SES-34155,SELECT,TABLE,customers,XANH_TRIP_2076,,3461,true,Metabase,VPN
DBE_000790,2026-01-04T15:19:00,POSTGRES_DEMO,USR_0003,SES-51434,UPDATE,TABLE,customers,XANH_TRIP_3886,VF8VNF_0051,5,true,DataTrustOS,VPN
DBE_000791,2026-01-10T21:46:57,POSTGRES_DEMO,USR_0017,SES-60083,UPDATE,TABLE,trips,,,21,true,DBeaver,CORP_NET
DBE_000792,2026-01-15T11:08:56,POSTGRES_DEMO,USR_0047,SES-57971,EXPORT,TABLE,trips,XANH_TRIP_2962,VF8VNF_0030,927,true,Airflow,UNKNOWN
DBE_000793,2026-01-02T14:43:02,POSTGRES_DEMO,USR_0043,SES-22401,SELECT,TABLE,customers,XANH_TRIP_8384,VF8VNF_0049,2779,true,Metabase,CORP_NET
DBE_000794,2026-01-02T06:17:46,POSTGRES_DEMO,USR_0003,SES-60921,GRANT,TABLE,customers,,,49,false,Airflow,CORP_NET
DBE_000795,2026-01-02T11:41:40,POSTGRES_DEMO,USR_0022,SES-13526,REVOKE,TABLE,user_privileges,,,34,true,DBeaver,CORP_NET
DBE_000796,2026-01-09T10:45:17,POSTGRES_DEMO,USR_0012,SES-20200,UPDATE,TABLE,drivers,XANH_TRIP_9872,VF8VNF_0048,44,true,DBeaver,UNKNOWN
DBE_000797,2026-01-11T21:05:06,POSTGRES_DEMO,USR_0037,SES-59029,SELECT,TABLE,trips,XANH_TRIP_3798,VF8VNF_0055,864,true,DataTrustOS,VPN
DBE_000798,2026-01-12T01:36:15,POSTGRES_DEMO,USR_0002,SES-58312,UPDATE,TABLE,user_privileges,XANH_TRIP_0700,VF8VNF_0058,7,true,DBeaver,UNKNOWN
DBE_000799,2026-01-14T16:45:10,POSTGRES_DEMO,USR_0019,SES-20151,SELECT,TABLE,trips,XANH_TRIP_9300,,1978,true,Metabase,UNKNOWN
DBE_000800,2026-01-02T05:32:33,POSTGRES_DEMO,USR_0036,SES-21437,SELECT,TABLE,user_privileges,XANH_TRIP_2192,,2545,true,Metabase,UNKNOWN
DBE_000801,2026-01-11T06:19:12,POSTGRES_DEMO,USR_0021,SES-89809,SELECT,TABLE,customers,XANH_TRIP_2154,,4286,true,DataTrustOS,VPN
DBE_000802,2026-01-04T04:19:03,POSTGRES_DEMO,USR_0012,SES-51457,SELECT,TABLE,customers,XANH_TRIP_8097,,2658,true,DataTrustOS,VPN
DBE_000803,2026-01-15T03:57:46,POSTGRES_DEMO,USR_0033,SES-69350,GRANT,TABLE,trips,,,15,true,psql,VPN
DBE_000804,2026-01-02T21:17:53,POSTGRES_DEMO,USR_0037,SES-72262,SELECT,TABLE,trips,XANH_TRIP_1485,VF8VNF_0047,1200,true,DBeaver,UNKNOWN
DBE_000805,2026-01-09T04:18:34,POSTGRES_DEMO,USR_0017,SES-26331,SELECT,TABLE,customers,,,2483,true,Airflow,CORP_NET
DBE_000806,2026-01-07T05:10:01,POSTGRES_DEMO,USR_0013,SES-30958,UPDATE,TABLE,user_privileges,XANH_TRIP_3656,VF8VNF_0034,20,true,DBeaver,CORP_NET
DBE_000807,2026-01-01T10:03:23,POSTGRES_DEMO,USR_0003,SES-37844,UPDATE,TABLE,trips,,,23,true,psql,VPN
DBE_000808,2026-01-03T02:22:59,POSTGRES_DEMO,USR_0002,SES-35277,EXPORT,TABLE,customers,XANH_TRIP_2615,,1703,true,DBeaver,UNKNOWN
DBE_000809,2026-01-02T04:25:56,POSTGRES_DEMO,USR_0015,SES-20204,REVOKE,TABLE,trips,,,26,true,Airflow,UNKNOWN
DBE_000810,2026-01-09T09:35:10,POSTGRES_DEMO,USR_0055,SES-99896,SELECT,TABLE,drivers,,,1716,true,Airflow,UNKNOWN
DBE_000811,2026-01-13T16:59:47,POSTGRES_DEMO,USR_0033,SES-57329,SELECT,TABLE,user_privileges,XANH_TRIP_0346,VF8VNF_0021,3043,true,DataTrustOS,UNKNOWN
DBE_000812,2026-01-11T17:40:58,POSTGRES_DEMO,USR_0053,SES-80489,SELECT,TABLE,trips,XANH_TRIP_2167,VF8VNF_0032,3179,true,Airflow,UNKNOWN
DBE_000813,2026-01-01T06:36:04,POSTGRES_DEMO,USR_0015,SES-25021,SELECT,TABLE,drivers,XANH_TRIP_4324,VF8VNF_0029,4296,true,psql,UNKNOWN
DBE_000814,2026-01-11T23:03:15,POSTGRES_DEMO,USR_0052,SES-91921,EXPORT,TABLE,user_privileges,XANH_TRIP_6931,VF8VNF_0012,1010,true,Airflow,CORP_NET
DBE_000815,2026-01-05T16:57:43,POSTGRES_DEMO,USR_0008,SES-87802,SELECT,TABLE,drivers,XANH_TRIP_3686,VF8VNF_0057,2243,true,Airflow,VPN
DBE_000816,2026-01-10T10:34:48,POSTGRES_DEMO,USR_0004,SES-80546,SELECT,TABLE,trips,XANH_TRIP_10015,VF8VNF_0056,4906,true,Metabase,UNKNOWN
DBE_000817,2026-01-11T15:09:26,POSTGRES_DEMO,USR_0008,SES-65789,SELECT,TABLE,customers,XANH_TRIP_4808,,4024,true,psql,VPN
DBE_000818,2026-01-01T11:02:46,POSTGRES_DEMO,USR_0049,SES-69800,UPDATE,TABLE,drivers,XANH_TRIP_9051,,32,true,DBeaver,CORP_NET
DBE_000819,2026-01-13T05:12:55,POSTGRES_DEMO,USR_0016,SES-34167,SELECT,TABLE,drivers,,,923,true,Metabase,UNKNOWN
DBE_000820,2026-01-04T21:58:48,POSTGRES_DEMO,USR_0043,SES-49906,SELECT,TABLE,trips,,,3445,true,psql,VPN
DBE_000821,2026-01-06T16:00:39,POSTGRES_DEMO,USR_0041,SES-43515,EXPORT,TABLE,drivers,XANH_TRIP_3044,,4403,true,DBeaver,CORP_NET
DBE_000822,2026-01-02T05:57:51,POSTGRES_DEMO,USR_0030,SES-44842,REVOKE,TABLE,drivers,,,32,true,Metabase,CORP_NET
DBE_000823,2026-01-04T05:56:04,POSTGRES_DEMO,USR_0043,SES-51210,SELECT,TABLE,drivers,,,468,true,psql,CORP_NET
DBE_000824,2026-01-11T08:05:33,POSTGRES_DEMO,USR_0053,SES-46643,UPDATE,TABLE,user_privileges,XANH_TRIP_10161,VF8VNF_0050,24,true,Metabase,UNKNOWN
DBE_000825,2026-01-12T22:34:15,POSTGRES_DEMO,USR_0033,SES-55539,EXPORT,TABLE,user_privileges,,,2423,true,Metabase,CORP_NET
DBE_000826,2026-01-14T18:32:38,POSTGRES_DEMO,USR_0059,SES-60402,GRANT,TABLE,customers,,,36,true,psql,CORP_NET
DBE_000827,2026-01-15T06:13:23,POSTGRES_DEMO,USR_0034,SES-63988,SELECT,TABLE,customers,XANH_TRIP_5452,,2089,true,DataTrustOS,VPN
DBE_000828,2026-01-05T05:18:35,POSTGRES_DEMO,USR_0041,SES-87949,SELECT,TABLE,drivers,XANH_TRIP_3638,VF8VNF_0057,80,true,DataTrustOS,UNKNOWN
DBE_000829,2026-01-10T21:36:44,POSTGRES_DEMO,USR_0043,SES-67399,REVOKE,TABLE,trips,,,16,true,DataTrustOS,UNKNOWN
DBE_000830,2026-01-05T20:10:51,POSTGRES_DEMO,USR_0052,SES-12520,SELECT,TABLE,trips,,,4503,true,DBeaver,UNKNOWN
DBE_000831,2026-01-06T22:12:23,POSTGRES_DEMO,USR_0002,SES-11982,UPDATE,TABLE,customers,XANH_TRIP_0595,VF8VNF_0051,19,true,Airflow,UNKNOWN
DBE_000832,2026-01-09T21:32:48,POSTGRES_DEMO,USR_0041,SES-49743,SELECT,TABLE,customers,XANH_TRIP_2719,VF8VNF_0021,1985,true,Airflow,VPN
DBE_000833,2026-01-03T01:57:45,POSTGRES_DEMO,USR_0021,SES-25811,GRANT,TABLE,user_privileges,,,30,true,Metabase,VPN
DBE_000834,2026-01-08T03:02:56,POSTGRES_DEMO,USR_0023,SES-73948,SELECT,TABLE,trips,XANH_TRIP_9878,,1899,true,DBeaver,UNKNOWN
DBE_000835,2026-01-03T17:42:19,POSTGRES_DEMO,USR_0053,SES-69970,UPDATE,TABLE,customers,XANH_TRIP_9885,,8,true,DataTrustOS,UNKNOWN
DBE_000836,2026-01-04T11:38:48,POSTGRES_DEMO,USR_0041,SES-55583,REVOKE,TABLE,drivers,,,29,true,DataTrustOS,CORP_NET
DBE_000837,2026-01-05T09:59:54,POSTGRES_DEMO,USR_0007,SES-30605,REVOKE,TABLE,drivers,,,47,true,psql,CORP_NET
DBE_000838,2026-01-13T15:41:28,POSTGRES_DEMO,USR_0008,SES-87572,SELECT,TABLE,trips,XANH_TRIP_2636,VF8VNF_0055,3485,true,psql,VPN
DBE_000839,2026-01-08T05:54:33,POSTGRES_DEMO,USR_0049,SES-73806,UPDATE,TABLE,trips,XANH_TRIP_2507,VF8VNF_0017,4,true,psql,CORP_NET
DBE_000840,2026-01-02T04:42:03,POSTGRES_DEMO,USR_0007,SES-45641,SELECT,TABLE,user_privileges,,,58,true,Metabase,UNKNOWN
DBE_000841,2026-01-02T02:57:00,POSTGRES_DEMO,USR_0042,SES-58887,EXPORT,TABLE,drivers,XANH_TRIP_9911,VF8VNF_0004,356,true,psql,VPN
DBE_000842,2026-01-13T22:26:03,POSTGRES_DEMO,USR_0049,SES-63253,REVOKE,TABLE,drivers,,,25,true,Airflow,UNKNOWN
DBE_000843,2026-01-05T07:04:35,POSTGRES_DEMO,USR_0036,SES-19338,SELECT,TABLE,customers,XANH_TRIP_3017,VF8VNF_0001,2113,true,psql,CORP_NET
DBE_000844,2026-01-13T11:08:29,POSTGRES_DEMO,USR_0050,SES-47902,GRANT,TABLE,customers,,,23,true,DataTrustOS,UNKNOWN
DBE_000845,2026-01-10T12:36:34,POSTGRES_DEMO,USR_0030,SES-95739,REVOKE,TABLE,drivers,,,47,true,DataTrustOS,VPN
DBE_000846,2026-01-04T03:45:27,POSTGRES_DEMO,USR_0027,SES-94950,UPDATE,TABLE,user_privileges,XANH_TRIP_5100,,49,true,DBeaver,CORP_NET
DBE_000847,2026-01-06T14:54:09,POSTGRES_DEMO,USR_0029,SES-34429,GRANT,TABLE,trips,,,23,true,Metabase,VPN
DBE_000848,2026-01-03T15:56:49,POSTGRES_DEMO,USR_0011,SES-57561,SELECT,TABLE,trips,XANH_TRIP_2072,,4657,true,psql,CORP_NET
DBE_000849,2026-01-08T12:36:27,POSTGRES_DEMO,USR_0012,SES-11071,EXPORT,TABLE,trips,XANH_TRIP_4578,VF8VNF_0014,2483,true,DataTrustOS,VPN
DBE_000850,2026-01-07T07:03:05,POSTGRES_DEMO,USR_0026,SES-53089,UPDATE,TABLE,user_privileges,XANH_TRIP_4641,VF8VNF_0014,14,true,Airflow,UNKNOWN
DBE_000851,2026-01-07T10:17:00,POSTGRES_DEMO,USR_0028,SES-93791,SELECT,TABLE,drivers,XANH_TRIP_5163,VF8VNF_0011,2265,true,Airflow,VPN
DBE_000852,2026-01-15T11:23:05,POSTGRES_DEMO,USR_0006,SES-70319,REVOKE,TABLE,trips,,,31,true,psql,VPN
DBE_000853,2026-01-10T14:36:25,POSTGRES_DEMO,USR_0056,SES-51558,EXPORT,TABLE,drivers,XANH_TRIP_2750,VF8VNF_0024,4998,true,Metabase,UNKNOWN
DBE_000854,2026-01-09T12:22:08,POSTGRES_DEMO,USR_0054,SES-96944,SELECT,TABLE,user_privileges,XANH_TRIP_3151,VF8VNF_0024,1601,true,DBeaver,CORP_NET
DBE_000855,2026-01-02T06:49:07,POSTGRES_DEMO,USR_0047,SES-74716,SELECT,TABLE,customers,,,2377,true,DataTrustOS,CORP_NET
DBE_000856,2026-01-12T16:01:58,POSTGRES_DEMO,USR_0041,SES-30714,SELECT,TABLE,user_privileges,XANH_TRIP_10119,VF8VNF_0017,2027,true,psql,VPN
DBE_000857,2026-01-08T04:34:08,POSTGRES_DEMO,USR_0014,SES-50279,SELECT,TABLE,customers,,,600,true,Airflow,VPN
DBE_000858,2026-01-02T11:41:50,POSTGRES_DEMO,USR_0008,SES-31922,EXPORT,TABLE,drivers,XANH_TRIP_3680,VF8VNF_0033,3186,true,psql,VPN
DBE_000859,2026-01-02T04:53:42,POSTGRES_DEMO,USR_0008,SES-28992,UPDATE,TABLE,trips,XANH_TRIP_4192,,15,true,DBeaver,CORP_NET
DBE_000860,2026-01-07T07:07:35,POSTGRES_DEMO,USR_0046,SES-92121,REVOKE,TABLE,trips,,,29,true,Airflow,VPN
DBE_000861,2026-01-09T22:10:21,POSTGRES_DEMO,USR_0059,SES-25044,SELECT,TABLE,user_privileges,,,2015,true,DBeaver,CORP_NET
DBE_000862,2026-01-12T11:43:25,POSTGRES_DEMO,USR_0042,SES-31177,SELECT,TABLE,drivers,XANH_TRIP_1578,VF8VNF_0013,3520,true,Airflow,VPN
DBE_000863,2026-01-12T09:53:32,POSTGRES_DEMO,USR_0008,SES-47546,SELECT,TABLE,customers,,,4063,true,DataTrustOS,VPN
DBE_000864,2026-01-02T23:34:35,POSTGRES_DEMO,USR_0025,SES-14994,SELECT,TABLE,user_privileges,,,2671,true,psql,VPN
DBE_000865,2026-01-14T03:07:11,POSTGRES_DEMO,USR_0008,SES-51733,SELECT,TABLE,drivers,XANH_TRIP_9158,VF8VNF_0053,4012,true,DBeaver,VPN
DBE_000866,2026-01-02T14:19:49,POSTGRES_DEMO,USR_0005,SES-23291,REVOKE,TABLE,drivers,,,24,true,Airflow,VPN
DBE_000867,2026-01-09T08:17:39,POSTGRES_DEMO,USR_0029,SES-13296,REVOKE,TABLE,trips,,,46,true,psql,UNKNOWN
DBE_000868,2026-01-04T22:14:42,POSTGRES_DEMO,USR_0029,SES-69242,REVOKE,TABLE,user_privileges,,,27,true,Metabase,CORP_NET
DBE_000869,2026-01-01T16:28:46,POSTGRES_DEMO,USR_0031,SES-79342,SELECT,TABLE,trips,XANH_TRIP_2016,VF8VNF_0055,2474,true,Airflow,UNKNOWN
DBE_000870,2026-01-07T01:10:41,POSTGRES_DEMO,USR_0041,SES-29675,SELECT,TABLE,user_privileges,XANH_TRIP_8857,VF8VNF_0051,3180,true,DataTrustOS,CORP_NET
DBE_000871,2026-01-11T11:55:39,POSTGRES_DEMO,USR_0025,SES-28409,REVOKE,TABLE,drivers,,,3,true,Metabase,UNKNOWN
DBE_000872,2026-01-04T08:51:31,POSTGRES_DEMO,USR_0019,SES-84854,SELECT,TABLE,drivers,XANH_TRIP_2835,,4826,true,Airflow,VPN
DBE_000873,2026-01-15T05:48:24,POSTGRES_DEMO,USR_0002,SES-90396,REVOKE,TABLE,drivers,,,19,true,DBeaver,CORP_NET
DBE_000874,2026-01-09T05:25:28,POSTGRES_DEMO,USR_0047,SES-88607,SELECT,TABLE,customers,,,2650,true,DBeaver,VPN
DBE_000875,2026-01-09T06:57:17,POSTGRES_DEMO,USR_0050,SES-33750,SELECT,TABLE,trips,,,2158,true,psql,UNKNOWN
DBE_000876,2026-01-07T05:38:03,POSTGRES_DEMO,USR_0041,SES-65472,SELECT,TABLE,drivers,XANH_TRIP_5277,VF8VNF_0056,4222,true,DBeaver,CORP_NET
DBE_000877,2026-01-01T15:47:59,POSTGRES_DEMO,USR_0041,SES-46598,REVOKE,TABLE,drivers,,,36,true,Metabase,UNKNOWN
DBE_000878,2026-01-06T09:38:35,POSTGRES_DEMO,USR_0021,SES-34834,EXPORT,TABLE,customers,,,3884,true,Airflow,VPN
DBE_000879,2026-01-03T09:52:24,POSTGRES_DEMO,USR_0012,SES-77928,GRANT,TABLE,trips,,,32,true,psql,VPN
DBE_000880,2026-01-08T18:07:41,POSTGRES_DEMO,USR_0029,SES-32632,SELECT,TABLE,user_privileges,XANH_TRIP_4232,VF8VNF_0032,4863,true,Metabase,UNKNOWN
DBE_000881,2026-01-05T10:10:34,POSTGRES_DEMO,USR_0039,SES-27741,EXPORT,TABLE,trips,,,326,true,DataTrustOS,CORP_NET
DBE_000882,2026-01-13T19:12:18,POSTGRES_DEMO,USR_0060,SES-37613,SELECT,TABLE,customers,,,2487,true,DataTrustOS,CORP_NET
DBE_000883,2026-01-06T04:32:04,POSTGRES_DEMO,USR_0050,SES-77312,SELECT,TABLE,user_privileges,,,942,true,psql,UNKNOWN
DBE_000884,2026-01-04T22:46:55,POSTGRES_DEMO,USR_0048,SES-71761,SELECT,TABLE,trips,XANH_TRIP_10168,VF8VNF_0024,4423,true,psql,UNKNOWN
DBE_000885,2026-01-09T16:27:33,POSTGRES_DEMO,USR_0025,SES-25539,UPDATE,TABLE,customers,XANH_TRIP_2130,VF8VNF_0022,37,false,Airflow,CORP_NET
DBE_000886,2026-01-11T03:22:54,POSTGRES_DEMO,USR_0039,SES-52166,SELECT,TABLE,trips,,,3919,true,psql,VPN
DBE_000887,2026-01-02T03:51:41,POSTGRES_DEMO,USR_0014,SES-12835,EXPORT,TABLE,customers,XANH_TRIP_1860,VF8VNF_0054,4682,true,Airflow,UNKNOWN
DBE_000888,2026-01-04T09:28:19,POSTGRES_DEMO,USR_0038,SES-76353,SELECT,TABLE,customers,,,599,true,psql,VPN
DBE_000889,2026-01-06T12:27:11,POSTGRES_DEMO,USR_0057,SES-86545,UPDATE,TABLE,drivers,XANH_TRIP_0951,,30,true,Metabase,UNKNOWN
DBE_000890,2026-01-04T14:44:34,POSTGRES_DEMO,USR_0004,SES-27883,SELECT,TABLE,user_privileges,,,3775,true,Metabase,VPN
DBE_000891,2026-01-12T02:16:04,POSTGRES_DEMO,USR_0023,SES-70526,SELECT,TABLE,trips,XANH_TRIP_5794,VF8VNF_0030,2566,true,psql,CORP_NET
DBE_000892,2026-01-10T11:04:02,POSTGRES_DEMO,USR_0033,SES-39335,REVOKE,TABLE,user_privileges,,,22,true,DBeaver,VPN
DBE_000893,2026-01-03T16:29:04,POSTGRES_DEMO,USR_0059,SES-54907,REVOKE,TABLE,user_privileges,,,33,true,Airflow,VPN
DBE_000894,2026-01-04T15:28:52,POSTGRES_DEMO,USR_0026,SES-16603,SELECT,TABLE,drivers,XANH_TRIP_6685,,2958,true,DataTrustOS,VPN
DBE_000895,2026-01-04T02:33:05,POSTGRES_DEMO,USR_0029,SES-15884,EXPORT,TABLE,customers,XANH_TRIP_4462,VF8VNF_0003,2441,true,DataTrustOS,UNKNOWN
DBE_000896,2026-01-14T03:20:29,POSTGRES_DEMO,USR_0054,SES-85707,SELECT,TABLE,user_privileges,XANH_TRIP_8470,,1138,true,DBeaver,VPN
DBE_000897,2026-01-02T05:16:54,POSTGRES_DEMO,USR_0047,SES-96389,UPDATE,TABLE,trips,XANH_TRIP_0803,,49,true,DBeaver,VPN
DBE_000898,2026-01-04T04:56:50,POSTGRES_DEMO,USR_0024,SES-66362,SELECT,TABLE,drivers,XANH_TRIP_3124,VF8VNF_0042,1561,true,DBeaver,VPN
DBE_000899,2026-01-08T16:18:53,POSTGRES_DEMO,USR_0008,SES-34990,SELECT,TABLE,trips,XANH_TRIP_2327,,4455,true,Airflow,VPN
DBE_000900,2026-01-13T07:11:10,POSTGRES_DEMO,USR_0038,SES-85640,SELECT,TABLE,drivers,XANH_TRIP_0583,VF8VNF_0038,2103,true,psql,CORP_NET
DBE_000901,2026-01-03T15:45:44,POSTGRES_DEMO,USR_0001,SES-86131,SELECT,TABLE,user_privileges,XANH_TRIP_4399,,2258,true,psql,CORP_NET
DBE_000902,2026-01-04T05:49:35,POSTGRES_DEMO,USR_0016,SES-62659,SELECT,TABLE,trips,,,876,true,Airflow,VPN
DBE_000903,2026-01-10T13:43:28,POSTGRES_DEMO,USR_0029,SES-54266,SELECT,TABLE,customers,,,4465,true,DBeaver,CORP_NET
DBE_000904,2026-01-07T18:58:10,POSTGRES_DEMO,USR_0011,SES-79510,EXPORT,TABLE,drivers,XANH_TRIP_1595,VF8VNF_0008,205,true,Metabase,VPN
DBE_000905,2026-01-08T08:09:30,POSTGRES_DEMO,USR_0023,SES-92882,SELECT,TABLE,trips,XANH_TRIP_2542,VF8VNF_0037,2552,true,DBeaver,VPN
DBE_000906,2026-01-11T03:36:08,POSTGRES_DEMO,USR_0004,SES-41804,REVOKE,TABLE,drivers,,,32,true,DataTrustOS,VPN
DBE_000907,2026-01-09T12:19:12,POSTGRES_DEMO,USR_0055,SES-20207,GRANT,TABLE,drivers,,,48,true,psql,CORP_NET
DBE_000908,2026-01-13T17:27:08,POSTGRES_DEMO,USR_0028,SES-51637,SELECT,TABLE,customers,XANH_TRIP_5095,VF8VNF_0036,204,true,Metabase,CORP_NET
DBE_000909,2026-01-04T16:47:59,POSTGRES_DEMO,USR_0039,SES-10501,SELECT,TABLE,user_privileges,XANH_TRIP_9950,VF8VNF_0010,778,true,Airflow,CORP_NET
DBE_000910,2026-01-10T15:29:21,POSTGRES_DEMO,USR_0042,SES-84642,REVOKE,TABLE,customers,,,41,true,DataTrustOS,VPN
DBE_000911,2026-01-06T19:33:40,POSTGRES_DEMO,USR_0005,SES-25361,EXPORT,TABLE,customers,XANH_TRIP_2864,VF8VNF_0019,3944,true,Airflow,UNKNOWN
DBE_000912,2026-01-11T04:38:09,POSTGRES_DEMO,USR_0025,SES-57663,SELECT,TABLE,drivers,,,4200,true,DataTrustOS,UNKNOWN
DBE_000913,2026-01-10T02:34:13,POSTGRES_DEMO,USR_0025,SES-85130,SELECT,TABLE,customers,,,954,true,DBeaver,CORP_NET
DBE_000914,2026-01-04T13:47:06,POSTGRES_DEMO,USR_0053,SES-67200,REVOKE,TABLE,trips,,,30,true,Airflow,CORP_NET
DBE_000915,2026-01-15T16:55:09,POSTGRES_DEMO,USR_0029,SES-79000,SELECT,TABLE,customers,,,3816,true,Metabase,CORP_NET
DBE_000916,2026-01-05T23:53:19,POSTGRES_DEMO,USR_0059,SES-23060,SELECT,TABLE,customers,XANH_TRIP_6893,VF8VNF_0001,1143,true,DataTrustOS,CORP_NET
DBE_000917,2026-01-08T20:41:02,POSTGRES_DEMO,USR_0019,SES-96318,UPDATE,TABLE,customers,,,24,true,DBeaver,UNKNOWN
DBE_000918,2026-01-05T07:49:30,POSTGRES_DEMO,USR_0017,SES-46678,SELECT,TABLE,drivers,XANH_TRIP_1621,VF8VNF_0047,2890,true,Metabase,CORP_NET
DBE_000919,2026-01-02T06:31:55,POSTGRES_DEMO,USR_0036,SES-53575,SELECT,TABLE,customers,XANH_TRIP_5042,VF8VNF_0011,2079,true,DBeaver,VPN
DBE_000920,2026-01-03T09:08:28,POSTGRES_DEMO,USR_0056,SES-60136,UPDATE,TABLE,user_privileges,XANH_TRIP_8711,VF8VNF_0032,34,true,psql,CORP_NET
DBE_000921,2026-01-02T17:15:55,POSTGRES_DEMO,USR_0014,SES-37450,UPDATE,TABLE,drivers,XANH_TRIP_8548,,48,true,psql,UNKNOWN
DBE_000922,2026-01-12T03:12:17,POSTGRES_DEMO,USR_0053,SES-46733,UPDATE,TABLE,trips,XANH_TRIP_6573,,14,true,psql,UNKNOWN
DBE_000923,2026-01-02T17:05:18,POSTGRES_DEMO,USR_0021,SES-63169,EXPORT,TABLE,customers,,,4446,true,psql,CORP_NET
DBE_000924,2026-01-13T15:02:15,POSTGRES_DEMO,USR_0004,SES-58938,UPDATE,TABLE,user_privileges,XANH_TRIP_9655,,24,true,Metabase,CORP_NET
DBE_000925,2026-01-13T14:25:28,POSTGRES_DEMO,USR_0039,SES-40685,SELECT,TABLE,customers,XANH_TRIP_4506,VF8VNF_0059,3987,true,psql,UNKNOWN
DBE_000926,2026-01-05T04:44:05,POSTGRES_DEMO,USR_0028,SES-84277,UPDATE,TABLE,trips,XANH_TRIP_7736,VF8VNF_0015,26,true,DataTrustOS,UNKNOWN
DBE_000927,2026-01-06T08:45:20,POSTGRES_DEMO,USR_0043,SES-48116,EXPORT,TABLE,customers,,,1353,false,Airflow,UNKNOWN
DBE_000928,2026-01-12T09:48:07,POSTGRES_DEMO,USR_0056,SES-70448,UPDATE,TABLE,trips,XANH_TRIP_1672,,18,true,DataTrustOS,VPN
DBE_000929,2026-01-04T08:21:01,POSTGRES_DEMO,USR_0034,SES-33869,EXPORT,TABLE,drivers,XANH_TRIP_8032,,2727,true,Metabase,UNKNOWN
DBE_000930,2026-01-11T09:33:53,POSTGRES_DEMO,USR_0051,SES-40347,SELECT,TABLE,drivers,,,4702,true,Airflow,VPN
DBE_000931,2026-01-12T01:31:05,POSTGRES_DEMO,USR_0048,SES-32129,SELECT,TABLE,trips,XANH_TRIP_1761,VF8VNF_0045,1173,true,DataTrustOS,UNKNOWN
DBE_000932,2026-01-06T15:45:53,POSTGRES_DEMO,USR_0030,SES-85363,SELECT,TABLE,user_privileges,,,4608,true,DBeaver,UNKNOWN
DBE_000933,2026-01-09T01:55:35,POSTGRES_DEMO,USR_0040,SES-70747,REVOKE,TABLE,drivers,,,47,true,Airflow,VPN
DBE_000934,2026-01-09T08:10:25,POSTGRES_DEMO,USR_0051,SES-84546,SELECT,TABLE,trips,XANH_TRIP_3166,VF8VNF_0022,1141,true,Metabase,VPN
DBE_000935,2026-01-01T07:36:10,POSTGRES_DEMO,USR_0015,SES-54174,UPDATE,TABLE,drivers,XANH_TRIP_2770,VF8VNF_0017,50,true,psql,UNKNOWN
DBE_000936,2026-01-14T11:02:54,POSTGRES_DEMO,USR_0008,SES-88872,SELECT,TABLE,customers,,,3415,true,DataTrustOS,CORP_NET
DBE_000937,2026-01-11T17:02:17,POSTGRES_DEMO,USR_0052,SES-24818,SELECT,TABLE,user_privileges,,,4151,true,DataTrustOS,VPN
DBE_000938,2026-01-03T07:06:13,POSTGRES_DEMO,USR_0010,SES-52551,SELECT,TABLE,customers,XANH_TRIP_6438,VF8VNF_0027,850,true,Airflow,UNKNOWN
DBE_000939,2026-01-05T00:52:29,POSTGRES_DEMO,USR_0012,SES-27460,SELECT,TABLE,drivers,XANH_TRIP_4781,VF8VNF_0006,1231,true,psql,UNKNOWN
DBE_000940,2026-01-07T12:05:15,POSTGRES_DEMO,USR_0026,SES-45815,SELECT,TABLE,user_privileges,,,629,true,psql,UNKNOWN
DBE_000941,2026-01-01T14:31:04,POSTGRES_DEMO,USR_0040,SES-87870,EXPORT,TABLE,user_privileges,XANH_TRIP_1076,,3337,true,DBeaver,CORP_NET
DBE_000942,2026-01-14T20:28:45,POSTGRES_DEMO,USR_0023,SES-17230,SELECT,TABLE,trips,XANH_TRIP_4911,VF8VNF_0009,4554,true,Metabase,VPN
DBE_000943,2026-01-10T19:57:28,POSTGRES_DEMO,USR_0008,SES-30807,UPDATE,TABLE,trips,,,46,true,DataTrustOS,VPN
DBE_000944,2026-01-04T17:48:31,POSTGRES_DEMO,USR_0051,SES-92936,SELECT,TABLE,customers,XANH_TRIP_6468,VF8VNF_0045,370,true,psql,UNKNOWN
DBE_000945,2026-01-14T20:38:41,POSTGRES_DEMO,USR_0030,SES-50601,GRANT,TABLE,user_privileges,,,15,true,psql,CORP_NET
DBE_000946,2026-01-14T16:41:30,POSTGRES_DEMO,USR_0046,SES-81614,SELECT,TABLE,customers,XANH_TRIP_8897,VF8VNF_0052,3045,true,DBeaver,CORP_NET
DBE_000947,2026-01-12T07:07:29,POSTGRES_DEMO,USR_0012,SES-81334,SELECT,TABLE,trips,XANH_TRIP_4064,VF8VNF_0026,837,true,psql,CORP_NET
DBE_000948,2026-01-14T07:06:10,POSTGRES_DEMO,USR_0036,SES-52571,GRANT,TABLE,user_privileges,,,49,true,Airflow,VPN
DBE_000949,2026-01-08T06:31:25,POSTGRES_DEMO,USR_0020,SES-27584,REVOKE,TABLE,customers,,,39,true,Airflow,UNKNOWN
DBE_000950,2026-01-05T01:47:40,POSTGRES_DEMO,USR_0050,SES-49811,SELECT,TABLE,user_privileges,XANH_TRIP_5786,VF8VNF_0030,2478,true,DataTrustOS,VPN
DBE_000951,2026-01-07T18:28:05,POSTGRES_DEMO,USR_0015,SES-57494,EXPORT,TABLE,drivers,XANH_TRIP_2729,VF8VNF_0015,2578,true,Airflow,CORP_NET
DBE_000952,2026-01-14T07:40:00,POSTGRES_DEMO,USR_0060,SES-82599,EXPORT,TABLE,drivers,XANH_TRIP_9663,,2113,true,Metabase,VPN
DBE_000953,2026-01-02T19:49:26,POSTGRES_DEMO,USR_0055,SES-40242,UPDATE,TABLE,user_privileges,XANH_TRIP_8151,VF8VNF_0002,39,true,DataTrustOS,CORP_NET
DBE_000954,2026-01-09T18:31:35,POSTGRES_DEMO,USR_0033,SES-20366,UPDATE,TABLE,user_privileges,XANH_TRIP_3409,VF8VNF_0055,38,true,DBeaver,VPN
DBE_000955,2026-01-03T20:15:47,POSTGRES_DEMO,USR_0007,SES-96629,EXPORT,TABLE,trips,XANH_TRIP_2344,VF8VNF_0056,327,true,DBeaver,UNKNOWN
DBE_000956,2026-01-10T13:58:25,POSTGRES_DEMO,USR_0022,SES-35170,EXPORT,TABLE,customers,,,2655,true,Metabase,VPN
DBE_000957,2026-01-07T06:04:24,POSTGRES_DEMO,USR_0021,SES-64440,UPDATE,TABLE,customers,XANH_TRIP_5992,VF8VNF_0020,16,false,Metabase,UNKNOWN
DBE_000958,2026-01-08T01:00:54,POSTGRES_DEMO,USR_0059,SES-95483,SELECT,TABLE,user_privileges,XANH_TRIP_3969,VF8VNF_0048,207,true,DBeaver,UNKNOWN
DBE_000959,2026-01-06T06:29:29,POSTGRES_DEMO,USR_0003,SES-66169,SELECT,TABLE,customers,,,2511,true,Metabase,VPN
DBE_000960,2026-01-08T08:38:02,POSTGRES_DEMO,USR_0024,SES-40794,UPDATE,TABLE,user_privileges,XANH_TRIP_3094,VF8VNF_0031,1,true,DBeaver,VPN
DBE_000961,2026-01-02T20:36:37,POSTGRES_DEMO,USR_0011,SES-35611,UPDATE,TABLE,trips,XANH_TRIP_1223,VF8VNF_0022,21,true,DataTrustOS,VPN
DBE_000962,2026-01-03T21:02:18,POSTGRES_DEMO,USR_0046,SES-26601,GRANT,TABLE,user_privileges,,,13,true,DataTrustOS,CORP_NET
DBE_000963,2026-01-04T15:01:49,POSTGRES_DEMO,USR_0012,SES-83604,UPDATE,TABLE,user_privileges,,,40,true,DataTrustOS,UNKNOWN
DBE_000964,2026-01-15T13:33:21,POSTGRES_DEMO,USR_0008,SES-14912,EXPORT,TABLE,customers,XANH_TRIP_6610,VF8VNF_0027,512,true,psql,UNKNOWN
DBE_000965,2026-01-09T16:52:30,POSTGRES_DEMO,USR_0046,SES-60133,SELECT,TABLE,user_privileges,XANH_TRIP_8994,,2583,true,psql,CORP_NET
DBE_000966,2026-01-11T16:26:46,POSTGRES_DEMO,USR_0036,SES-52432,SELECT,TABLE,user_privileges,,,2845,true,DataTrustOS,CORP_NET
DBE_000967,2026-01-10T11:14:40,POSTGRES_DEMO,USR_0022,SES-82300,SELECT,TABLE,drivers,XANH_TRIP_4847,VF8VNF_0036,1400,true,Airflow,VPN
DBE_000968,2026-01-09T08:05:44,POSTGRES_DEMO,USR_0013,SES-68397,UPDATE,TABLE,customers,XANH_TRIP_8748,,1,true,Airflow,UNKNOWN
DBE_000969,2026-01-08T07:38:16,POSTGRES_DEMO,USR_0050,SES-36948,GRANT,TABLE,drivers,,,5,true,DataTrustOS,VPN
DBE_000970,2026-01-12T22:54:32,POSTGRES_DEMO,USR_0008,SES-66526,UPDATE,TABLE,drivers,XANH_TRIP_4713,,17,true,Metabase,VPN
DBE_000971,2026-01-08T19:11:05,POSTGRES_DEMO,USR_0028,SES-96813,SELECT,TABLE,customers,XANH_TRIP_3605,VF8VNF_0028,2955,true,psql,VPN
DBE_000972,2026-01-10T01:59:49,POSTGRES_DEMO,USR_0004,SES-36935,SELECT,TABLE,trips,XANH_TRIP_2114,VF8VNF_0016,3565,true,psql,CORP_NET
DBE_000973,2026-01-12T02:20:58,POSTGRES_DEMO,USR_0029,SES-59765,SELECT,TABLE,user_privileges,XANH_TRIP_6962,VF8VNF_0011,3872,true,DBeaver,CORP_NET
DBE_000974,2026-01-06T15:07:20,POSTGRES_DEMO,USR_0060,SES-74817,UPDATE,TABLE,drivers,XANH_TRIP_2579,VF8VNF_0001,27,true,DataTrustOS,CORP_NET
DBE_000975,2026-01-08T17:33:13,POSTGRES_DEMO,USR_0001,SES-47028,EXPORT,TABLE,customers,XANH_TRIP_7042,VF8VNF_0048,86,true,DBeaver,VPN
DBE_000976,2026-01-08T00:32:00,POSTGRES_DEMO,USR_0010,SES-59984,GRANT,TABLE,customers,,,32,true,DBeaver,CORP_NET
DBE_000977,2026-01-08T20:14:51,POSTGRES_DEMO,USR_0012,SES-81093,SELECT,TABLE,user_privileges,,,4501,true,Airflow,CORP_NET
DBE_000978,2026-01-11T16:43:23,POSTGRES_DEMO,USR_0054,SES-60616,REVOKE,TABLE,user_privileges,,,19,true,DBeaver,VPN
DBE_000979,2026-01-04T11:50:27,POSTGRES_DEMO,USR_0017,SES-82225,GRANT,TABLE,customers,,,30,true,Airflow,UNKNOWN
DBE_000980,2026-01-15T01:31:50,POSTGRES_DEMO,USR_0048,SES-48831,SELECT,TABLE,user_privileges,XANH_TRIP_3001,VF8VNF_0052,4691,true,Metabase,CORP_NET
DBE_000981,2026-01-15T07:07:05,POSTGRES_DEMO,USR_0012,SES-41404,SELECT,TABLE,user_privileges,XANH_TRIP_0776,VF8VNF_0043,1151,true,DBeaver,CORP_NET
DBE_000982,2026-01-11T03:19:01,POSTGRES_DEMO,USR_0051,SES-90105,GRANT,TABLE,trips,,,21,true,DataTrustOS,VPN
DBE_000983,2026-01-11T02:21:25,POSTGRES_DEMO,USR_0029,SES-82289,GRANT,TABLE,user_privileges,,,41,true,Metabase,UNKNOWN
DBE_000984,2026-01-06T19:16:00,POSTGRES_DEMO,USR_0046,SES-30856,SELECT,TABLE,trips,XANH_TRIP_0854,VF8VNF_0015,1103,true,DataTrustOS,UNKNOWN
DBE_000985,2026-01-01T13:39:06,POSTGRES_DEMO,USR_0060,SES-70076,GRANT,TABLE,user_privileges,,,37,true,Metabase,CORP_NET
DBE_000986,2026-01-08T18:52:55,POSTGRES_DEMO,USR_0022,SES-46036,SELECT,TABLE,user_privileges,XANH_TRIP_1852,,4396,true,Airflow,UNKNOWN
DBE_000987,2026-01-02T01:15:11,POSTGRES_DEMO,USR_0015,SES-76461,SELECT,TABLE,customers,,,4953,true,Airflow,VPN
DBE_000988,2026-01-01T17:18:47,POSTGRES_DEMO,USR_0009,SES-42528,SELECT,TABLE,drivers,,,4798,true,DataTrustOS,VPN
DBE_000989,2026-01-08T19:40:07,POSTGRES_DEMO,USR_0037,SES-67494,SELECT,TABLE,trips,,,3362,true,Metabase,UNKNOWN
DBE_000990,2026-01-15T11:29:33,POSTGRES_DEMO,USR_0054,SES-83838,EXPORT,TABLE,drivers,XANH_TRIP_8321,VF8VNF_0057,163,true,Airflow,UNKNOWN
DBE_000991,2026-01-05T13:18:47,POSTGRES_DEMO,USR_0046,SES-49405,GRANT,TABLE,customers,,,25,true,psql,VPN
DBE_000992,2026-01-11T06:17:41,POSTGRES_DEMO,USR_0025,SES-95052,GRANT,TABLE,user_privileges,,,8,true,Airflow,UNKNOWN
DBE_000993,2026-01-03T13:15:35,POSTGRES_DEMO,USR_0003,SES-24098,GRANT,TABLE,customers,,,36,true,DBeaver,VPN
DBE_000994,2026-01-07T04:36:47,POSTGRES_DEMO,USR_0015,SES-85816,SELECT,TABLE,customers,XANH_TRIP_6932,,1121,true,Airflow,VPN
DBE_000995,2026-01-06T08:21:31,POSTGRES_DEMO,USR_0010,SES-52203,EXPORT,TABLE,trips,XANH_TRIP_8209,,4180,true,Airflow,VPN
DBE_000996,2026-01-11T20:31:21,POSTGRES_DEMO,USR_0057,SES-59518,REVOKE,TABLE,customers,,,16,true,DBeaver,CORP_NET
DBE_000997,2026-01-11T05:32:43,POSTGRES_DEMO,USR_0016,SES-95707,SELECT,TABLE,customers,XANH_TRIP_0948,VF8VNF_0018,574,true,psql,VPN
DBE_000998,2026-01-07T16:24:50,POSTGRES_DEMO,USR_0047,SES-39244,SELECT,TABLE,drivers,XANH_TRIP_7490,,2264,false,DBeaver,UNKNOWN
DBE_000999,2026-01-11T17:56:16,POSTGRES_DEMO,USR_0016,SES-84668,REVOKE,TABLE,drivers,,,2,true,DBeaver,VPN
DBE_001000,2026-01-11T19:34:48,POSTGRES_DEMO,USR_0057,SES-17719,EXPORT,TABLE,customers,XANH_TRIP_8711,VF8VNF_0013,1114,true,DataTrustOS,UNKNOWN
DBE_001001,2026-01-14T12:25:55,POSTGRES_DEMO,USR_0002,SES-94734,SELECT,TABLE,customers,XANH_TRIP_7443,,4099,true,DataTrustOS,UNKNOWN
DBE_001002,2026-01-03T13:13:05,POSTGRES_DEMO,USR_0057,SES-85106,SELECT,TABLE,drivers,,,2051,true,psql,UNKNOWN
DBE_001003,2026-01-08T22:36:28,POSTGRES_DEMO,USR_0031,SES-16698,REVOKE,TABLE,drivers,,,22,true,psql,UNKNOWN
DBE_001004,2026-01-15T02:43:14,POSTGRES_DEMO,USR_0039,SES-60482,UPDATE,TABLE,user_privileges,XANH_TRIP_9371,,19,true,Airflow,CORP_NET
DBE_001005,2026-01-14T06:09:29,POSTGRES_DEMO,USR_0006,SES-56908,EXPORT,TABLE,customers,XANH_TRIP_3149,,580,true,psql,VPN
DBE_001006,2026-01-13T19:43:35,POSTGRES_DEMO,USR_0021,SES-48502,UPDATE,TABLE,drivers,XANH_TRIP_3835,VF8VNF_0013,5,true,DBeaver,CORP_NET
DBE_001007,2026-01-11T07:18:46,POSTGRES_DEMO,USR_0038,SES-35736,UPDATE,TABLE,customers,XANH_TRIP_9759,,5,true,Airflow,UNKNOWN
DBE_001008,2026-01-04T18:32:29,POSTGRES_DEMO,USR_0028,SES-22541,SELECT,TABLE,drivers,,,2697,true,Airflow,CORP_NET
DBE_001009,2026-01-08T16:57:35,POSTGRES_DEMO,USR_0054,SES-30920,SELECT,TABLE,user_privileges,XANH_TRIP_5402,VF8VNF_0044,3488,true,DataTrustOS,CORP_NET
DBE_001010,2026-01-09T17:48:53,POSTGRES_DEMO,USR_0059,SES-73316,SELECT,TABLE,drivers,,,2421,true,psql,VPN
DBE_001011,2026-01-08T03:04:02,POSTGRES_DEMO,USR_0016,SES-78473,GRANT,TABLE,trips,,,31,true,psql,VPN
DBE_001012,2026-01-05T22:23:01,POSTGRES_DEMO,USR_0022,SES-53185,UPDATE,TABLE,user_privileges,XANH_TRIP_8901,,2,true,Airflow,UNKNOWN
DBE_001013,2026-01-01T08:50:52,POSTGRES_DEMO,USR_0033,SES-83470,SELECT,TABLE,drivers,XANH_TRIP_8524,VF8VNF_0044,2200,true,Airflow,VPN
DBE_001014,2026-01-13T07:47:20,POSTGRES_DEMO,USR_0047,SES-16193,SELECT,TABLE,trips,XANH_TRIP_0084,,2120,true,Airflow,CORP_NET
DBE_001015,2026-01-10T16:04:37,POSTGRES_DEMO,USR_0052,SES-22482,GRANT,TABLE,user_privileges,,,39,true,Metabase,VPN
DBE_001016,2026-01-13T05:32:37,POSTGRES_DEMO,USR_0051,SES-50378,REVOKE,TABLE,customers,,,12,true,DataTrustOS,CORP_NET
DBE_001017,2026-01-15T01:26:28,POSTGRES_DEMO,USR_0034,SES-59295,EXPORT,TABLE,trips,XANH_TRIP_1335,,3123,true,DataTrustOS,VPN
DBE_001018,2026-01-07T15:43:04,POSTGRES_DEMO,USR_0049,SES-91321,GRANT,TABLE,customers,,,41,true,psql,VPN
DBE_001019,2026-01-12T19:00:02,POSTGRES_DEMO,USR_0035,SES-60764,GRANT,TABLE,customers,,,50,true,psql,CORP_NET
DBE_001020,2026-01-01T11:04:20,POSTGRES_DEMO,USR_0026,SES-23164,GRANT,TABLE,trips,,,34,true,Metabase,VPN
DBE_001021,2026-01-14T20:17:46,POSTGRES_DEMO,USR_0051,SES-98595,EXPORT,TABLE,trips,XANH_TRIP_0357,VF8VNF_0054,1301,true,Airflow,UNKNOWN
DBE_001022,2026-01-09T18:15:13,POSTGRES_DEMO,USR_0042,SES-72629,EXPORT,TABLE,trips,,,550,true,DataTrustOS,VPN
DBE_001023,2026-01-15T08:50:02,POSTGRES_DEMO,USR_0042,SES-41958,SELECT,TABLE,drivers,XANH_TRIP_3732,,3665,true,psql,UNKNOWN
DBE_001024,2026-01-04T07:56:28,POSTGRES_DEMO,USR_0012,SES-48424,SELECT,TABLE,customers,XANH_TRIP_2218,,3494,true,Metabase,VPN
DBE_001025,2026-01-09T13:29:44,POSTGRES_DEMO,USR_0013,SES-50331,SELECT,TABLE,customers,XANH_TRIP_7594,VF8VNF_0054,541,true,Metabase,VPN
DBE_001026,2026-01-03T11:43:12,POSTGRES_DEMO,USR_0039,SES-38591,REVOKE,TABLE,drivers,,,20,true,DBeaver,CORP_NET
DBE_001027,2026-01-03T14:22:01,POSTGRES_DEMO,USR_0024,SES-83462,REVOKE,TABLE,customers,,,19,true,Metabase,UNKNOWN
DBE_001028,2026-01-04T16:57:31,POSTGRES_DEMO,USR_0046,SES-21246,SELECT,TABLE,user_privileges,XANH_TRIP_8976,VF8VNF_0025,102,true,Airflow,UNKNOWN
DBE_001029,2026-01-06T14:19:42,POSTGRES_DEMO,USR_0030,SES-64485,UPDATE,TABLE,customers,XANH_TRIP_5641,,14,true,Metabase,VPN
DBE_001030,2026-01-13T16:42:24,POSTGRES_DEMO,USR_0012,SES-50957,GRANT,TABLE,customers,,,23,true,Metabase,VPN
DBE_001031,2026-01-13T16:24:38,POSTGRES_DEMO,USR_0012,SES-32511,SELECT,TABLE,user_privileges,XANH_TRIP_7175,VF8VNF_0045,1985,true,DBeaver,UNKNOWN
DBE_001032,2026-01-04T03:17:19,POSTGRES_DEMO,USR_0047,SES-63989,SELECT,TABLE,drivers,XANH_TRIP_5508,VF8VNF_0046,4258,true,DataTrustOS,CORP_NET
DBE_001033,2026-01-08T08:22:43,POSTGRES_DEMO,USR_0034,SES-54348,SELECT,TABLE,customers,XANH_TRIP_7436,,2798,true,Metabase,CORP_NET
DBE_001034,2026-01-12T06:51:32,POSTGRES_DEMO,USR_0053,SES-70207,GRANT,TABLE,customers,,,21,true,Metabase,VPN
DBE_001035,2026-01-01T23:03:54,POSTGRES_DEMO,USR_0010,SES-96673,UPDATE,TABLE,customers,XANH_TRIP_1598,,30,false,DataTrustOS,VPN
DBE_001036,2026-01-12T12:20:45,POSTGRES_DEMO,USR_0054,SES-32454,EXPORT,TABLE,customers,,,4002,true,DataTrustOS,UNKNOWN
DBE_001037,2026-01-11T23:53:05,POSTGRES_DEMO,USR_0029,SES-84482,EXPORT,TABLE,user_privileges,,,2786,true,DataTrustOS,VPN
DBE_001038,2026-01-10T10:16:40,POSTGRES_DEMO,USR_0043,SES-78683,GRANT,TABLE,drivers,,,28,true,Metabase,VPN
DBE_001039,2026-01-13T13:07:56,POSTGRES_DEMO,USR_0006,SES-68637,UPDATE,TABLE,drivers,XANH_TRIP_5618,,35,true,Airflow,UNKNOWN
DBE_001040,2026-01-09T17:44:33,POSTGRES_DEMO,USR_0020,SES-72758,SELECT,TABLE,customers,XANH_TRIP_9315,VF8VNF_0009,1024,true,DataTrustOS,UNKNOWN
DBE_001041,2026-01-09T04:44:35,POSTGRES_DEMO,USR_0045,SES-16390,SELECT,TABLE,trips,XANH_TRIP_1806,,3219,true,Airflow,CORP_NET
DBE_001042,2026-01-14T22:55:26,POSTGRES_DEMO,USR_0038,SES-40969,REVOKE,TABLE,customers,,,45,true,Airflow,CORP_NET
DBE_001043,2026-01-06T08:48:10,POSTGRES_DEMO,USR_0059,SES-45485,GRANT,TABLE,user_privileges,,,32,true,Airflow,VPN
DBE_001044,2026-01-14T01:25:32,POSTGRES_DEMO,USR_0036,SES-79677,EXPORT,TABLE,customers,XANH_TRIP_1444,VF8VNF_0045,201,true,DBeaver,UNKNOWN
DBE_001045,2026-01-12T21:39:53,POSTGRES_DEMO,USR_0012,SES-96827,UPDATE,TABLE,drivers,XANH_TRIP_2141,,31,true,psql,VPN
DBE_001046,2026-01-12T08:37:58,POSTGRES_DEMO,USR_0004,SES-39383,SELECT,TABLE,drivers,XANH_TRIP_3630,VF8VNF_0060,4536,true,DBeaver,VPN
DBE_001047,2026-01-06T22:45:51,POSTGRES_DEMO,USR_0037,SES-56122,EXPORT,TABLE,customers,XANH_TRIP_3566,,2267,true,Airflow,CORP_NET
DBE_001048,2026-01-10T17:28:31,POSTGRES_DEMO,USR_0054,SES-19669,REVOKE,TABLE,trips,,,26,true,DBeaver,CORP_NET
DBE_001049,2026-01-12T03:16:24,POSTGRES_DEMO,USR_0039,SES-96483,SELECT,TABLE,trips,XANH_TRIP_1428,VF8VNF_0019,3041,true,Airflow,UNKNOWN
DBE_001050,2026-01-07T17:29:44,POSTGRES_DEMO,USR_0056,SES-69994,GRANT,TABLE,trips,,,10,true,DataTrustOS,VPN
DBE_001051,2026-01-09T06:45:27,POSTGRES_DEMO,USR_0041,SES-28070,SELECT,TABLE,user_privileges,XANH_TRIP_1187,,4215,true,psql,CORP_NET
DBE_001052,2026-01-05T17:50:53,POSTGRES_DEMO,USR_0059,SES-45728,SELECT,TABLE,user_privileges,,,959,true,Airflow,UNKNOWN
DBE_001053,2026-01-11T05:55:50,POSTGRES_DEMO,USR_0060,SES-39414,SELECT,TABLE,customers,XANH_TRIP_4450,VF8VNF_0042,1859,true,Airflow,CORP_NET
DBE_001054,2026-01-07T14:14:49,POSTGRES_DEMO,USR_0047,SES-54869,EXPORT,TABLE,user_privileges,XANH_TRIP_7396,VF8VNF_0006,499,true,Airflow,CORP_NET
DBE_001055,2026-01-10T10:31:08,POSTGRES_DEMO,USR_0014,SES-76260,EXPORT,TABLE,drivers,,,2904,false,Airflow,VPN
DBE_001056,2026-01-02T07:34:18,POSTGRES_DEMO,USR_0043,SES-49247,UPDATE,TABLE,drivers,XANH_TRIP_2212,,10,true,DataTrustOS,VPN
DBE_001057,2026-01-07T14:10:06,POSTGRES_DEMO,USR_0014,SES-71709,SELECT,TABLE,trips,XANH_TRIP_2585,,1980,true,Airflow,UNKNOWN
DBE_001058,2026-01-07T05:12:52,POSTGRES_DEMO,USR_0032,SES-98108,SELECT,TABLE,trips,XANH_TRIP_5679,,562,true,DataTrustOS,UNKNOWN
DBE_001059,2026-01-13T00:59:52,POSTGRES_DEMO,USR_0060,SES-88804,GRANT,TABLE,trips,,,47,true,psql,CORP_NET
DBE_001060,2026-01-11T03:56:09,POSTGRES_DEMO,USR_0043,SES-48583,UPDATE,TABLE,customers,XANH_TRIP_0574,,3,true,Airflow,UNKNOWN
DBE_001061,2026-01-15T03:15:35,POSTGRES_DEMO,USR_0001,SES-77084,SELECT,TABLE,customers,XANH_TRIP_7840,,2965,true,Airflow,CORP_NET
DBE_001062,2026-01-14T09:57:15,POSTGRES_DEMO,USR_0024,SES-31748,EXPORT,TABLE,drivers,XANH_TRIP_3378,,1940,true,DataTrustOS,UNKNOWN
DBE_001063,2026-01-15T04:37:05,POSTGRES_DEMO,USR_0060,SES-73519,SELECT,TABLE,customers,XANH_TRIP_0551,VF8VNF_0007,3311,true,psql,VPN
DBE_001064,2026-01-14T05:20:50,POSTGRES_DEMO,USR_0030,SES-94479,SELECT,TABLE,trips,XANH_TRIP_9857,VF8VNF_0040,4,true,Metabase,VPN
DBE_001065,2026-01-15T00:25:10,POSTGRES_DEMO,USR_0025,SES-59002,GRANT,TABLE,customers,,,37,true,Metabase,UNKNOWN
DBE_001066,2026-01-05T20:33:03,POSTGRES_DEMO,USR_0042,SES-88745,UPDATE,TABLE,trips,XANH_TRIP_7764,VF8VNF_0042,35,true,DBeaver,VPN
DBE_001067,2026-01-13T10:04:35,POSTGRES_DEMO,USR_0041,SES-45309,EXPORT,TABLE,user_privileges,XANH_TRIP_2015,VF8VNF_0005,8,true,Metabase,CORP_NET
DBE_001068,2026-01-05T08:49:02,POSTGRES_DEMO,USR_0049,SES-18508,EXPORT,TABLE,customers,XANH_TRIP_0598,VF8VNF_0015,1683,true,DBeaver,VPN
DBE_001069,2026-01-05T15:57:38,POSTGRES_DEMO,USR_0035,SES-81317,GRANT,TABLE,drivers,,,30,true,Metabase,VPN
DBE_001070,2026-01-04T16:17:09,POSTGRES_DEMO,USR_0012,SES-84446,REVOKE,TABLE,trips,,,25,true,Airflow,CORP_NET
DBE_001071,2026-01-13T23:28:05,POSTGRES_DEMO,USR_0014,SES-48166,UPDATE,TABLE,drivers,XANH_TRIP_5743,VF8VNF_0041,35,true,psql,UNKNOWN
DBE_001072,2026-01-13T22:54:31,POSTGRES_DEMO,USR_0019,SES-73697,SELECT,TABLE,user_privileges,XANH_TRIP_7934,VF8VNF_0035,3765,true,Metabase,UNKNOWN
DBE_001073,2026-01-07T00:34:20,POSTGRES_DEMO,USR_0056,SES-44624,UPDATE,TABLE,drivers,XANH_TRIP_2303,VF8VNF_0027,7,true,DBeaver,VPN
DBE_001074,2026-01-01T14:04:29,POSTGRES_DEMO,USR_0048,SES-23360,SELECT,TABLE,customers,XANH_TRIP_7126,VF8VNF_0038,2772,true,psql,UNKNOWN
DBE_001075,2026-01-07T12:49:51,POSTGRES_DEMO,USR_0020,SES-10287,SELECT,TABLE,drivers,XANH_TRIP_4398,VF8VNF_0036,2344,true,psql,UNKNOWN
DBE_001076,2026-01-07T07:05:58,POSTGRES_DEMO,USR_0022,SES-85302,EXPORT,TABLE,customers,XANH_TRIP_1771,,2685,true,Airflow,CORP_NET
DBE_001077,2026-01-05T19:04:36,POSTGRES_DEMO,USR_0007,SES-74906,REVOKE,TABLE,drivers,,,23,true,Metabase,UNKNOWN
DBE_001078,2026-01-07T04:33:04,POSTGRES_DEMO,USR_0026,SES-68007,SELECT,TABLE,user_privileges,XANH_TRIP_3491,VF8VNF_0057,2116,false,psql,VPN
DBE_001079,2026-01-01T14:43:11,POSTGRES_DEMO,USR_0055,SES-94550,SELECT,TABLE,user_privileges,,,1102,true,DataTrustOS,CORP_NET
DBE_001080,2026-01-06T00:41:18,POSTGRES_DEMO,USR_0040,SES-88886,UPDATE,TABLE,customers,XANH_TRIP_9518,VF8VNF_0038,40,true,Airflow,VPN
DBE_001081,2026-01-10T04:02:53,POSTGRES_DEMO,USR_0053,SES-33435,GRANT,TABLE,drivers,,,46,true,Metabase,UNKNOWN
DBE_001082,2026-01-15T03:00:47,POSTGRES_DEMO,USR_0034,SES-33018,SELECT,TABLE,user_privileges,,,4727,true,DBeaver,CORP_NET
DBE_001083,2026-01-15T15:04:25,POSTGRES_DEMO,USR_0005,SES-45765,REVOKE,TABLE,customers,,,39,true,Airflow,VPN
DBE_001084,2026-01-11T12:16:32,POSTGRES_DEMO,USR_0059,SES-59309,SELECT,TABLE,customers,XANH_TRIP_8349,VF8VNF_0002,1018,true,psql,VPN
DBE_001085,2026-01-11T10:13:24,POSTGRES_DEMO,USR_0016,SES-56639,GRANT,TABLE,customers,,,14,true,DBeaver,UNKNOWN
DBE_001086,2026-01-09T04:21:31,POSTGRES_DEMO,USR_0038,SES-11797,SELECT,TABLE,user_privileges,XANH_TRIP_4075,VF8VNF_0045,568,true,Metabase,CORP_NET
DBE_001087,2026-01-14T08:02:47,POSTGRES_DEMO,USR_0026,SES-36869,UPDATE,TABLE,drivers,XANH_TRIP_3753,VF8VNF_0038,25,true,Airflow,CORP_NET
DBE_001088,2026-01-11T01:36:46,POSTGRES_DEMO,USR_0003,SES-98668,GRANT,TABLE,user_privileges,,,33,true,Airflow,CORP_NET
DBE_001089,2026-01-06T19:56:27,POSTGRES_DEMO,USR_0012,SES-38585,SELECT,TABLE,trips,,,1076,true,Metabase,CORP_NET
DBE_001090,2026-01-12T07:00:17,POSTGRES_DEMO,USR_0060,SES-49507,SELECT,TABLE,user_privileges,,,658,true,Airflow,CORP_NET
DBE_001091,2026-01-08T21:59:00,POSTGRES_DEMO,USR_0010,SES-56987,EXPORT,TABLE,drivers,,,3706,true,DBeaver,UNKNOWN
DBE_001092,2026-01-09T21:00:38,POSTGRES_DEMO,USR_0008,SES-48176,SELECT,TABLE,trips,XANH_TRIP_0365,VF8VNF_0037,1999,true,Metabase,UNKNOWN
DBE_001093,2026-01-11T17:34:26,POSTGRES_DEMO,USR_0045,SES-61076,EXPORT,TABLE,drivers,XANH_TRIP_4635,VF8VNF_0014,4803,true,psql,VPN
DBE_001094,2026-01-13T06:04:28,POSTGRES_DEMO,USR_0016,SES-40500,EXPORT,TABLE,trips,XANH_TRIP_9640,VF8VNF_0025,4619,true,psql,CORP_NET
DBE_001095,2026-01-04T22:18:15,POSTGRES_DEMO,USR_0050,SES-78628,EXPORT,TABLE,user_privileges,XANH_TRIP_1536,VF8VNF_0013,2879,true,Airflow,VPN
DBE_001096,2026-01-04T10:21:43,POSTGRES_DEMO,USR_0007,SES-63435,REVOKE,TABLE,user_privileges,,,41,true,DBeaver,UNKNOWN
DBE_001097,2026-01-08T01:05:07,POSTGRES_DEMO,USR_0029,SES-37733,REVOKE,TABLE,drivers,,,12,true,DataTrustOS,UNKNOWN
DBE_001098,2026-01-01T15:08:53,POSTGRES_DEMO,USR_0054,SES-90848,SELECT,TABLE,customers,,,1441,true,psql,VPN
DBE_001099,2026-01-11T09:16:46,POSTGRES_DEMO,USR_0012,SES-85341,SELECT,TABLE,drivers,,,34,true,DataTrustOS,CORP_NET
DBE_001100,2026-01-09T02:24:33,POSTGRES_DEMO,USR_0022,SES-88110,SELECT,TABLE,trips,XANH_TRIP_8312,,948,true,psql,UNKNOWN
DBE_001101,2026-01-09T16:49:43,POSTGRES_DEMO,USR_0017,SES-47124,REVOKE,TABLE,drivers,,,49,true,DataTrustOS,UNKNOWN
DBE_001102,2026-01-09T05:01:42,POSTGRES_DEMO,USR_0052,SES-79425,GRANT,TABLE,customers,,,49,true,Airflow,CORP_NET
DBE_001103,2026-01-02T22:45:09,POSTGRES_DEMO,USR_0010,SES-47019,GRANT,TABLE,user_privileges,,,5,true,Airflow,CORP_NET
DBE_001104,2026-01-10T04:47:32,POSTGRES_DEMO,USR_0023,SES-62721,GRANT,TABLE,customers,,,19,true,DataTrustOS,CORP_NET
DBE_001105,2026-01-09T21:37:53,POSTGRES_DEMO,USR_0052,SES-38692,GRANT,TABLE,trips,,,48,true,DBeaver,UNKNOWN
DBE_001106,2026-01-03T22:50:42,POSTGRES_DEMO,USR_0017,SES-30268,REVOKE,TABLE,drivers,,,41,true,Metabase,UNKNOWN
DBE_001107,2026-01-07T02:20:40,POSTGRES_DEMO,USR_0038,SES-12454,UPDATE,TABLE,trips,XANH_TRIP_2684,VF8VNF_0030,35,true,psql,CORP_NET
DBE_001108,2026-01-15T17:48:46,POSTGRES_DEMO,USR_0016,SES-41014,SELECT,TABLE,user_privileges,XANH_TRIP_3003,,1262,true,Airflow,VPN
DBE_001109,2026-01-03T23:53:44,POSTGRES_DEMO,USR_0026,SES-80376,EXPORT,TABLE,drivers,,,932,true,Airflow,VPN
DBE_001110,2026-01-12T06:32:06,POSTGRES_DEMO,USR_0050,SES-46701,EXPORT,TABLE,user_privileges,,,919,true,DBeaver,UNKNOWN
DBE_001111,2026-01-05T16:40:10,POSTGRES_DEMO,USR_0051,SES-91017,EXPORT,TABLE,user_privileges,,,823,true,Airflow,UNKNOWN
DBE_001112,2026-01-11T21:56:40,POSTGRES_DEMO,USR_0004,SES-17016,SELECT,TABLE,trips,XANH_TRIP_2821,VF8VNF_0036,2976,true,Airflow,CORP_NET
DBE_001113,2026-01-11T18:39:53,POSTGRES_DEMO,USR_0004,SES-96892,SELECT,TABLE,trips,XANH_TRIP_8313,VF8VNF_0056,229,true,Airflow,VPN
DBE_001114,2026-01-04T23:02:33,POSTGRES_DEMO,USR_0015,SES-42099,UPDATE,TABLE,drivers,XANH_TRIP_2455,,38,true,Metabase,VPN
DBE_001115,2026-01-02T04:52:53,POSTGRES_DEMO,USR_0032,SES-96228,REVOKE,TABLE,customers,,,6,true,DataTrustOS,UNKNOWN
DBE_001116,2026-01-05T15:09:51,POSTGRES_DEMO,USR_0031,SES-69681,REVOKE,TABLE,drivers,,,16,true,Metabase,UNKNOWN
DBE_001117,2026-01-15T15:54:19,POSTGRES_DEMO,USR_0022,SES-48757,GRANT,TABLE,customers,,,29,true,Metabase,UNKNOWN
DBE_001118,2026-01-15T10:23:54,POSTGRES_DEMO,USR_0049,SES-41379,SELECT,TABLE,user_privileges,XANH_TRIP_8834,,3791,true,psql,CORP_NET
DBE_001119,2026-01-06T05:27:01,POSTGRES_DEMO,USR_0023,SES-49374,GRANT,TABLE,user_privileges,,,6,true,Airflow,CORP_NET
DBE_001120,2026-01-06T00:42:52,POSTGRES_DEMO,USR_0047,SES-95288,SELECT,TABLE,customers,XANH_TRIP_9077,VF8VNF_0060,2021,true,DBeaver,VPN
DBE_001121,2026-01-12T09:10:19,POSTGRES_DEMO,USR_0016,SES-98551,EXPORT,TABLE,customers,XANH_TRIP_2886,,1839,true,DataTrustOS,VPN
DBE_001122,2026-01-10T08:33:30,POSTGRES_DEMO,USR_0055,SES-28129,SELECT,TABLE,customers,XANH_TRIP_4332,VF8VNF_0037,2745,true,Airflow,UNKNOWN
DBE_001123,2026-01-05T05:55:22,POSTGRES_DEMO,USR_0055,SES-33609,EXPORT,TABLE,customers,XANH_TRIP_9204,VF8VNF_0006,3025,true,Airflow,VPN
DBE_001124,2026-01-15T03:37:06,POSTGRES_DEMO,USR_0036,SES-95048,SELECT,TABLE,drivers,,,1075,true,psql,UNKNOWN
DBE_001125,2026-01-11T10:39:05,POSTGRES_DEMO,USR_0030,SES-97725,SELECT,TABLE,drivers,XANH_TRIP_8697,VF8VNF_0015,4516,true,DBeaver,VPN
DBE_001126,2026-01-11T07:50:27,POSTGRES_DEMO,USR_0041,SES-52557,SELECT,TABLE,customers,,,4726,true,psql,UNKNOWN
DBE_001127,2026-01-03T19:02:34,POSTGRES_DEMO,USR_0007,SES-19532,SELECT,TABLE,trips,,,1244,true,Metabase,UNKNOWN
DBE_001128,2026-01-04T11:35:34,POSTGRES_DEMO,USR_0013,SES-70847,EXPORT,TABLE,trips,XANH_TRIP_6984,VF8VNF_0051,3425,true,Metabase,VPN
DBE_001129,2026-01-04T15:47:43,POSTGRES_DEMO,USR_0006,SES-54423,SELECT,TABLE,drivers,XANH_TRIP_3217,VF8VNF_0043,2449,true,Metabase,UNKNOWN
DBE_001130,2026-01-14T10:03:25,POSTGRES_DEMO,USR_0033,SES-26146,SELECT,TABLE,user_privileges,XANH_TRIP_5862,VF8VNF_0050,3630,true,Metabase,CORP_NET
DBE_001131,2026-01-14T12:50:49,POSTGRES_DEMO,USR_0037,SES-93194,REVOKE,TABLE,drivers,,,1,true,Airflow,UNKNOWN
DBE_001132,2026-01-06T12:39:00,POSTGRES_DEMO,USR_0043,SES-75430,UPDATE,TABLE,customers,XANH_TRIP_7646,VF8VNF_0057,30,true,psql,CORP_NET
DBE_001133,2026-01-03T01:41:47,POSTGRES_DEMO,USR_0049,SES-99744,SELECT,TABLE,customers,,,2069,true,Metabase,CORP_NET
DBE_001134,2026-01-12T11:17:11,POSTGRES_DEMO,USR_0040,SES-57992,REVOKE,TABLE,customers,,,13,true,Airflow,CORP_NET
DBE_001135,2026-01-04T13:30:53,POSTGRES_DEMO,USR_0033,SES-78873,SELECT,TABLE,drivers,XANH_TRIP_3678,VF8VNF_0039,409,true,Airflow,VPN
DBE_001136,2026-01-12T09:22:17,POSTGRES_DEMO,USR_0051,SES-38754,EXPORT,TABLE,drivers,,,4489,true,psql,CORP_NET
DBE_001137,2026-01-07T04:14:07,POSTGRES_DEMO,USR_0055,SES-22230,UPDATE,TABLE,drivers,XANH_TRIP_9302,VF8VNF_0006,24,true,DataTrustOS,VPN
DBE_001138,2026-01-05T00:09:22,POSTGRES_DEMO,USR_0040,SES-34287,SELECT,TABLE,trips,,,2585,true,DataTrustOS,VPN
DBE_001139,2026-01-09T23:52:16,POSTGRES_DEMO,USR_0056,SES-66943,SELECT,TABLE,user_privileges,,,363,true,Airflow,CORP_NET
DBE_001140,2026-01-15T10:18:28,POSTGRES_DEMO,USR_0003,SES-47562,REVOKE,TABLE,customers,,,39,true,Metabase,CORP_NET
DBE_001141,2026-01-11T02:41:53,POSTGRES_DEMO,USR_0036,SES-54802,UPDATE,TABLE,trips,XANH_TRIP_8106,,27,true,Metabase,UNKNOWN
DBE_001142,2026-01-05T06:31:59,POSTGRES_DEMO,USR_0041,SES-63806,REVOKE,TABLE,trips,,,44,true,psql,CORP_NET
DBE_001143,2026-01-14T09:01:33,POSTGRES_DEMO,USR_0043,SES-29718,SELECT,TABLE,drivers,XANH_TRIP_9233,,2790,true,DataTrustOS,CORP_NET
DBE_001144,2026-01-15T13:01:11,POSTGRES_DEMO,USR_0021,SES-13889,REVOKE,TABLE,trips,,,10,true,psql,CORP_NET
DBE_001145,2026-01-06T07:58:04,POSTGRES_DEMO,USR_0017,SES-84406,REVOKE,TABLE,customers,,,6,true,psql,VPN
DBE_001146,2026-01-12T03:42:23,POSTGRES_DEMO,USR_0041,SES-89679,SELECT,TABLE,trips,XANH_TRIP_8661,VF8VNF_0004,4125,false,Airflow,CORP_NET
DBE_001147,2026-01-03T13:46:34,POSTGRES_DEMO,USR_0031,SES-51327,REVOKE,TABLE,trips,,,20,true,DataTrustOS,VPN
DBE_001148,2026-01-04T23:38:21,POSTGRES_DEMO,USR_0004,SES-45380,REVOKE,TABLE,user_privileges,,,24,true,Airflow,CORP_NET
DBE_001149,2026-01-01T12:46:30,POSTGRES_DEMO,USR_0053,SES-80553,REVOKE,TABLE,trips,,,12,true,DataTrustOS,VPN
DBE_001150,2026-01-02T00:17:46,POSTGRES_DEMO,USR_0053,SES-60846,REVOKE,TABLE,trips,,,1,true,Metabase,VPN
DBE_001151,2026-01-06T18:48:24,POSTGRES_DEMO,USR_0016,SES-65298,EXPORT,TABLE,trips,XANH_TRIP_7630,,735,true,Airflow,VPN
DBE_001152,2026-01-11T03:05:11,POSTGRES_DEMO,USR_0052,SES-67192,SELECT,TABLE,customers,,,1061,true,Airflow,CORP_NET
DBE_001153,2026-01-04T21:51:14,POSTGRES_DEMO,USR_0060,SES-38147,GRANT,TABLE,drivers,,,46,true,DataTrustOS,CORP_NET
DBE_001154,2026-01-09T01:47:28,POSTGRES_DEMO,USR_0050,SES-10693,SELECT,TABLE,customers,XANH_TRIP_1306,VF8VNF_0040,3749,false,DBeaver,VPN
DBE_001155,2026-01-04T15:41:13,POSTGRES_DEMO,USR_0007,SES-31776,REVOKE,TABLE,user_privileges,,,41,true,Metabase,UNKNOWN
DBE_001156,2026-01-09T03:09:20,POSTGRES_DEMO,USR_0037,SES-75980,EXPORT,TABLE,drivers,XANH_TRIP_8466,,2034,true,Metabase,CORP_NET
DBE_001157,2026-01-08T15:41:10,POSTGRES_DEMO,USR_0053,SES-33563,EXPORT,TABLE,customers,XANH_TRIP_4348,VF8VNF_0008,2588,true,psql,VPN
DBE_001158,2026-01-08T22:47:10,POSTGRES_DEMO,USR_0042,SES-53817,SELECT,TABLE,user_privileges,XANH_TRIP_5221,VF8VNF_0052,3100,true,Metabase,UNKNOWN
DBE_001159,2026-01-06T12:41:33,POSTGRES_DEMO,USR_0014,SES-68143,SELECT,TABLE,trips,XANH_TRIP_8772,,2875,true,DBeaver,UNKNOWN
DBE_001160,2026-01-08T03:51:26,POSTGRES_DEMO,USR_0035,SES-18536,EXPORT,TABLE,customers,XANH_TRIP_8287,VF8VNF_0050,2412,true,Airflow,UNKNOWN
DBE_001161,2026-01-08T14:26:21,POSTGRES_DEMO,USR_0013,SES-93431,REVOKE,TABLE,user_privileges,,,41,true,DBeaver,UNKNOWN
DBE_001162,2026-01-07T00:32:05,POSTGRES_DEMO,USR_0053,SES-76464,GRANT,TABLE,customers,,,46,true,Airflow,CORP_NET
DBE_001163,2026-01-05T09:18:05,POSTGRES_DEMO,USR_0060,SES-36027,SELECT,TABLE,customers,,,4329,true,DBeaver,VPN
DBE_001164,2026-01-09T21:28:45,POSTGRES_DEMO,USR_0053,SES-56341,REVOKE,TABLE,user_privileges,,,22,true,Metabase,UNKNOWN
DBE_001165,2026-01-05T12:35:35,POSTGRES_DEMO,USR_0015,SES-87350,GRANT,TABLE,drivers,,,18,true,DBeaver,CORP_NET
DBE_001166,2026-01-13T15:39:22,POSTGRES_DEMO,USR_0005,SES-62361,SELECT,TABLE,customers,XANH_TRIP_4406,,2831,true,psql,CORP_NET
DBE_001167,2026-01-01T21:10:50,POSTGRES_DEMO,USR_0028,SES-52509,SELECT,TABLE,drivers,XANH_TRIP_2395,VF8VNF_0059,1360,true,DataTrustOS,VPN
DBE_001168,2026-01-13T22:59:51,POSTGRES_DEMO,USR_0059,SES-95149,EXPORT,TABLE,drivers,XANH_TRIP_7179,VF8VNF_0047,4036,true,psql,VPN
DBE_001169,2026-01-08T02:28:51,POSTGRES_DEMO,USR_0013,SES-90263,UPDATE,TABLE,trips,,,13,true,Metabase,VPN
DBE_001170,2026-01-15T10:56:41,POSTGRES_DEMO,USR_0051,SES-92566,EXPORT,TABLE,user_privileges,XANH_TRIP_7579,VF8VNF_0007,2995,true,Metabase,VPN
DBE_001171,2026-01-11T09:54:17,POSTGRES_DEMO,USR_0052,SES-10596,SELECT,TABLE,customers,XANH_TRIP_3827,,3921,true,psql,VPN
DBE_001172,2026-01-13T01:30:51,POSTGRES_DEMO,USR_0015,SES-60949,SELECT,TABLE,trips,XANH_TRIP_4849,VF8VNF_0015,1859,true,DBeaver,UNKNOWN
DBE_001173,2026-01-14T09:27:03,POSTGRES_DEMO,USR_0021,SES-14999,SELECT,TABLE,drivers,XANH_TRIP_3892,VF8VNF_0043,304,true,Airflow,VPN
DBE_001174,2026-01-10T03:06:18,POSTGRES_DEMO,USR_0048,SES-42942,SELECT,TABLE,trips,,,4820,true,psql,UNKNOWN
DBE_001175,2026-01-15T17:42:33,POSTGRES_DEMO,USR_0047,SES-44522,UPDATE,TABLE,drivers,,,17,true,DBeaver,VPN
DBE_001176,2026-01-07T22:23:13,POSTGRES_DEMO,USR_0028,SES-30859,EXPORT,TABLE,user_privileges,XANH_TRIP_4057,VF8VNF_0006,2414,true,Metabase,CORP_NET
DBE_001177,2026-01-02T16:38:37,POSTGRES_DEMO,USR_0036,SES-93116,SELECT,TABLE,customers,XANH_TRIP_0032,VF8VNF_0038,4026,true,DataTrustOS,CORP_NET
DBE_001178,2026-01-09T11:16:41,POSTGRES_DEMO,USR_0033,SES-68747,EXPORT,TABLE,drivers,XANH_TRIP_5237,VF8VNF_0039,2525,true,DataTrustOS,UNKNOWN
DBE_001179,2026-01-08T21:05:36,POSTGRES_DEMO,USR_0045,SES-43635,EXPORT,TABLE,customers,XANH_TRIP_4518,VF8VNF_0022,1457,true,DataTrustOS,VPN
DBE_001180,2026-01-07T15:25:26,POSTGRES_DEMO,USR_0028,SES-27515,UPDATE,TABLE,customers,,,10,true,Metabase,CORP_NET
DBE_001181,2026-01-14T06:32:33,POSTGRES_DEMO,USR_0050,SES-78671,UPDATE,TABLE,drivers,XANH_TRIP_0767,VF8VNF_0006,49,true,DataTrustOS,VPN
DBE_001182,2026-01-12T04:54:19,POSTGRES_DEMO,USR_0017,SES-83380,GRANT,TABLE,customers,,,34,true,DataTrustOS,VPN
DBE_001183,2026-01-10T05:58:06,POSTGRES_DEMO,USR_0050,SES-68098,SELECT,TABLE,user_privileges,XANH_TRIP_2155,VF8VNF_0037,3297,true,Metabase,CORP_NET
DBE_001184,2026-01-10T13:15:59,POSTGRES_DEMO,USR_0020,SES-75537,SELECT,TABLE,trips,,,53,true,DBeaver,CORP_NET
DBE_001185,2026-01-01T10:37:33,POSTGRES_DEMO,USR_0042,SES-75237,SELECT,TABLE,user_privileges,XANH_TRIP_3803,VF8VNF_0050,1505,true,Airflow,VPN
DBE_001186,2026-01-01T15:05:51,POSTGRES_DEMO,USR_0056,SES-80908,GRANT,TABLE,drivers,,,49,true,Airflow,VPN
DBE_001187,2026-01-06T01:15:39,POSTGRES_DEMO,USR_0035,SES-97204,REVOKE,TABLE,customers,,,26,true,DataTrustOS,VPN
DBE_001188,2026-01-15T10:55:18,POSTGRES_DEMO,USR_0020,SES-74024,SELECT,TABLE,customers,,,1273,true,psql,UNKNOWN
DBE_001189,2026-01-07T23:26:27,POSTGRES_DEMO,USR_0035,SES-73755,SELECT,TABLE,drivers,XANH_TRIP_6331,VF8VNF_0015,4753,true,Metabase,CORP_NET
DBE_001190,2026-01-14T21:50:57,POSTGRES_DEMO,USR_0060,SES-27915,GRANT,TABLE,customers,,,9,true,Metabase,CORP_NET
DBE_001191,2026-01-05T18:32:05,POSTGRES_DEMO,USR_0011,SES-87341,GRANT,TABLE,customers,,,26,true,Metabase,VPN
DBE_001192,2026-01-06T14:31:36,POSTGRES_DEMO,USR_0045,SES-38195,SELECT,TABLE,trips,XANH_TRIP_1586,,440,true,psql,UNKNOWN
DBE_001193,2026-01-14T22:13:04,POSTGRES_DEMO,USR_0003,SES-73706,EXPORT,TABLE,drivers,XANH_TRIP_10239,VF8VNF_0035,2668,true,psql,CORP_NET
DBE_001194,2026-01-08T07:27:18,POSTGRES_DEMO,USR_0008,SES-79376,EXPORT,TABLE,drivers,XANH_TRIP_7119,VF8VNF_0023,1159,true,Airflow,UNKNOWN
DBE_001195,2026-01-15T12:37:54,POSTGRES_DEMO,USR_0001,SES-41446,SELECT,TABLE,customers,XANH_TRIP_7734,VF8VNF_0059,2481,true,Airflow,UNKNOWN
DBE_001196,2026-01-06T21:32:14,POSTGRES_DEMO,USR_0052,SES-73775,SELECT,TABLE,user_privileges,XANH_TRIP_10132,VF8VNF_0058,4960,true,DataTrustOS,VPN
DBE_001197,2026-01-09T07:13:56,POSTGRES_DEMO,USR_0040,SES-55283,EXPORT,TABLE,trips,XANH_TRIP_4156,VF8VNF_0032,4277,true,Airflow,UNKNOWN
DBE_001198,2026-01-04T13:53:54,POSTGRES_DEMO,USR_0013,SES-53132,UPDATE,TABLE,trips,,,14,true,psql,VPN
DBE_001199,2026-01-13T22:15:59,POSTGRES_DEMO,USR_0004,SES-66645,REVOKE,TABLE,drivers,,,7,true,DataTrustOS,CORP_NET
DBE_001200,2026-01-11T18:13:32,POSTGRES_DEMO,USR_0048,SES-75843,UPDATE,TABLE,drivers,XANH_TRIP_1967,,10,true,DataTrustOS,CORP_NET
